class,dominant_frequency
F,1.440746887966805
N,2.3306199658286553
O,0.508498901635343
S,3.6018672199170125
Z,0.3813741762265072
