Metric,Value
Accuracy,0.9
Precision,0.9015311004784688
Recall,0.9
F1,0.9001465201465202
Cohen_Kappa,0.875
MCC,0.8753283096857447
ROC_AUC,0.984375
