Metric,Value
Accuracy,0.87
Precision,0.8742583732057415
Recall,0.8699999999999999
F1,0.8715750915750915
Cohen_Kappa,0.8375
MCC,0.8378142392706414
ROC_AUC,0.9855
