Metric,Value
Accuracy,0.85
Precision,0.8546411483253588
Recall,0.85
F1,0.8517948717948718
Cohen_Kappa,0.8125
MCC,0.8128048589939059
ROC_AUC,0.9793749999999999
