,count,mean,std,min,25%,50%,75%,max
mean,500.0,-7.721219428850378,26.238780643906907,-76.35025628508664,-18.261959970710276,-5.285086648767391,6.058762509153039,57.545277031974614
std,500.0,104.96828976810113,124.1577841005544,18.60694545336107,41.582288432114005,53.8338578392885,94.48452409658745,612.5505061785451
min,500.0,-354.538,383.3447729994137,-1885.0,-322.5,-212.0,-158.75,-46.0
max,500.0,337.588,375.5459863074872,-25.0,136.75,193.0,313.25,2047.0
