Wavelet,RMSE,Energy Retained,Runtime (sec)
db2,62.381791181383456,0.8847151985714964,0.0010366439819335938
db4,25.57726061134642,0.9547546959434965,0.00044274330139160156
sym4,26.622811979134767,0.9528247349508248,0.0003864765167236328
coif3,19.012167159264198,0.9685542732570319,0.0004918575286865234
