Metric,Value
Accuracy,0.88
Precision,0.8828571428571429
Recall,0.8800000000000001
F1,0.881213258286429
Cohen_Kappa,0.85
MCC,0.8501062699260263
ROC_AUC,0.984625
