patient_id,recording_id,cohort_split,window_idx,start_sec,end_sec,raw_probability,smoothed_probability,binary_prediction,ground_truth,seizure_event_id
PN00,PN00/PN00-1.edf,CALIBRATION,0,0.0,5.0,0.2848132252693176,0.200692077477773,0,0,None
PN00,PN00/PN00-1.edf,CALIBRATION,1,2.5,7.5,0.31726300716400146,0.28823361794153846,0,0,None
PN00,PN00/PN00-1.edf,CALIBRATION,2,5.0,10.0,0.2626246213912964,0.2602154066165288,0,0,None
PN00,PN00/PN00-1.edf,CALIBRATION,3,7.5,12.5,0.20075859129428864,0.21403863032658893,0,0,None
PN00,PN00/PN00-1.edf,CALIBRATION,4,10.0,15.0,0.17873267829418182,0.1826511075099309,0,0,None
PN00,PN00/PN00-1.edf,CALIBRATION,5,12.5,17.5,0.16846205294132233,0.1699943244457245,0,0,None
PN00,PN00/PN00-1.edf,CALIBRATION,6,15.0,20.0,0.1627882421016693,0.16660125056902567,0,0,None
PN00,PN00/PN00-1.edf,CALIBRATION,7,17.5,22.5,0.1685534566640854,0.17042377591133118,0,0,None
PN00,PN00/PN00-1.edf,CALIBRATION,8,20.0,25.0,0.17992962896823883,0.17651420334974924,0,0,None
PN00,PN00/PN00-1.edf,CALIBRATION,9,22.5,27.5,0.18105952441692352,0.1867642303307851,0,0,None
PN00,PN00/PN00-1.edf,CALIBRATION,10,25.0,30.0,0.199303537607193,0.20076786975065866,0,0,None
PN00,PN00/PN00-1.edf,CALIBRATION,11,27.5,32.5,0.2219405472278595,0.21487751106421152,0,0,None
PN00,PN00/PN00-1.edf,CALIBRATION,12,30.0,35.0,0.2233884483575821,0.21695013840993244,0,0,None
PN00,PN00/PN00-1.edf,CALIBRATION,13,32.5,37.5,0.20552141964435577,0.20590029160181678,0,0,None
PN00,PN00/PN00-1.edf,CALIBRATION,14,35.0,40.0,0.18879100680351257,0.19087903201580048,0,0,None
PN00,PN00/PN00-1.edf,CALIBRATION,15,37.5,42.5,0.17832466959953308,0.18529691795508066,0,0,None
PN00,PN00/PN00-1.edf,CALIBRATION,16,40.0,45.0,0.18877507746219635,0.1927897681792577,0,0,None
PN00,PN00/PN00-1.edf,CALIBRATION,17,42.5,47.5,0.2112695574760437,0.2029950718084971,0,0,None
PN00,PN00/PN00-1.edf,CALIBRATION,18,45.0,50.0,0.20894058048725128,0.2056278238693873,0,0,None
PN00,PN00/PN00-1.edf,CALIBRATION,19,47.5,52.5,0.19667333364486694,0.19632327059904733,0,0,None
PN00,PN00/PN00-1.edf,CALIBRATION,20,50.0,55.0,0.1833558976650238,0.1849396973848343,0,0,None
PN00,PN00/PN00-1.edf,CALIBRATION,21,52.5,57.5,0.17478986084461212,0.1890100340048472,0,0,None
PN00,PN00/PN00-1.edf,CALIBRATION,22,55.0,60.0,0.2088843435049057,0.1986138621966044,0,0,None
PN00,PN00/PN00-1.edf,CALIBRATION,23,57.5,62.5,0.2121673822402954,0.2018582671880722,0,0,None
PN00,PN00/PN00-1.edf,CALIBRATION,24,60.0,65.0,0.1845230758190155,0.19018244743347165,0,0,None
PN00,PN00/PN00-1.edf,CALIBRATION,25,62.5,67.5,0.17385688424110413,0.1700849284728368,0,0,None
PN00,PN00/PN00-1.edf,CALIBRATION,26,65.0,70.0,0.1518748253583908,0.15834716459115344,0,0,None
PN00,PN00/PN00-1.edf,CALIBRATION,27,67.5,72.5,0.14930978417396545,0.1507772902647654,0,0,None
PN00,PN00/PN00-1.edf,CALIBRATION,28,70.0,75.0,0.15114726126194,0.15024405221144357,0,0,None
PN00,PN00/PN00-1.edf,CALIBRATION,29,72.5,77.5,0.1502751111984253,0.1546183129151662,0,0,None
PN00,PN00/PN00-1.edf,CALIBRATION,30,75.0,80.0,0.16243256628513336,0.16567343473434448,0,0,None
PN00,PN00/PN00-1.edf,CALIBRATION,31,77.5,82.5,0.1843126267194748,0.19209324320157367,0,0,None
PN00,PN00/PN00-1.edf,CALIBRATION,32,80.0,85.0,0.22953453660011292,0.21509459118048346,0,0,None
PN00,PN00/PN00-1.edf,CALIBRATION,33,82.5,87.5,0.2314366102218628,0.22856167952219644,0,0,None
PN00,PN00/PN00-1.edf,CALIBRATION,34,85.0,90.0,0.22471389174461365,0.21301062901814777,0,0,None
PN00,PN00/PN00-1.edf,CALIBRATION,35,87.5,92.5,0.18288138508796692,0.17998756965001422,0,0,None
PN00,PN00/PN00-1.edf,CALIBRATION,36,90.0,95.0,0.13236743211746216,0.14040178060531616,0,0,None
PN00,PN00/PN00-1.edf,CALIBRATION,37,92.5,97.5,0.10595652461051941,0.11329921583334604,0,0,None
PN00,PN00/PN00-1.edf,CALIBRATION,38,95.0,100.0,0.10157369077205658,0.10220467795928319,0,0,None
PN00,PN00/PN00-1.edf,CALIBRATION,39,97.5,102.5,0.09908381849527359,0.09965808192888895,0,0,None
PN00,PN00/PN00-1.edf,CALIBRATION,40,100.0,105.0,0.0983167365193367,0.10338436315457025,0,0,None
PN00,PN00/PN00-1.edf,CALIBRATION,41,102.5,107.5,0.1127525344491005,0.11549497644106546,0,0,None
PN00,PN00/PN00-1.edf,CALIBRATION,42,105.0,110.0,0.13541565835475922,0.12940344959497452,0,0,None
PN00,PN00/PN00-1.edf,CALIBRATION,43,107.5,112.5,0.14004215598106384,0.1405649185180664,0,0,None
PN00,PN00/PN00-1.edf,CALIBRATION,44,110.0,115.0,0.14623694121837616,0.14729265868663788,0,0,None
PN00,PN00/PN00-1.edf,CALIBRATION,45,112.5,117.5,0.15559887886047363,0.1719671736160914,0,0,None
PN00,PN00/PN00-1.edf,CALIBRATION,46,115.0,120.0,0.21406570076942444,0.2183687686920166,0,0,None
PN00,PN00/PN00-1.edf,CALIBRATION,47,117.5,122.5,0.28544172644615173,0.24490736921628314,0,0,None
PN00,PN00/PN00-1.edf,CALIBRATION,48,120.0,125.0,0.23521468043327332,0.23813177645206451,0,0,None
PN00,PN00/PN00-1.edf,CALIBRATION,49,122.5,127.5,0.1937389224767685,0.20319530367851257,0,0,None
PN00,PN00/PN00-1.edf,CALIBRATION,50,125.0,130.0,0.1806323081254959,0.18000588317712146,0,0,None
PN00,PN00/PN00-1.edf,CALIBRATION,51,127.5,132.5,0.16564641892910004,0.16705596446990967,0,0,None
PN00,PN00/PN00-1.edf,CALIBRATION,52,130.0,135.0,0.15488916635513306,0.15682892004648843,0,0,None
PN00,PN00/PN00-1.edf,CALIBRATION,53,132.5,137.5,0.14995117485523224,0.15023833016554514,0,0,None
PN00,PN00/PN00-1.edf,CALIBRATION,54,135.0,140.0,0.14587464928627014,0.13853578517834345,0,0,None
PN00,PN00/PN00-1.edf,CALIBRATION,55,137.5,142.5,0.11978153139352798,0.12629308054844537,0,0,None
PN00,PN00/PN00-1.edf,CALIBRATION,56,140.0,145.0,0.11322306096553802,0.11462572465340296,0,0,None
PN00,PN00/PN00-1.edf,CALIBRATION,57,142.5,147.5,0.11087258160114288,0.11460366845130919,0,0,None
PN00,PN00/PN00-1.edf,CALIBRATION,58,145.0,150.0,0.1197153627872467,0.11820638676484425,0,0,None
PN00,PN00/PN00-1.edf,CALIBRATION,59,147.5,152.5,0.12403121590614319,0.12327539424101511,0,0,None
PN00,PN00/PN00-1.edf,CALIBRATION,60,150.0,155.0,0.12607960402965546,0.12640351553757984,0,0,None
PN00,PN00/PN00-1.edf,CALIBRATION,61,152.5,157.5,0.12909972667694092,0.1343753139177958,0,0,None
PN00,PN00/PN00-1.edf,CALIBRATION,62,155.0,160.0,0.14794661104679108,0.1458768496910731,0,0,None
PN00,PN00/PN00-1.edf,CALIBRATION,63,157.5,162.5,0.1605842113494873,0.15601124862829843,0,0,None
PN00,PN00/PN00-1.edf,CALIBRATION,64,160.0,165.0,0.15950292348861694,0.16105240086714426,0,0,None
PN00,PN00/PN00-1.edf,CALIBRATION,65,162.5,167.5,0.16307006776332855,0.16222370664278665,0,0,None
PN00,PN00/PN00-1.edf,CALIBRATION,66,165.0,170.0,0.1640981286764145,0.16555825372536975,0,0,None
PN00,PN00/PN00-1.edf,CALIBRATION,67,167.5,172.5,0.16950656473636627,0.17005084951718646,0,0,None
PN00,PN00/PN00-1.edf,CALIBRATION,68,170.0,175.0,0.1765478551387787,0.1729712039232254,0,0,None
PN00,PN00/PN00-1.edf,CALIBRATION,69,172.5,177.5,0.17285919189453125,0.17038368682066599,0,0,None
PN00,PN00/PN00-1.edf,CALIBRATION,70,175.0,180.0,0.16174401342868805,0.1638486236333847,0,0,None
PN00,PN00/PN00-1.edf,CALIBRATION,71,177.5,182.5,0.15694266557693481,0.15888822078704834,0,0,None
PN00,PN00/PN00-1.edf,CALIBRATION,72,180.0,185.0,0.15797798335552216,0.16049863894780475,0,0,None
PN00,PN00/PN00-1.edf,CALIBRATION,73,182.5,187.5,0.16657526791095734,0.16140792270501453,0,0,None
PN00,PN00/PN00-1.edf,CALIBRATION,74,185.0,190.0,0.15967051684856415,0.15947528680165607,0,0,None
PN00,PN00/PN00-1.edf,CALIBRATION,75,187.5,192.5,0.15218007564544678,0.15527180830637613,0,0,None
PN00,PN00/PN00-1.edf,CALIBRATION,76,190.0,195.0,0.1539648324251175,0.15284213920434314,0,0,None
PN00,PN00/PN00-1.edf,CALIBRATION,77,192.5,197.5,0.1523815095424652,0.15259852508703867,0,0,None
PN00,PN00/PN00-1.edf,CALIBRATION,78,195.0,200.0,0.15144923329353333,0.15210163593292236,0,0,None
PN00,PN00/PN00-1.edf,CALIBRATION,79,197.5,202.5,0.15247416496276855,0.14847339689731598,0,0,None
PN00,PN00/PN00-1.edf,CALIBRATION,80,200.0,205.0,0.14149679243564606,0.14395609994729358,0,0,None
PN00,PN00/PN00-1.edf,CALIBRATION,81,202.5,207.5,0.1378973424434662,0.1406821608543396,0,0,None
PN00,PN00/PN00-1.edf,CALIBRATION,82,205.0,210.0,0.14265234768390656,0.14622870584328967,0,0,None
PN00,PN00/PN00-1.edf,CALIBRATION,83,207.5,212.5,0.15813642740249634,0.15035877128442127,0,0,None
PN00,PN00/PN00-1.edf,CALIBRATION,84,210.0,215.0,0.15028753876686096,0.1503374675909678,0,0,None
PN00,PN00/PN00-1.edf,CALIBRATION,85,212.5,217.5,0.14258843660354614,0.14350501696268717,0,0,None
PN00,PN00/PN00-1.edf,CALIBRATION,86,215.0,220.0,0.13763907551765442,0.14208456377188364,0,0,None
PN00,PN00/PN00-1.edf,CALIBRATION,87,217.5,222.5,0.14602617919445038,0.14635637402534485,0,0,None
PN00,PN00/PN00-1.edf,CALIBRATION,88,220.0,225.0,0.15540386736392975,0.15545715391635895,0,0,None
PN00,PN00/PN00-1.edf,CALIBRATION,89,222.5,227.5,0.16494141519069672,0.1642236163218816,0,0,None
PN00,PN00/PN00-1.edf,CALIBRATION,90,225.0,230.0,0.17232556641101837,0.16739810009797412,0,0,None
PN00,PN00/PN00-1.edf,CALIBRATION,91,227.5,232.5,0.16492731869220734,0.1648019552230835,0,0,None
PN00,PN00/PN00-1.edf,CALIBRATION,92,230.0,235.0,0.15715298056602478,0.1565275688966115,0,0,None
PN00,PN00/PN00-1.edf,CALIBRATION,93,232.5,237.5,0.14750240743160248,0.14990395307540894,0,0,None
PN00,PN00/PN00-1.edf,CALIBRATION,94,235.0,240.0,0.14505647122859955,0.1470423936843872,0,0,None
PN00,PN00/PN00-1.edf,CALIBRATION,95,237.5,242.5,0.1485683023929596,0.14898614088694254,0,0,None
PN00,PN00/PN00-1.edf,CALIBRATION,96,240.0,245.0,0.1533336490392685,0.14938252170880634,0,0,None
PN00,PN00/PN00-1.edf,CALIBRATION,97,242.5,247.5,0.14624561369419098,0.14510398109753925,0,0,None
PN00,PN00/PN00-1.edf,CALIBRATION,98,245.0,250.0,0.13573268055915833,0.1391192227602005,0,0,None
PN00,PN00/PN00-1.edf,CALIBRATION,99,247.5,252.5,0.1353793740272522,0.1383741150299708,0,0,None
PN00,PN00/PN00-1.edf,CALIBRATION,100,250.0,255.0,0.1440102905035019,0.14274981121222177,0,0,None
PN00,PN00/PN00-1.edf,CALIBRATION,101,252.5,257.5,0.14885976910591125,0.14742654065291086,0,0,None
PN00,PN00/PN00-1.edf,CALIBRATION,102,255.0,260.0,0.14940956234931946,0.1501200944185257,0,0,None
PN00,PN00/PN00-1.edf,CALIBRATION,103,257.5,262.5,0.15209095180034637,0.1547391414642334,0,0,None
PN00,PN00/PN00-1.edf,CALIBRATION,104,260.0,265.0,0.16271691024303436,0.15969940523306528,0,0,None
PN00,PN00/PN00-1.edf,CALIBRATION,105,262.5,267.5,0.16429035365581512,0.16229985654354095,0,0,None
PN00,PN00/PN00-1.edf,CALIBRATION,106,265.0,270.0,0.15989230573177338,0.1570285509030024,0,0,None
PN00,PN00/PN00-1.edf,CALIBRATION,107,267.5,272.5,0.14690299332141876,0.14708906412124634,0,0,None
PN00,PN00/PN00-1.edf,CALIBRATION,108,270.0,275.0,0.13447189331054688,0.13870819409688312,0,0,None
PN00,PN00/PN00-1.edf,CALIBRATION,109,272.5,277.5,0.13474969565868378,0.13612155616283417,0,0,None
PN00,PN00/PN00-1.edf,CALIBRATION,110,275.0,280.0,0.13914307951927185,0.1405293842156728,0,0,None
PN00,PN00/PN00-1.edf,CALIBRATION,111,277.5,282.5,0.1476953774690628,0.14497929314772287,0,0,None
PN00,PN00/PN00-1.edf,CALIBRATION,112,280.0,285.0,0.14809942245483398,0.14754529794057208,0,0,None
PN00,PN00/PN00-1.edf,CALIBRATION,113,282.5,287.5,0.14684109389781952,0.14940375089645386,0,0,None
PN00,PN00/PN00-1.edf,CALIBRATION,114,285.0,290.0,0.15327073633670807,0.15174973507722217,0,0,None
PN00,PN00/PN00-1.edf,CALIBRATION,115,287.5,292.5,0.15513737499713898,0.1544920156399409,0,0,None
PN00,PN00/PN00-1.edf,CALIBRATION,116,290.0,295.0,0.15506793558597565,0.1549244076013565,0,0,None
PN00,PN00/PN00-1.edf,CALIBRATION,117,292.5,297.5,0.1545679122209549,0.15424926578998566,0,0,None
PN00,PN00/PN00-1.edf,CALIBRATION,118,295.0,300.0,0.15311194956302643,0.15490952630837757,0,0,None
PN00,PN00/PN00-1.edf,CALIBRATION,119,297.5,302.5,0.15704871714115143,0.1556183248758316,0,0,None
PN00,PN00/PN00-1.edf,CALIBRATION,120,300.0,305.0,0.15669430792331696,0.15641486644744873,0,0,None
PN00,PN00/PN00-1.edf,CALIBRATION,121,302.5,307.5,0.1555015742778778,0.1562207092841466,0,0,None
PN00,PN00/PN00-1.edf,CALIBRATION,122,305.0,310.0,0.15646624565124512,0.15868687629699707,0,0,None
PN00,PN00/PN00-1.edf,CALIBRATION,123,307.5,312.5,0.1640928089618683,0.16263969739278156,0,0,None
PN00,PN00/PN00-1.edf,CALIBRATION,124,310.0,315.0,0.16736003756523132,0.16501540442307788,0,0,None
PN00,PN00/PN00-1.edf,CALIBRATION,125,312.5,317.5,0.1635933667421341,0.16405905286471048,0,0,None
PN00,PN00/PN00-1.edf,CALIBRATION,126,315.0,320.0,0.16122375428676605,0.16403799255688983,0,0,None
PN00,PN00/PN00-1.edf,CALIBRATION,127,317.5,322.5,0.1672968566417694,0.1656438559293747,0,0,None
PN00,PN00/PN00-1.edf,CALIBRATION,128,320.0,325.0,0.16841095685958862,0.16796187063058216,0,0,None
PN00,PN00/PN00-1.edf,CALIBRATION,129,322.5,327.5,0.1681777983903885,0.17965076863765717,0,0,None
PN00,PN00/PN00-1.edf,CALIBRATION,130,325.0,330.0,0.20236355066299438,0.20617984235286713,0,0,None
PN00,PN00/PN00-1.edf,CALIBRATION,131,327.5,332.5,0.2479981780052185,0.2295133123795191,0,0,None
PN00,PN00/PN00-1.edf,CALIBRATION,132,330.0,335.0,0.23817820847034454,0.23012080291906992,0,0,None
PN00,PN00/PN00-1.edf,CALIBRATION,133,332.5,337.5,0.20418602228164673,0.20779864490032193,0,0,None
PN00,PN00/PN00-1.edf,CALIBRATION,134,335.0,340.0,0.1810317039489746,0.1853471646706263,0,0,None
PN00,PN00/PN00-1.edf,CALIBRATION,135,337.5,342.5,0.17082376778125763,0.1729599932829539,0,0,None
PN00,PN00/PN00-1.edf,CALIBRATION,136,340.0,345.0,0.16702450811862946,0.16465900838375092,0,0,None
PN00,PN00/PN00-1.edf,CALIBRATION,137,342.5,347.5,0.15612874925136566,0.16033263007799783,0,0,None
PN00,PN00/PN00-1.edf,CALIBRATION,138,345.0,350.0,0.1578446328639984,0.16028205056985217,0,0,None
PN00,PN00/PN00-1.edf,CALIBRATION,139,347.5,352.5,0.1668727695941925,0.160824716091156,0,0,None
PN00,PN00/PN00-1.edf,CALIBRATION,140,350.0,355.0,0.1577567458152771,0.1620652178923289,0,0,None
PN00,PN00/PN00-1.edf,CALIBRATION,141,352.5,357.5,0.1615661382675171,0.16153436402479807,0,0,None
PN00,PN00/PN00-1.edf,CALIBRATION,142,355.0,360.0,0.16528020799160004,0.16539938747882843,0,0,None
PN00,PN00/PN00-1.edf,CALIBRATION,143,357.5,362.5,0.16935181617736816,0.16944701969623566,0,0,None
PN00,PN00/PN00-1.edf,CALIBRATION,144,360.0,365.0,0.17370903491973877,0.1713164101044337,0,0,None
PN00,PN00/PN00-1.edf,CALIBRATION,145,362.5,367.5,0.17088837921619415,0.17285878459612528,0,0,None
PN00,PN00/PN00-1.edf,CALIBRATION,146,365.0,370.0,0.17397893965244293,0.1736200898885727,0,0,None
PN00,PN00/PN00-1.edf,CALIBRATION,147,367.5,372.5,0.175992950797081,0.17512886226177216,0,0,None
PN00,PN00/PN00-1.edf,CALIBRATION,148,370.0,375.0,0.17541469633579254,0.17730239530404407,0,0,None
PN00,PN00/PN00-1.edf,CALIBRATION,149,372.5,377.5,0.18049953877925873,0.17805795868237811,0,0,None
PN00,PN00/PN00-1.edf,CALIBRATION,150,375.0,380.0,0.17825964093208313,0.17711115876833597,0,0,None
PN00,PN00/PN00-1.edf,CALIBRATION,151,377.5,382.5,0.17257429659366608,0.17242106795310974,0,0,None
PN00,PN00/PN00-1.edf,CALIBRATION,152,380.0,385.0,0.16642926633358002,0.16880434254805246,0,0,None
PN00,PN00/PN00-1.edf,CALIBRATION,153,382.5,387.5,0.16740946471691132,0.16831542054812113,0,0,None
PN00,PN00/PN00-1.edf,CALIBRATION,154,385.0,390.0,0.17110753059387207,0.17021596431732178,0,0,None
PN00,PN00/PN00-1.edf,CALIBRATION,155,387.5,392.5,0.17213089764118195,0.17183826367060342,0,0,None
PN00,PN00/PN00-1.edf,CALIBRATION,156,390.0,395.0,0.1722763627767563,0.1709693322579066,0,0,None
PN00,PN00/PN00-1.edf,CALIBRATION,157,392.5,397.5,0.16850073635578156,0.1678827852010727,0,0,None
PN00,PN00/PN00-1.edf,CALIBRATION,158,395.0,400.0,0.16287125647068024,0.16304531196753183,0,0,None
PN00,PN00/PN00-1.edf,CALIBRATION,159,397.5,402.5,0.15776394307613373,0.15897981325785318,0,0,None
PN00,PN00/PN00-1.edf,CALIBRATION,160,400.0,405.0,0.1563042402267456,0.15979315837224323,0,0,None
PN00,PN00/PN00-1.edf,CALIBRATION,161,402.5,407.5,0.1653112918138504,0.16678894559542337,0,0,None
PN00,PN00/PN00-1.edf,CALIBRATION,162,405.0,410.0,0.17875130474567413,0.17456557353337604,0,0,None
PN00,PN00/PN00-1.edf,CALIBRATION,163,407.5,412.5,0.17963412404060364,0.17718780040740967,0,0,None
PN00,PN00/PN00-1.edf,CALIBRATION,164,410.0,415.0,0.17317797243595123,0.17561366657416025,0,0,None
PN00,PN00/PN00-1.edf,CALIBRATION,165,412.5,417.5,0.1740289032459259,0.1764613687992096,0,0,None
PN00,PN00/PN00-1.edf,CALIBRATION,166,415.0,420.0,0.18217723071575165,0.1792133351167043,0,0,None
PN00,PN00/PN00-1.edf,CALIBRATION,167,417.5,422.5,0.18143387138843536,0.1810634732246399,0,0,None
PN00,PN00/PN00-1.edf,CALIBRATION,168,420.0,425.0,0.17957931756973267,0.1807910402615865,0,0,None
PN00,PN00/PN00-1.edf,CALIBRATION,169,422.5,427.5,0.1813599318265915,0.17927786707878113,0,0,None
PN00,PN00/PN00-1.edf,CALIBRATION,170,425.0,430.0,0.17689435184001923,0.17542275289694467,0,0,None
PN00,PN00/PN00-1.edf,CALIBRATION,171,427.5,432.5,0.16801397502422333,0.17160504062970477,0,0,None
PN00,PN00/PN00-1.edf,CALIBRATION,172,430.0,435.0,0.16990679502487183,0.17198404669761658,0,0,None
PN00,PN00/PN00-1.edf,CALIBRATION,173,432.5,437.5,0.17803137004375458,0.18005560338497162,0,0,None
PN00,PN00/PN00-1.edf,CALIBRATION,174,435.0,440.0,0.19222864508628845,0.1872011621793111,0,0,None
PN00,PN00/PN00-1.edf,CALIBRATION,175,437.5,442.5,0.19134347140789032,0.18806034326553345,0,0,None
PN00,PN00/PN00-1.edf,CALIBRATION,176,440.0,445.0,0.18060891330242157,0.1826879133780797,0,0,None
PN00,PN00/PN00-1.edf,CALIBRATION,177,442.5,447.5,0.1761113554239273,0.1740655501683553,0,0,None
PN00,PN00/PN00-1.edf,CALIBRATION,178,445.0,450.0,0.16547638177871704,0.16819685697555542,0,0,None
PN00,PN00/PN00-1.edf,CALIBRATION,179,447.5,452.5,0.1630028337240219,0.1631607909997304,0,0,None
PN00,PN00/PN00-1.edf,CALIBRATION,180,450.0,455.0,0.16100315749645233,0.16149450341860452,0,0,None
PN00,PN00/PN00-1.edf,CALIBRATION,181,452.5,457.5,0.16047751903533936,0.16071323057015735,0,0,None
PN00,PN00/PN00-1.edf,CALIBRATION,182,455.0,460.0,0.16065901517868042,0.16114930311838785,0,0,None
PN00,PN00/PN00-1.edf,CALIBRATION,183,457.5,462.5,0.1623113751411438,0.16449145476023355,0,0,None
PN00,PN00/PN00-1.edf,CALIBRATION,184,460.0,465.0,0.17050397396087646,0.16840264201164246,0,0,None
PN00,PN00/PN00-1.edf,CALIBRATION,185,462.5,467.5,0.1723925769329071,0.17145036160945892,0,0,None
PN00,PN00/PN00-1.edf,CALIBRATION,186,465.0,470.0,0.1714545339345932,0.17042785386244455,0,0,None
PN00,PN00/PN00-1.edf,CALIBRATION,187,467.5,472.5,0.16743645071983337,0.16876856982707977,0,0,None
PN00,PN00/PN00-1.edf,CALIBRATION,188,470.0,475.0,0.16741472482681274,0.16655637820561725,0,0,None
PN00,PN00/PN00-1.edf,CALIBRATION,189,472.5,477.5,0.1648179590702057,0.16612549622853595,0,0,None
PN00,PN00/PN00-1.edf,CALIBRATION,190,475.0,480.0,0.16614380478858948,0.16652751465638477,0,0,None
PN00,PN00/PN00-1.edf,CALIBRATION,191,477.5,482.5,0.1686207801103592,0.16862912972768146,0,0,None
PN00,PN00/PN00-1.edf,CALIBRATION,192,480.0,485.0,0.17112280428409576,0.17081505556901294,0,0,None
PN00,PN00/PN00-1.edf,CALIBRATION,193,482.5,487.5,0.17270158231258392,0.1719779521226883,0,0,None
PN00,PN00/PN00-1.edf,CALIBRATION,194,485.0,490.0,0.1721094697713852,0.18246913949648538,0,0,None
PN00,PN00/PN00-1.edf,CALIBRATION,195,487.5,492.5,0.20259636640548706,0.20823324223359424,0,0,None
PN00,PN00/PN00-1.edf,CALIBRATION,196,490.0,495.0,0.24999389052391052,0.22761893272399902,0,0,None
PN00,PN00/PN00-1.edf,CALIBRATION,197,492.5,497.5,0.2302665412425995,0.22684764365355173,0,0,None
PN00,PN00/PN00-1.edf,CALIBRATION,198,495.0,500.0,0.2002824991941452,0.2037435968716939,0,0,None
PN00,PN00/PN00-1.edf,CALIBRATION,199,497.5,502.5,0.1806817501783371,0.18350815773010254,0,0,None
PN00,PN00/PN00-1.edf,CALIBRATION,200,500.0,505.0,0.16956022381782532,0.17087973654270172,0,0,None
PN00,PN00/PN00-1.edf,CALIBRATION,201,502.5,507.5,0.16239723563194275,0.16058368980884552,0,0,None
PN00,PN00/PN00-1.edf,CALIBRATION,202,505.0,510.0,0.1497936099767685,0.15145544211069742,0,0,None
PN00,PN00/PN00-1.edf,CALIBRATION,203,507.5,512.5,0.14217548072338104,0.14301173388957977,0,0,None
PN00,PN00/PN00-1.edf,CALIBRATION,204,510.0,515.0,0.13706611096858978,0.1382751812537511,0,0,None
PN00,PN00/PN00-1.edf,CALIBRATION,205,512.5,517.5,0.13558395206928253,0.13722948729991913,0,0,None
PN00,PN00/PN00-1.edf,CALIBRATION,206,515.0,520.0,0.13903839886188507,0.13918971518675485,0,0,None
PN00,PN00/PN00-1.edf,CALIBRATION,207,517.5,522.5,0.14294679462909698,0.14364716410636902,0,0,None
PN00,PN00/PN00-1.edf,CALIBRATION,208,520.0,525.0,0.148956298828125,0.14923612773418427,0,0,None
PN00,PN00/PN00-1.edf,CALIBRATION,209,522.5,527.5,0.1558052897453308,0.15449601411819458,0,0,None
PN00,PN00/PN00-1.edf,CALIBRATION,210,525.0,530.0,0.15872645378112793,0.15835019946098328,0,0,None
PN00,PN00/PN00-1.edf,CALIBRATION,211,527.5,532.5,0.1605188548564911,0.1593122035264969,0,0,None
PN00,PN00/PN00-1.edf,CALIBRATION,212,530.0,535.0,0.15869130194187164,0.1580473780632019,0,0,None
PN00,PN00/PN00-1.edf,CALIBRATION,213,532.5,537.5,0.15493197739124298,0.1557445873816808,0,0,None
PN00,PN00/PN00-1.edf,CALIBRATION,214,535.0,540.0,0.1536104828119278,0.15567890803019205,0,0,None
PN00,PN00/PN00-1.edf,CALIBRATION,215,537.5,542.5,0.1584942638874054,0.15726536512374878,0,0,None
PN00,PN00/PN00-1.edf,CALIBRATION,216,540.0,545.0,0.15969134867191315,0.15619142353534698,0,0,None
PN00,PN00/PN00-1.edf,CALIBRATION,217,542.5,547.5,0.1503886580467224,0.14947433272997537,0,0,None
PN00,PN00/PN00-1.edf,CALIBRATION,218,545.0,550.0,0.1383429914712906,0.14047888914744058,0,0,None
PN00,PN00/PN00-1.edf,CALIBRATION,219,547.5,552.5,0.13270501792430878,0.13703271249930063,0,0,None
PN00,PN00/PN00-1.edf,CALIBRATION,220,550.0,555.0,0.14005012810230255,0.1386550317207972,0,0,None
PN00,PN00/PN00-1.edf,CALIBRATION,221,552.5,557.5,0.14320994913578033,0.1413460572560628,0,0,None
PN00,PN00/PN00-1.edf,CALIBRATION,222,555.0,560.0,0.1407780945301056,0.14294901986916858,0,0,None
PN00,PN00/PN00-1.edf,CALIBRATION,223,557.5,562.5,0.14485901594161987,0.14549625913302103,0,0,None
PN00,PN00/PN00-1.edf,CALIBRATION,224,560.0,565.0,0.15085166692733765,0.14850076536337534,0,0,None
PN00,PN00/PN00-1.edf,CALIBRATION,225,562.5,567.5,0.14979161322116852,0.14973050355911255,0,0,None
PN00,PN00/PN00-1.edf,CALIBRATION,226,565.0,570.0,0.14854823052883148,0.15367572506268817,0,0,None
PN00,PN00/PN00-1.edf,CALIBRATION,227,567.5,572.5,0.16268733143806458,0.15418203671773273,0,0,None
PN00,PN00/PN00-1.edf,CALIBRATION,228,570.0,575.0,0.15131054818630219,0.16105086108048755,0,0,None
PN00,PN00/PN00-1.edf,CALIBRATION,229,572.5,577.5,0.16915470361709595,0.17218388120333353,0,0,None
PN00,PN00/PN00-1.edf,CALIBRATION,230,575.0,580.0,0.19608639180660248,0.1826007713874181,0,0,None
PN00,PN00/PN00-1.edf,CALIBRATION,231,577.5,582.5,0.1825612187385559,0.17902188499768573,0,0,None
PN00,PN00/PN00-1.edf,CALIBRATION,232,580.0,585.0,0.15841804444789886,0.1514857957760493,0,0,None
PN00,PN00/PN00-1.edf,CALIBRATION,233,582.5,587.5,0.11347812414169312,0.11580057193835576,0,0,None
PN00,PN00/PN00-1.edf,CALIBRATION,234,585.0,590.0,0.07550554722547531,0.08436215172211328,0,0,None
PN00,PN00/PN00-1.edf,CALIBRATION,235,587.5,592.5,0.06410278379917145,0.06963297724723816,0,0,None
PN00,PN00/PN00-1.edf,CALIBRATION,236,590.0,595.0,0.06929060071706772,0.07296935220559438,0,0,None
PN00,PN00/PN00-1.edf,CALIBRATION,237,592.5,597.5,0.08551467210054398,0.08494785924752553,0,0,None
PN00,PN00/PN00-1.edf,CALIBRATION,238,595.0,600.0,0.1000383049249649,0.09917331486940384,0,0,None
PN00,PN00/PN00-1.edf,CALIBRATION,239,597.5,602.5,0.11196696758270264,0.11819041768709818,0,0,None
PN00,PN00/PN00-1.edf,CALIBRATION,240,600.0,605.0,0.14256598055362701,0.13835632801055908,0,0,None
PN00,PN00/PN00-1.edf,CALIBRATION,241,602.5,607.5,0.1605360358953476,0.15535337726275125,0,0,None
PN00,PN00/PN00-1.edf,CALIBRATION,242,605.0,610.0,0.16295811533927917,0.1635381778081258,0,0,None
PN00,PN00/PN00-1.edf,CALIBRATION,243,607.5,612.5,0.16712038218975067,0.16501730680465698,0,0,None
PN00,PN00/PN00-1.edf,CALIBRATION,244,610.0,615.0,0.1649734228849411,0.16499371329943338,0,0,None
PN00,PN00/PN00-1.edf,CALIBRATION,245,612.5,617.5,0.1628873348236084,0.16740098098913828,0,0,None
PN00,PN00/PN00-1.edf,CALIBRATION,246,615.0,620.0,0.17434218525886536,0.17500530680020648,0,0,None
PN00,PN00/PN00-1.edf,CALIBRATION,247,617.5,622.5,0.18778640031814575,0.17765298485755918,0,0,None
PN00,PN00/PN00-1.edf,CALIBRATION,248,620.0,625.0,0.1708303689956665,0.1727832903464635,0,0,None
PN00,PN00/PN00-1.edf,CALIBRATION,249,622.5,627.5,0.1597331017255783,0.16407734652360279,0,0,None
PN00,PN00/PN00-1.edf,CALIBRATION,250,625.0,630.0,0.1616685688495636,0.15914674599965412,0,0,None
PN00,PN00/PN00-1.edf,CALIBRATION,251,627.5,632.5,0.1560385674238205,0.15732385714848834,0,0,None
PN00,PN00/PN00-1.edf,CALIBRATION,252,630.0,635.0,0.154264435172081,0.15791956583658853,0,0,None
PN00,PN00/PN00-1.edf,CALIBRATION,253,632.5,637.5,0.16345569491386414,0.1611899882555008,0,0,None
PN00,PN00/PN00-1.edf,CALIBRATION,254,635.0,640.0,0.16584983468055725,0.16293573379516602,0,0,None
PN00,PN00/PN00-1.edf,CALIBRATION,255,637.5,642.5,0.15950167179107666,0.16295478244622547,0,0,None
PN00,PN00/PN00-1.edf,CALIBRATION,256,640.0,645.0,0.16351284086704254,0.16186739007631937,0,0,None
PN00,PN00/PN00-1.edf,CALIBRATION,257,642.5,647.5,0.16258765757083893,0.16423950592676798,0,0,None
PN00,PN00/PN00-1.edf,CALIBRATION,258,645.0,650.0,0.16661801934242249,0.16142698129018146,0,0,None
PN00,PN00/PN00-1.edf,CALIBRATION,259,647.5,652.5,0.15507526695728302,0.15971288581689197,0,0,None
PN00,PN00/PN00-1.edf,CALIBRATION,260,650.0,655.0,0.15744537115097046,0.15734092891216278,0,0,None
PN00,PN00/PN00-1.edf,CALIBRATION,261,652.5,657.5,0.15950214862823486,0.16081783175468445,0,0,None
PN00,PN00/PN00-1.edf,CALIBRATION,262,655.0,660.0,0.16550597548484802,0.16201967497666675,0,0,None
PN00,PN00/PN00-1.edf,CALIBRATION,263,657.5,662.5,0.16105090081691742,0.15975535909334818,0,0,None
PN00,PN00/PN00-1.edf,CALIBRATION,264,660.0,665.0,0.1527092009782791,0.15290987988313037,0,0,None
PN00,PN00/PN00-1.edf,CALIBRATION,265,662.5,667.5,0.14496953785419464,0.1470499833424886,0,0,None
PN00,PN00/PN00-1.edf,CALIBRATION,266,665.0,670.0,0.14347121119499207,0.1494365135828654,0,0,None
PN00,PN00/PN00-1.edf,CALIBRATION,267,667.5,672.5,0.15986879169940948,0.15563644468784332,0,0,None
PN00,PN00/PN00-1.edf,CALIBRATION,268,670.0,675.0,0.16356933116912842,0.16241592665513355,0,0,None
PN00,PN00/PN00-1.edf,CALIBRATION,269,672.5,677.5,0.1638096570968628,0.16293782492478687,0,0,None
PN00,PN00/PN00-1.edf,CALIBRATION,270,675.0,680.0,0.16143448650836945,0.16045350829760233,0,0,None
PN00,PN00/PN00-1.edf,CALIBRATION,271,677.5,682.5,0.15611638128757477,0.15728284418582916,0,0,None
PN00,PN00/PN00-1.edf,CALIBRATION,272,680.0,685.0,0.15429766476154327,0.15777237713336945,0,0,None
PN00,PN00/PN00-1.edf,CALIBRATION,273,682.5,687.5,0.1629030853509903,0.16013109683990479,0,0,None
PN00,PN00/PN00-1.edf,CALIBRATION,274,685.0,690.0,0.1631925404071808,0.16293573379516602,0,0,None
PN00,PN00/PN00-1.edf,CALIBRATION,275,687.5,692.5,0.16271157562732697,0.16237040360768634,0,0,None
PN00,PN00/PN00-1.edf,CALIBRATION,276,690.0,695.0,0.16120709478855133,0.16120682656764984,0,0,None
PN00,PN00/PN00-1.edf,CALIBRATION,277,692.5,697.5,0.15970180928707123,0.1593632847070694,0,0,None
PN00,PN00/PN00-1.edf,CALIBRATION,278,695.0,700.0,0.15718095004558563,0.16078314185142517,0,0,None
PN00,PN00/PN00-1.edf,CALIBRATION,279,697.5,702.5,0.16546666622161865,0.16274654368559519,0,0,None
PN00,PN00/PN00-1.edf,CALIBRATION,280,700.0,705.0,0.1655920147895813,0.16370727121829987,0,0,None
PN00,PN00/PN00-1.edf,CALIBRATION,281,702.5,707.5,0.16006313264369965,0.16077582041422525,0,0,None
PN00,PN00/PN00-1.edf,CALIBRATION,282,705.0,710.0,0.15667231380939484,0.16144577662150064,0,0,None
PN00,PN00/PN00-1.edf,CALIBRATION,283,707.5,712.5,0.16760188341140747,0.16634522378444672,0,0,None
PN00,PN00/PN00-1.edf,CALIBRATION,284,710.0,715.0,0.17476147413253784,0.17175507048765817,0,0,None
PN00,PN00/PN00-1.edf,CALIBRATION,285,712.5,717.5,0.17290185391902924,0.16790859401226044,0,0,None
PN00,PN00/PN00-1.edf,CALIBRATION,286,715.0,720.0,0.15606245398521423,0.1590951532125473,0,0,None
PN00,PN00/PN00-1.edf,CALIBRATION,287,717.5,722.5,0.14832115173339844,0.1504860818386078,0,0,None
PN00,PN00/PN00-1.edf,CALIBRATION,288,720.0,725.0,0.1470746397972107,0.14717163145542145,0,0,None
PN00,PN00/PN00-1.edf,CALIBRATION,289,722.5,727.5,0.1461191028356552,0.1464398205280304,0,0,None
PN00,PN00/PN00-1.edf,CALIBRATION,290,725.0,730.0,0.14612571895122528,0.14745932320753732,0,0,None
PN00,PN00/PN00-1.edf,CALIBRATION,291,727.5,732.5,0.1501331478357315,0.15148198107878366,0,0,None
PN00,PN00/PN00-1.edf,CALIBRATION,292,730.0,735.0,0.15818707644939423,0.15412344535191852,0,0,None
PN00,PN00/PN00-1.edf,CALIBRATION,293,732.5,737.5,0.15405011177062988,0.1532842218875885,0,0,None
PN00,PN00/PN00-1.edf,CALIBRATION,294,735.0,740.0,0.1476154774427414,0.14798771838347116,0,0,None
PN00,PN00/PN00-1.edf,CALIBRATION,295,737.5,742.5,0.14229756593704224,0.14720283945401508,0,0,None
PN00,PN00/PN00-1.edf,CALIBRATION,296,740.0,745.0,0.15169547498226166,0.1495978981256485,0,0,None
PN00,PN00/PN00-1.edf,CALIBRATION,297,742.5,747.5,0.1548006534576416,0.1541671057542165,0,0,None
PN00,PN00/PN00-1.edf,CALIBRATION,298,745.0,750.0,0.15600518882274628,0.1548922260602315,0,0,None
PN00,PN00/PN00-1.edf,CALIBRATION,299,747.5,752.5,0.1538708359003067,0.1515568693478902,0,0,None
PN00,PN00/PN00-1.edf,CALIBRATION,300,750.0,755.0,0.14479458332061768,0.14891926447550455,0,0,None
PN00,PN00/PN00-1.edf,CALIBRATION,301,752.5,757.5,0.1480923742055893,0.14641813933849335,0,0,None
PN00,PN00/PN00-1.edf,CALIBRATION,302,755.0,760.0,0.14636746048927307,0.14528951048851013,0,0,None
PN00,PN00/PN00-1.edf,CALIBRATION,303,757.5,762.5,0.14140869677066803,0.14329392711321512,0,0,None
PN00,PN00/PN00-1.edf,CALIBRATION,304,760.0,765.0,0.14210562407970428,0.1416289508342743,0,0,None
PN00,PN00/PN00-1.edf,CALIBRATION,305,762.5,767.5,0.14137253165245056,0.14189171294371286,0,0,None
PN00,PN00/PN00-1.edf,CALIBRATION,306,765.0,770.0,0.14219698309898376,0.1417420208454132,0,0,None
PN00,PN00/PN00-1.edf,CALIBRATION,307,767.5,772.5,0.1416565477848053,0.14003536601861316,0,0,None
PN00,PN00/PN00-1.edf,CALIBRATION,308,770.0,775.0,0.13625256717205048,0.13791788617769876,0,0,None
PN00,PN00/PN00-1.edf,CALIBRATION,309,772.5,777.5,0.13584454357624054,0.135366290807724,0,0,None
PN00,PN00/PN00-1.edf,CALIBRATION,310,775.0,780.0,0.13400176167488098,0.13681459923585254,0,0,None
PN00,PN00/PN00-1.edf,CALIBRATION,311,777.5,782.5,0.14059749245643616,0.13768204549948374,0,0,None
PN00,PN00/PN00-1.edf,CALIBRATION,312,780.0,785.0,0.1384468823671341,0.1369117945432663,0,0,None
PN00,PN00/PN00-1.edf,CALIBRATION,313,782.5,787.5,0.13169100880622864,0.13277291258176166,0,0,None
PN00,PN00/PN00-1.edf,CALIBRATION,314,785.0,790.0,0.1281808465719223,0.12973915537198383,0,0,None
PN00,PN00/PN00-1.edf,CALIBRATION,315,787.5,792.5,0.1293456107378006,0.12872435649236041,0,0,None
PN00,PN00/PN00-1.edf,CALIBRATION,316,790.0,795.0,0.1286466121673584,0.1296120584011078,0,0,None
PN00,PN00/PN00-1.edf,CALIBRATION,317,792.5,797.5,0.13084395229816437,0.12416779498259226,0,0,None
PN00,PN00/PN00-1.edf,CALIBRATION,318,795.0,800.0,0.11301282048225403,0.1156261439124743,0,0,None
PN00,PN00/PN00-1.edf,CALIBRATION,319,797.5,802.5,0.10302165895700455,0.1092882975935936,0,0,None
PN00,PN00/PN00-1.edf,CALIBRATION,320,800.0,805.0,0.11183041334152222,0.10993874818086624,0,0,None
PN00,PN00/PN00-1.edf,CALIBRATION,321,802.5,807.5,0.11496417224407196,0.1157937670747439,0,0,None
PN00,PN00/PN00-1.edf,CALIBRATION,322,805.0,810.0,0.12058671563863754,0.12026595820983249,0,0,None
PN00,PN00/PN00-1.edf,CALIBRATION,323,807.5,812.5,0.12524698674678802,0.12292084346214929,0,0,None
PN00,PN00/PN00-1.edf,CALIBRATION,324,810.0,815.0,0.12292882800102234,0.1252230902512868,0,0,None
PN00,PN00/PN00-1.edf,CALIBRATION,325,812.5,817.5,0.1274934560060501,0.12779165307680765,0,0,None
PN00,PN00/PN00-1.edf,CALIBRATION,326,815.0,820.0,0.13295267522335052,0.13262227177619934,0,0,None
PN00,PN00/PN00-1.edf,CALIBRATION,327,817.5,822.5,0.1374206840991974,0.1351595123608907,0,0,None
PN00,PN00/PN00-1.edf,CALIBRATION,328,820.0,825.0,0.1351051777601242,0.1342907945315043,0,0,None
PN00,PN00/PN00-1.edf,CALIBRATION,329,822.5,827.5,0.13034652173519135,0.13133480151494342,0,0,None
PN00,PN00/PN00-1.edf,CALIBRATION,330,825.0,830.0,0.12855270504951477,0.1291271497805913,0,0,None
PN00,PN00/PN00-1.edf,CALIBRATION,331,827.5,832.5,0.12848222255706787,0.12836962441603342,0,0,None
PN00,PN00/PN00-1.edf,CALIBRATION,332,830.0,835.0,0.12807394564151764,0.1297312577565511,0,0,None
PN00,PN00/PN00-1.edf,CALIBRATION,333,832.5,837.5,0.1326376050710678,0.13580119609832764,0,0,None
PN00,PN00/PN00-1.edf,CALIBRATION,334,835.0,840.0,0.14669203758239746,0.13825164238611856,0,0,None
PN00,PN00/PN00-1.edf,CALIBRATION,335,837.5,842.5,0.13542528450489044,0.13176991790533066,0,0,None
PN00,PN00/PN00-1.edf,CALIBRATION,336,840.0,845.0,0.11319243162870407,0.11960446089506148,0,0,None
PN00,PN00/PN00-1.edf,CALIBRATION,337,842.5,847.5,0.11019566655158997,0.1128448297580083,0,0,None
PN00,PN00/PN00-1.edf,CALIBRATION,338,845.0,850.0,0.11514639109373093,0.11588889608780542,0,0,None
PN00,PN00/PN00-1.edf,CALIBRATION,339,847.5,852.5,0.1223246306180954,0.12197461972633997,0,0,None
PN00,PN00/PN00-1.edf,CALIBRATION,340,850.0,855.0,0.1284528374671936,0.13069990277290344,0,0,None
PN00,PN00/PN00-1.edf,CALIBRATION,341,852.5,857.5,0.14132224023342133,0.14182811478773752,0,0,None
PN00,PN00/PN00-1.edf,CALIBRATION,342,855.0,860.0,0.15570926666259766,0.15331916511058807,0,0,None
PN00,PN00/PN00-1.edf,CALIBRATION,343,857.5,862.5,0.16292598843574524,0.1694775770107905,0,0,None
PN00,PN00/PN00-1.edf,CALIBRATION,344,860.0,865.0,0.18979747593402863,0.18549861510594684,0,0,None
PN00,PN00/PN00-1.edf,CALIBRATION,345,862.5,867.5,0.2037723809480667,0.18833448986212412,0,0,None
PN00,PN00/PN00-1.edf,CALIBRATION,346,865.0,870.0,0.17143361270427704,0.1742250919342041,0,0,None
PN00,PN00/PN00-1.edf,CALIBRATION,347,867.5,872.5,0.14746928215026855,0.15187896291414896,0,0,None
PN00,PN00/PN00-1.edf,CALIBRATION,348,870.0,875.0,0.1367339938879013,0.14022449155648548,0,0,None
PN00,PN00/PN00-1.edf,CALIBRATION,349,872.5,877.5,0.13647019863128662,0.13780427475770313,0,0,None
PN00,PN00/PN00-1.edf,CALIBRATION,350,875.0,880.0,0.1402086317539215,0.13948772847652435,0,0,None
PN00,PN00/PN00-1.edf,CALIBRATION,351,877.5,882.5,0.14178435504436493,0.14074943463007608,0,0,None
PN00,PN00/PN00-1.edf,CALIBRATION,352,880.0,885.0,0.14025531709194183,0.14244542519251505,0,0,None
PN00,PN00/PN00-1.edf,CALIBRATION,353,882.5,887.5,0.1452966034412384,0.146793728073438,0,0,None
PN00,PN00/PN00-1.edf,CALIBRATION,354,885.0,890.0,0.1548292636871338,0.15155700345834094,0,0,None
PN00,PN00/PN00-1.edf,CALIBRATION,355,887.5,892.5,0.1545451432466507,0.15431999166806537,0,0,None
PN00,PN00/PN00-1.edf,CALIBRATION,356,890.0,895.0,0.15358556807041168,0.15589099129041034,0,0,None
PN00,PN00/PN00-1.edf,CALIBRATION,357,892.5,897.5,0.1595422625541687,0.15315956870714822,0,0,None
PN00,PN00/PN00-1.edf,CALIBRATION,358,895.0,900.0,0.14635087549686432,0.14627790451049805,0,0,None
PN00,PN00/PN00-1.edf,CALIBRATION,359,897.5,902.5,0.13294057548046112,0.13744370142618814,0,0,None
PN00,PN00/PN00-1.edf,CALIBRATION,360,900.0,905.0,0.133039653301239,0.1343847761551539,0,0,None
PN00,PN00/PN00-1.edf,CALIBRATION,361,902.5,907.5,0.1371740996837616,0.13617566227912903,0,0,None
PN00,PN00/PN00-1.edf,CALIBRATION,362,905.0,910.0,0.13831323385238647,0.13765815397103626,0,0,None
PN00,PN00/PN00-1.edf,CALIBRATION,363,907.5,912.5,0.13748712837696075,0.13615213831265766,0,0,None
PN00,PN00/PN00-1.edf,CALIBRATION,364,910.0,915.0,0.1326560527086258,0.13353058199087778,0,0,None
PN00,PN00/PN00-1.edf,CALIBRATION,365,912.5,917.5,0.13044856488704681,0.13184555868307749,0,0,None
PN00,PN00/PN00-1.edf,CALIBRATION,366,915.0,920.0,0.13243205845355988,0.13257041573524475,0,0,None
PN00,PN00/PN00-1.edf,CALIBRATION,367,917.5,922.5,0.13483062386512756,0.13454954326152802,0,0,None
PN00,PN00/PN00-1.edf,CALIBRATION,368,920.0,925.0,0.1363859474658966,0.13449878493944803,0,0,None
PN00,PN00/PN00-1.edf,CALIBRATION,369,922.5,927.5,0.13227978348731995,0.13338660697142282,0,0,None
PN00,PN00/PN00-1.edf,CALIBRATION,370,925.0,930.0,0.13149408996105194,0.13132253785928089,0,0,None
PN00,PN00/PN00-1.edf,CALIBRATION,371,927.5,932.5,0.13019374012947083,0.13083451489607492,0,0,None
PN00,PN00/PN00-1.edf,CALIBRATION,372,930.0,935.0,0.13081571459770203,0.13036079704761505,0,0,None
PN00,PN00/PN00-1.edf,CALIBRATION,373,932.5,937.5,0.1300729364156723,0.13066810369491577,0,0,None
PN00,PN00/PN00-1.edf,CALIBRATION,374,935.0,940.0,0.13111566007137299,0.1319334457317988,0,0,None
PN00,PN00/PN00-1.edf,CALIBRATION,375,937.5,942.5,0.13461174070835114,0.13268889486789703,0,0,None
PN00,PN00/PN00-1.edf,CALIBRATION,376,940.0,945.0,0.13233928382396698,0.1325521022081375,0,0,None
PN00,PN00/PN00-1.edf,CALIBRATION,377,942.5,947.5,0.13070528209209442,0.12971299389998117,0,0,None
PN00,PN00/PN00-1.edf,CALIBRATION,378,945.0,950.0,0.12609441578388214,0.12693643073240915,0,0,None
PN00,PN00/PN00-1.edf,CALIBRATION,379,947.5,952.5,0.12400959432125092,0.1254841734965642,0,0,None
PN00,PN00/PN00-1.edf,CALIBRATION,380,950.0,955.0,0.12634851038455963,0.1279204934835434,0,0,None
PN00,PN00/PN00-1.edf,CALIBRATION,381,952.5,957.5,0.13340337574481964,0.12965238591035205,0,0,None
PN00,PN00/PN00-1.edf,CALIBRATION,382,955.0,960.0,0.12920527160167694,0.12982497612635294,0,0,None
PN00,PN00/PN00-1.edf,CALIBRATION,383,957.5,962.5,0.12686628103256226,0.12741637726624805,0,0,None
PN00,PN00/PN00-1.edf,CALIBRATION,384,960.0,965.0,0.126177579164505,0.12664452691872913,0,0,None
PN00,PN00/PN00-1.edf,CALIBRATION,385,962.5,967.5,0.12688972055912018,0.12670106689135233,0,0,None
PN00,PN00/PN00-1.edf,CALIBRATION,386,965.0,970.0,0.12703590095043182,0.12626127898693085,0,0,None
PN00,PN00/PN00-1.edf,CALIBRATION,387,967.5,972.5,0.12485821545124054,0.1232363333304723,0,0,None
PN00,PN00/PN00-1.edf,CALIBRATION,388,970.0,975.0,0.11781488358974457,0.11815804988145828,0,0,None
PN00,PN00/PN00-1.edf,CALIBRATION,389,972.5,977.5,0.11180105060338974,0.11249455561240514,0,0,None
PN00,PN00/PN00-1.edf,CALIBRATION,390,975.0,980.0,0.10786773264408112,0.108234537144502,0,0,None
PN00,PN00/PN00-1.edf,CALIBRATION,391,977.5,982.5,0.10503482818603516,0.10632228851318358,0,0,None
PN00,PN00/PN00-1.edf,CALIBRATION,392,980.0,985.0,0.10606430470943451,0.10745386034250258,0,0,None
PN00,PN00/PN00-1.edf,CALIBRATION,393,982.5,987.5,0.11126244813203812,0.11199879397948581,0,0,None
PN00,PN00/PN00-1.edf,CALIBRATION,394,985.0,990.0,0.11866962909698486,0.1176901285847028,0,0,None
PN00,PN00/PN00-1.edf,CALIBRATION,395,987.5,992.5,0.12313830852508545,0.12069459011157353,0,0,None
PN00,PN00/PN00-1.edf,CALIBRATION,396,990.0,995.0,0.1202758327126503,0.12326920777559279,0,0,None
PN00,PN00/PN00-1.edf,CALIBRATION,397,992.5,997.5,0.12639348208904266,0.12207119911909102,0,0,None
PN00,PN00/PN00-1.edf,CALIBRATION,398,995.0,1000.0,0.11954428255558014,0.120175763964653,0,0,None
PN00,PN00/PN00-1.edf,CALIBRATION,399,997.5,1002.5,0.11458952724933624,0.11747563878695169,0,0,None
PN00,PN00/PN00-1.edf,CALIBRATION,400,1000.0,1005.0,0.11829310655593872,0.11817673842112222,0,0,None
PN00,PN00/PN00-1.edf,CALIBRATION,401,1002.5,1007.5,0.12164758145809174,0.11676960438489914,0,0,None
PN00,PN00/PN00-1.edf,CALIBRATION,402,1005.0,1010.0,0.11036812514066696,0.11501150329907735,0,0,None
PN00,PN00/PN00-1.edf,CALIBRATION,403,1007.5,1012.5,0.11301880329847336,0.11057483404874802,0,0,None
PN00,PN00/PN00-1.edf,CALIBRATION,404,1010.0,1015.0,0.10833757370710373,0.10787044713894525,0,0,None
PN00,PN00/PN00-1.edf,CALIBRATION,405,1012.5,1017.5,0.1022549644112587,0.10286479443311691,0,0,None
PN00,PN00/PN00-1.edf,CALIBRATION,406,1015.0,1020.0,0.09800184518098831,0.10106299072504044,0,0,None
PN00,PN00/PN00-1.edf,CALIBRATION,407,1017.5,1022.5,0.1029321625828743,0.10072507709264754,0,0,None
PN00,PN00/PN00-1.edf,CALIBRATION,408,1020.0,1025.0,0.10124122351408005,0.09986921399831772,0,0,None
PN00,PN00/PN00-1.edf,CALIBRATION,409,1022.5,1027.5,0.09543425589799881,0.09747722496589024,0,0,None
PN00,PN00/PN00-1.edf,CALIBRATION,410,1025.0,1030.0,0.09575619548559189,0.09682624042034149,0,0,None
PN00,PN00/PN00-1.edf,CALIBRATION,411,1027.5,1032.5,0.09928826987743378,0.09889328231414159,0,0,None
PN00,PN00/PN00-1.edf,CALIBRATION,412,1030.0,1035.0,0.10163538157939911,0.10280160854260126,0,0,None
PN00,PN00/PN00-1.edf,CALIBRATION,413,1032.5,1037.5,0.10748117417097092,0.10743191838264464,0,0,None
PN00,PN00/PN00-1.edf,CALIBRATION,414,1035.0,1040.0,0.11317919939756393,0.11239326993624368,0,0,None
PN00,PN00/PN00-1.edf,CALIBRATION,415,1037.5,1042.5,0.11651943624019623,0.1146059309442838,0,0,None
PN00,PN00/PN00-1.edf,CALIBRATION,416,1040.0,1045.0,0.11411915719509125,0.11533039311567941,0,0,None
PN00,PN00/PN00-1.edf,CALIBRATION,417,1042.5,1047.5,0.1153525859117508,0.11529481907685597,0,0,None
PN00,PN00/PN00-1.edf,CALIBRATION,418,1045.0,1050.0,0.11641271412372589,0.11835221449534097,0,0,None
PN00,PN00/PN00-1.edf,CALIBRATION,419,1047.5,1052.5,0.12329134345054626,0.12257303794225057,0,0,None
PN00,PN00/PN00-1.edf,CALIBRATION,420,1050.0,1055.0,0.12801505625247955,0.13214533030986786,0,0,None
PN00,PN00/PN00-1.edf,CALIBRATION,421,1052.5,1057.5,0.14512959122657776,0.13987230261166889,0,0,None
PN00,PN00/PN00-1.edf,CALIBRATION,422,1055.0,1060.0,0.1464722603559494,0.14314519365628559,0,0,None
PN00,PN00/PN00-1.edf,CALIBRATION,423,1057.5,1062.5,0.13783372938632965,0.13663800060749054,0,0,None
PN00,PN00/PN00-1.edf,CALIBRATION,424,1060.0,1065.0,0.12560801208019257,0.12816206365823746,0,0,None
PN00,PN00/PN00-1.edf,CALIBRATION,425,1062.5,1067.5,0.12104444950819016,0.12014589458703993,0,0,None
PN00,PN00/PN00-1.edf,CALIBRATION,426,1065.0,1070.0,0.11378522217273712,0.11712325115998586,0,0,None
PN00,PN00/PN00-1.edf,CALIBRATION,427,1067.5,1072.5,0.1165400817990303,0.12456144640843073,0,0,None
PN00,PN00/PN00-1.edf,CALIBRATION,428,1070.0,1075.0,0.14335903525352478,0.14259414623181024,0,0,None
PN00,PN00/PN00-1.edf,CALIBRATION,429,1072.5,1077.5,0.16788332164287567,0.1498129963874817,0,0,None
PN00,PN00/PN00-1.edf,CALIBRATION,430,1075.0,1080.0,0.13819663226604462,0.1396455367406209,0,0,None
PN00,PN00/PN00-1.edf,CALIBRATION,431,1077.5,1082.5,0.1128566563129425,0.12593733767668405,0,0,None
PN00,PN00/PN00-1.edf,CALIBRATION,432,1080.0,1085.0,0.12675872445106506,0.12891603509585062,0,0,None
PN00,PN00/PN00-1.edf,CALIBRATION,433,1082.5,1087.5,0.1471327245235443,0.13643094897270203,0,0,None
PN00,PN00/PN00-1.edf,CALIBRATION,434,1085.0,1090.0,0.1354013979434967,0.13700084884961444,0,0,None
PN00,PN00/PN00-1.edf,CALIBRATION,435,1087.5,1092.5,0.12846842408180237,0.1281577448050181,0,0,None
PN00,PN00/PN00-1.edf,CALIBRATION,436,1090.0,1095.0,0.12060341238975525,0.1341396520535151,0,0,None
PN00,PN00/PN00-1.edf,CALIBRATION,437,1092.5,1097.5,0.15334711968898773,0.13802768290042877,0,0,None
PN00,PN00/PN00-1.edf,CALIBRATION,438,1095.0,1100.0,0.14013251662254333,0.1310362070798874,0,0,None
PN00,PN00/PN00-1.edf,CALIBRATION,439,1097.5,1102.5,0.0996289849281311,0.10812671234210332,0,0,None
PN00,PN00/PN00-1.edf,CALIBRATION,440,1100.0,1105.0,0.08461863547563553,0.0888724997639656,0,0,None
PN00,PN00/PN00-1.edf,CALIBRATION,441,1102.5,1107.5,0.08236987888813019,0.08259362975756326,0,0,None
PN00,PN00/PN00-1.edf,CALIBRATION,442,1105.0,1110.0,0.0807923749089241,0.08068315933148065,0,0,None
PN00,PN00/PN00-1.edf,CALIBRATION,443,1107.5,1112.5,0.0788872241973877,0.08060505986213684,0,0,None
PN00,PN00/PN00-1.edf,CALIBRATION,444,1110.0,1115.0,0.08213558048009872,0.08286749819914499,0,0,None
PN00,PN00/PN00-1.edf,CALIBRATION,445,1112.5,1117.5,0.08757968991994858,0.09055777887503305,0,0,None
PN00,PN00/PN00-1.edf,CALIBRATION,446,1115.0,1120.0,0.10195806622505188,0.10168209423621495,0,0,None
PN00,PN00/PN00-1.edf,CALIBRATION,447,1117.5,1122.5,0.11550852656364441,0.11110394199689229,0,0,None
PN00,PN00/PN00-1.edf,CALIBRATION,448,1120.0,1125.0,0.11584523320198059,0.11447151998678842,0,0,None
PN00,PN00/PN00-1.edf,CALIBRATION,449,1122.5,1127.5,0.1120608001947403,0.11227854589621225,0,0,None
PN00,PN00/PN00-1.edf,CALIBRATION,450,1125.0,1130.0,0.1089296042919159,0.11055209239323932,0,0,None
PN00,PN00/PN00-1.edf,CALIBRATION,451,1127.5,1132.5,0.11066587269306183,0.11258636911710102,0,0,None
PN00,PN00/PN00-1.edf,CALIBRATION,452,1130.0,1135.0,0.11816363036632538,0.11313070853551228,0,0,None
PN00,PN00/PN00-1.edf,CALIBRATION,453,1132.5,1137.5,0.11056262254714966,0.11022341003020603,0,0,None
PN00,PN00/PN00-1.edf,CALIBRATION,454,1135.0,1140.0,0.1019439771771431,0.10365921755631763,0,0,None
PN00,PN00/PN00-1.edf,CALIBRATION,455,1137.5,1142.5,0.09847105294466019,0.09821372975905736,0,0,None
PN00,PN00/PN00-1.edf,CALIBRATION,456,1140.0,1145.0,0.0942261591553688,0.09366972744464873,0,0,None
PN00,PN00/PN00-1.edf,CALIBRATION,457,1142.5,1147.5,0.08831197023391724,0.09359935422738393,0,1,PN00_sz01
PN00,PN00/PN00-1.edf,CALIBRATION,458,1145.0,1150.0,0.09825993329286575,0.1145893856883049,0,1,PN00_sz01
PN00,PN00/PN00-1.edf,CALIBRATION,459,1147.5,1152.5,0.1571962535381317,0.1478395437200864,0,1,PN00_sz01
PN00,PN00/PN00-1.edf,CALIBRATION,460,1150.0,1155.0,0.18806244432926178,0.19389411310354865,0,1,PN00_sz01
PN00,PN00/PN00-1.edf,CALIBRATION,461,1152.5,1157.5,0.23642364144325256,0.24150899549325305,0,1,PN00_sz01
PN00,PN00/PN00-1.edf,CALIBRATION,462,1155.0,1160.0,0.3000409007072449,0.28009198109308875,0,1,PN00_sz01
PN00,PN00/PN00-1.edf,CALIBRATION,463,1157.5,1162.5,0.3038114011287689,0.29373020927111304,0,1,PN00_sz01
PN00,PN00/PN00-1.edf,CALIBRATION,464,1160.0,1165.0,0.27733832597732544,0.26851125558217365,0,1,PN00_sz01
PN00,PN00/PN00-1.edf,CALIBRATION,465,1162.5,1167.5,0.22438403964042664,0.2229777177174886,0,1,PN00_sz01
PN00,PN00/PN00-1.edf,CALIBRATION,466,1165.0,1170.0,0.16721078753471375,0.17987555265426636,0,1,PN00_sz01
PN00,PN00/PN00-1.edf,CALIBRATION,467,1167.5,1172.5,0.1480318307876587,0.19956795374552408,0,1,PN00_sz01
PN00,PN00/PN00-1.edf,CALIBRATION,468,1170.0,1175.0,0.28346124291419983,0.294358491897583,0,1,PN00_sz01
PN00,PN00/PN00-1.edf,CALIBRATION,469,1172.5,1177.5,0.4515824019908905,0.4304901758829752,0,1,PN00_sz01
PN00,PN00/PN00-1.edf,CALIBRATION,470,1175.0,1180.0,0.5564268827438354,0.5426835517088572,1,1,PN00_sz01
PN00,PN00/PN00-1.edf,CALIBRATION,471,1177.5,1182.5,0.6200413703918457,0.6145570476849873,1,1,PN00_sz01
PN00,PN00/PN00-1.edf,CALIBRATION,472,1180.0,1185.0,0.667202889919281,0.6620322465896606,1,1,PN00_sz01
PN00,PN00/PN00-1.edf,CALIBRATION,473,1182.5,1187.5,0.6988524794578552,0.695805827776591,1,1,PN00_sz01
PN00,PN00/PN00-1.edf,CALIBRATION,474,1185.0,1190.0,0.7213621139526367,0.7211487690607706,1,1,PN00_sz01
PN00,PN00/PN00-1.edf,CALIBRATION,475,1187.5,1192.5,0.7432317137718201,0.735492467880249,1,1,PN00_sz01
PN00,PN00/PN00-1.edf,CALIBRATION,476,1190.0,1195.0,0.7418835759162903,0.7404820720354716,1,1,PN00_sz01
PN00,PN00/PN00-1.edf,CALIBRATION,477,1192.5,1197.5,0.7363309264183044,0.7378763159116108,1,1,PN00_sz01
PN00,PN00/PN00-1.edf,CALIBRATION,478,1195.0,1200.0,0.735414445400238,0.729006012280782,1,1,PN00_sz01
PN00,PN00/PN00-1.edf,CALIBRATION,479,1197.5,1202.5,0.7152726650238037,0.7159276604652405,1,1,PN00_sz01
PN00,PN00/PN00-1.edf,CALIBRATION,480,1200.0,1205.0,0.6970958709716797,0.6976296305656433,1,1,PN00_sz01
PN00,PN00/PN00-1.edf,CALIBRATION,481,1202.5,1207.5,0.6805203557014465,0.6827653050422668,1,1,PN00_sz01
PN00,PN00/PN00-1.edf,CALIBRATION,482,1205.0,1210.0,0.6706796884536743,0.6561479965845743,1,1,PN00_sz01
PN00,PN00/PN00-1.edf,CALIBRATION,483,1207.5,1212.5,0.6172439455986023,0.6094003319740295,1,1,PN00_sz01
PN00,PN00/PN00-1.edf,CALIBRATION,484,1210.0,1215.0,0.540277361869812,0.525686760743459,1,1,PN00_sz01
PN00,PN00/PN00-1.edf,CALIBRATION,485,1212.5,1217.5,0.4195389747619629,0.43353042006492615,0,0,None
PN00,PN00/PN00-1.edf,CALIBRATION,486,1215.0,1220.0,0.34077492356300354,0.3517358899116516,0,0,None
PN00,PN00/PN00-1.edf,CALIBRATION,487,1217.5,1222.5,0.2948937714099884,0.3017214934031168,0,0,None
PN00,PN00/PN00-1.edf,CALIBRATION,488,1220.0,1225.0,0.26949578523635864,0.2753737171490987,0,0,None
PN00,PN00/PN00-1.edf,CALIBRATION,489,1222.5,1227.5,0.2617315948009491,0.24787628153959906,0,0,None
PN00,PN00/PN00-1.edf,CALIBRATION,490,1225.0,1230.0,0.21240146458148956,0.24325237174828845,0,0,None
PN00,PN00/PN00-1.edf,CALIBRATION,491,1227.5,1232.5,0.25562405586242676,0.25296473006407416,0,0,None
PN00,PN00/PN00-1.edf,CALIBRATION,492,1230.0,1235.0,0.2908686697483063,0.26717800895373023,0,0,None
PN00,PN00/PN00-1.edf,CALIBRATION,493,1232.5,1237.5,0.25504130125045776,0.25360929469267524,0,0,None
PN00,PN00/PN00-1.edf,CALIBRATION,494,1235.0,1240.0,0.21491791307926178,0.24335441490014392,0,0,None
PN00,PN00/PN00-1.edf,CALIBRATION,495,1237.5,1242.5,0.2601040303707123,0.2461041957139969,0,0,None
PN00,PN00/PN00-1.edf,CALIBRATION,496,1240.0,1245.0,0.2632906436920166,0.25818057854970294,0,0,None
PN00,PN00/PN00-1.edf,CALIBRATION,497,1242.5,1247.5,0.25114706158638,0.2594367464383443,0,0,None
PN00,PN00/PN00-1.edf,CALIBRATION,498,1245.0,1250.0,0.26387253403663635,0.2634358505407969,0,0,None
PN00,PN00/PN00-1.edf,CALIBRATION,499,1247.5,1252.5,0.2752879559993744,0.27430381377538043,0,0,None
PN00,PN00/PN00-1.edf,CALIBRATION,500,1250.0,1255.0,0.2837509512901306,0.28118063012758887,0,0,None
PN00,PN00/PN00-1.edf,CALIBRATION,501,1252.5,1257.5,0.2845029830932617,0.2774470249811808,0,0,None
PN00,PN00/PN00-1.edf,CALIBRATION,502,1255.0,1260.0,0.26408714056015015,0.27366649111111957,0,0,None
PN00,PN00/PN00-1.edf,CALIBRATION,503,1257.5,1262.5,0.2724093496799469,0.27771423260370887,0,0,None
PN00,PN00/PN00-1.edf,CALIBRATION,504,1260.0,1265.0,0.29664620757102966,0.27667921781539917,0,0,None
PN00,PN00/PN00-1.edf,CALIBRATION,505,1262.5,1267.5,0.26098209619522095,0.2643472005923589,0,0,None
PN00,PN00/PN00-1.edf,CALIBRATION,506,1265.0,1270.0,0.2354132980108261,0.23659034570058185,0,0,None
PN00,PN00/PN00-1.edf,CALIBRATION,507,1267.5,1272.5,0.21337564289569855,0.20657390356063843,0,0,None
PN00,PN00/PN00-1.edf,CALIBRATION,508,1270.0,1275.0,0.17093276977539062,0.17860878507296243,0,0,None
PN00,PN00/PN00-1.edf,CALIBRATION,509,1272.5,1277.5,0.15151794254779816,0.17263741294542947,0,0,None
PN00,PN00/PN00-1.edf,CALIBRATION,510,1275.0,1280.0,0.19546152651309967,0.18976671993732452,0,0,None
PN00,PN00/PN00-1.edf,CALIBRATION,511,1277.5,1282.5,0.22232069075107574,0.21090414623419443,0,0,None
PN00,PN00/PN00-1.edf,CALIBRATION,512,1280.0,1285.0,0.2149302214384079,0.23228630423545835,0,0,None
PN00,PN00/PN00-1.edf,CALIBRATION,513,1282.5,1287.5,0.2596080005168915,0.27339984476566315,0,0,None
PN00,PN00/PN00-1.edf,CALIBRATION,514,1285.0,1290.0,0.34566131234169006,0.32580388585726416,0,0,None
PN00,PN00/PN00-1.edf,CALIBRATION,515,1287.5,1292.5,0.37214234471321106,0.35589661200841266,0,0,None
PN00,PN00/PN00-1.edf,CALIBRATION,516,1290.0,1295.0,0.3498861789703369,0.35421435038248694,0,0,None
PN00,PN00/PN00-1.edf,CALIBRATION,517,1292.5,1297.5,0.34061452746391296,0.3331601023674011,0,0,None
PN00,PN00/PN00-1.edf,CALIBRATION,518,1295.0,1300.0,0.3089796006679535,0.3156513273715973,0,0,None
PN00,PN00/PN00-1.edf,CALIBRATION,519,1297.5,1302.5,0.2973598539829254,0.2998544077078501,0,0,None
PN00,PN00/PN00-1.edf,CALIBRATION,520,1300.0,1305.0,0.2932237684726715,0.27697039147218067,0,0,None
PN00,PN00/PN00-1.edf,CALIBRATION,521,1302.5,1307.5,0.24032755196094513,0.24899521966775257,0,0,None
PN00,PN00/PN00-1.edf,CALIBRATION,522,1305.0,1310.0,0.2134343385696411,0.22193069259325662,0,0,None
PN00,PN00/PN00-1.edf,CALIBRATION,523,1307.5,1312.5,0.21203018724918365,0.22785004476706183,0,0,None
PN00,PN00/PN00-1.edf,CALIBRATION,524,1310.0,1315.0,0.25808560848236084,0.25745686391989386,0,0,None
PN00,PN00/PN00-1.edf,CALIBRATION,525,1312.5,1317.5,0.3022547960281372,0.278930793205897,0,0,None
PN00,PN00/PN00-1.edf,CALIBRATION,526,1315.0,1320.0,0.276451975107193,0.2839943468570709,0,0,None
PN00,PN00/PN00-1.edf,CALIBRATION,527,1317.5,1322.5,0.27327626943588257,0.27334727843602497,0,0,None
PN00,PN00/PN00-1.edf,CALIBRATION,528,1320.0,1325.0,0.2703135907649994,0.2795883218447367,0,0,None
PN00,PN00/PN00-1.edf,CALIBRATION,529,1322.5,1327.5,0.29517510533332825,0.2768443326155344,0,0,None
PN00,PN00/PN00-1.edf,CALIBRATION,530,1325.0,1330.0,0.26504430174827576,0.2737747132778168,0,0,None
PN00,PN00/PN00-1.edf,CALIBRATION,531,1327.5,1332.5,0.2611047327518463,0.25169202188650763,0,0,None
PN00,PN00/PN00-1.edf,CALIBRATION,532,1330.0,1335.0,0.22892703115940094,0.2353539119164149,0,0,None
PN00,PN00/PN00-1.edf,CALIBRATION,533,1332.5,1337.5,0.21602997183799744,0.22268356382846832,0,0,None
PN00,PN00/PN00-1.edf,CALIBRATION,534,1335.0,1340.0,0.2230936884880066,0.22047019004821777,0,0,None
PN00,PN00/PN00-1.edf,CALIBRATION,535,1337.5,1342.5,0.2222869098186493,0.2298795034488042,0,0,None
PN00,PN00/PN00-1.edf,CALIBRATION,536,1340.0,1345.0,0.24425791203975677,0.229354386528333,0,0,None
PN00,PN00/PN00-1.edf,CALIBRATION,537,1342.5,1347.5,0.22151833772659302,0.22906652092933652,0,0,None
PN00,PN00/PN00-1.edf,CALIBRATION,538,1345.0,1350.0,0.22142331302165985,0.2222409149010976,0,0,None
PN00,PN00/PN00-1.edf,CALIBRATION,539,1347.5,1352.5,0.22378109395503998,0.22051580250263214,0,0,None
PN00,PN00/PN00-1.edf,CALIBRATION,540,1350.0,1355.0,0.2163430005311966,0.21257517735163367,0,0,None
PN00,PN00/PN00-1.edf,CALIBRATION,541,1352.5,1357.5,0.19760143756866455,0.2142503609259923,0,0,None
PN00,PN00/PN00-1.edf,CALIBRATION,542,1355.0,1360.0,0.22880664467811584,0.23586713274319965,0,0,None
PN00,PN00/PN00-1.edf,CALIBRATION,543,1357.5,1362.5,0.2811933159828186,0.24908804893493652,0,0,None
PN00,PN00/PN00-1.edf,CALIBRATION,544,1360.0,1365.0,0.23726418614387512,0.2393075277407964,0,0,None
PN00,PN00/PN00-1.edf,CALIBRATION,545,1362.5,1367.5,0.1994650810956955,0.2057089805603027,0,0,None
PN00,PN00/PN00-1.edf,CALIBRATION,546,1365.0,1370.0,0.18039767444133759,0.18524743616580963,0,0,None
PN00,PN00/PN00-1.edf,CALIBRATION,547,1367.5,1372.5,0.1758795529603958,0.178772563735644,0,0,None
PN00,PN00/PN00-1.edf,CALIBRATION,548,1370.0,1375.0,0.18004046380519867,0.18532917896906534,0,0,None
PN00,PN00/PN00-1.edf,CALIBRATION,549,1372.5,1377.5,0.20006752014160156,0.1881413807471593,0,0,None
PN00,PN00/PN00-1.edf,CALIBRATION,550,1375.0,1380.0,0.18431615829467773,0.17589605351289112,0,0,None
PN00,PN00/PN00-1.edf,CALIBRATION,551,1377.5,1382.5,0.1433044821023941,0.145603376130263,0,0,None
PN00,PN00/PN00-1.edf,CALIBRATION,552,1380.0,1385.0,0.1091894879937172,0.11776412278413773,0,0,None
PN00,PN00/PN00-1.edf,CALIBRATION,553,1382.5,1387.5,0.10079839825630188,0.10442782441775003,0,0,None
PN00,PN00/PN00-1.edf,CALIBRATION,554,1385.0,1390.0,0.10329558700323105,0.11233161638180414,0,0,None
PN00,PN00/PN00-1.edf,CALIBRATION,555,1387.5,1392.5,0.13290086388587952,0.12215018024047214,0,0,None
PN00,PN00/PN00-1.edf,CALIBRATION,556,1390.0,1395.0,0.1302540898323059,0.14922263224919635,0,0,None
PN00,PN00/PN00-1.edf,CALIBRATION,557,1392.5,1397.5,0.1845129430294037,0.17213314274946848,0,0,None
PN00,PN00/PN00-1.edf,CALIBRATION,558,1395.0,1400.0,0.20163239538669586,0.17968741059303284,0,0,None
PN00,PN00/PN00-1.edf,CALIBRATION,559,1397.5,1402.5,0.15291689336299896,0.16360296308994293,0,0,None
PN00,PN00/PN00-1.edf,CALIBRATION,560,1400.0,1405.0,0.13625960052013397,0.1546561817328135,0,0,None
PN00,PN00/PN00-1.edf,CALIBRATION,561,1402.5,1407.5,0.17479205131530762,0.1773303747177124,0,0,None
PN00,PN00/PN00-1.edf,CALIBRATION,562,1405.0,1410.0,0.22093947231769562,0.20105107128620145,0,0,None
PN00,PN00/PN00-1.edf,CALIBRATION,563,1407.5,1412.5,0.2074216902256012,0.20736393829186756,0,0,None
PN00,PN00/PN00-1.edf,CALIBRATION,564,1410.0,1415.0,0.1937306523323059,0.19222110509872437,0,0,None
PN00,PN00/PN00-1.edf,CALIBRATION,565,1412.5,1417.5,0.175510972738266,0.1971052090326945,0,0,None
PN00,PN00/PN00-1.edf,CALIBRATION,566,1415.0,1420.0,0.2220740020275116,0.21924640734990436,0,0,None
PN00,PN00/PN00-1.edf,CALIBRATION,567,1417.5,1422.5,0.26015424728393555,0.24266337851683295,0,0,None
PN00,PN00/PN00-1.edf,CALIBRATION,568,1420.0,1425.0,0.24576188623905182,0.2378257264693578,0,0,None
PN00,PN00/PN00-1.edf,CALIBRATION,569,1422.5,1427.5,0.20756104588508606,0.23079023261864978,0,0,None
PN00,PN00/PN00-1.edf,CALIBRATION,570,1425.0,1430.0,0.23904776573181152,0.2530647019545237,0,0,None
PN00,PN00/PN00-1.edf,CALIBRATION,571,1427.5,1432.5,0.3125852942466736,0.2737323443094889,0,0,None
PN00,PN00/PN00-1.edf,CALIBRATION,572,1430.0,1435.0,0.2695639729499817,0.2669138411680857,0,0,None
PN00,PN00/PN00-1.edf,CALIBRATION,573,1432.5,1437.5,0.21859225630760193,0.22044074535369873,0,0,None
PN00,PN00/PN00-1.edf,CALIBRATION,574,1435.0,1440.0,0.17316600680351257,0.17320419351259866,0,0,None
PN00,PN00/PN00-1.edf,CALIBRATION,575,1437.5,1442.5,0.12785431742668152,0.13345710933208466,0,0,None
PN00,PN00/PN00-1.edf,CALIBRATION,576,1440.0,1445.0,0.09935100376605988,0.10819848130146661,0,0,None
PN00,PN00/PN00-1.edf,CALIBRATION,577,1442.5,1447.5,0.09739012271165848,0.09969189266363779,0,0,None
PN00,PN00/PN00-1.edf,CALIBRATION,578,1445.0,1450.0,0.10233455151319504,0.10000088314215341,0,0,None
PN00,PN00/PN00-1.edf,CALIBRATION,579,1447.5,1452.5,0.10027797520160675,0.10180824995040894,0,0,None
PN00,PN00/PN00-1.edf,CALIBRATION,580,1450.0,1455.0,0.10281222313642502,0.10608157267173131,0,0,None
PN00,PN00/PN00-1.edf,CALIBRATION,581,1452.5,1457.5,0.11515451967716217,0.11529606332381566,0,0,None
PN00,PN00/PN00-1.edf,CALIBRATION,582,1455.0,1460.0,0.1279214471578598,0.1282130479812622,0,0,None
PN00,PN00/PN00-1.edf,CALIBRATION,583,1457.5,1462.5,0.14156317710876465,0.13991386195023853,0,0,None
PN00,PN00/PN00-1.edf,CALIBRATION,584,1460.0,1465.0,0.1502569615840912,0.1515897860129674,0,0,None
PN00,PN00/PN00-1.edf,CALIBRATION,585,1462.5,1467.5,0.16294921934604645,0.15940944850444794,0,0,None
PN00,PN00/PN00-1.edf,CALIBRATION,586,1465.0,1470.0,0.16502216458320618,0.16236247618993122,0,0,None
PN00,PN00/PN00-1.edf,CALIBRATION,587,1467.5,1472.5,0.15911604464054108,0.16033779581387836,0,0,None
PN00,PN00/PN00-1.edf,CALIBRATION,588,1470.0,1475.0,0.15687517821788788,0.15739823877811432,0,0,None
PN00,PN00/PN00-1.edf,CALIBRATION,589,1472.5,1477.5,0.156203493475914,0.15756501257419586,0,0,None
PN00,PN00/PN00-1.edf,CALIBRATION,590,1475.0,1480.0,0.1596163660287857,0.15669445196787515,0,0,None
PN00,PN00/PN00-1.edf,CALIBRATION,591,1477.5,1482.5,0.15426349639892578,0.15737088521321613,0,0,None
PN00,PN00/PN00-1.edf,CALIBRATION,592,1480.0,1485.0,0.15823279321193695,0.15712483723958331,0,0,None
PN00,PN00/PN00-1.edf,CALIBRATION,593,1482.5,1487.5,0.15887822210788727,0.15788354476292926,0,0,None
PN00,PN00/PN00-1.edf,CALIBRATION,594,1485.0,1490.0,0.15653961896896362,0.15484727919101715,0,0,None
PN00,PN00/PN00-1.edf,CALIBRATION,595,1487.5,1492.5,0.14912399649620056,0.15069697300593057,0,0,None
PN00,PN00/PN00-1.edf,CALIBRATION,596,1490.0,1495.0,0.14642730355262756,0.14854777852694193,0,0,None
PN00,PN00/PN00-1.edf,CALIBRATION,597,1492.5,1497.5,0.15009203553199768,0.14821253220240274,0,0,None
PN00,PN00/PN00-1.edf,CALIBRATION,598,1495.0,1500.0,0.148118257522583,0.15043228367964426,0,0,None
PN00,PN00/PN00-1.edf,CALIBRATION,599,1497.5,1502.5,0.1530865579843521,0.1542565623919169,0,0,None
PN00,PN00/PN00-1.edf,CALIBRATION,600,1500.0,1505.0,0.1615648716688156,0.16159216066201526,0,0,None
PN00,PN00/PN00-1.edf,CALIBRATION,601,1502.5,1507.5,0.1701250523328781,0.167657400170962,0,0,None
PN00,PN00/PN00-1.edf,CALIBRATION,602,1505.0,1510.0,0.17128227651119232,0.1714406410853068,0,0,None
PN00,PN00/PN00-1.edf,CALIBRATION,603,1507.5,1512.5,0.17291459441184998,0.17138649026552835,0,0,None
PN00,PN00/PN00-1.edf,CALIBRATION,604,1510.0,1515.0,0.16996259987354279,0.1674503634373347,0,0,None
PN00,PN00/PN00-1.edf,CALIBRATION,605,1512.5,1517.5,0.15947389602661133,0.1633923202753067,0,0,None
PN00,PN00/PN00-1.edf,CALIBRATION,606,1515.0,1520.0,0.160740464925766,0.15951127807299295,0,0,None
PN00,PN00/PN00-1.edf,CALIBRATION,607,1517.5,1522.5,0.15831947326660156,0.1600758284330368,0,0,None
PN00,PN00/PN00-1.edf,CALIBRATION,608,1520.0,1525.0,0.16116754710674286,0.16212816536426544,0,0,None
PN00,PN00/PN00-1.edf,CALIBRATION,609,1522.5,1527.5,0.1668974757194519,0.16702253619829813,0,0,None
PN00,PN00/PN00-1.edf,CALIBRATION,610,1525.0,1530.0,0.17300258576869965,0.172436719139417,0,0,None
PN00,PN00/PN00-1.edf,CALIBRATION,611,1527.5,1532.5,0.1774100959300995,0.17680584390958148,0,0,None
PN00,PN00/PN00-1.edf,CALIBRATION,612,1530.0,1535.0,0.18000485002994537,0.178262193997701,0,0,None
PN00,PN00/PN00-1.edf,CALIBRATION,613,1532.5,1537.5,0.17737163603305817,0.17921315133571625,0,0,None
PN00,PN00/PN00-1.edf,CALIBRATION,614,1535.0,1540.0,0.1802629679441452,0.18169358869393665,0,0,None
PN00,PN00/PN00-1.edf,CALIBRATION,615,1537.5,1542.5,0.18744616210460663,0.18447443346182504,0,0,None
PN00,PN00/PN00-1.edf,CALIBRATION,616,1540.0,1545.0,0.18571417033672333,0.1849851757287979,0,0,None
PN00,PN00/PN00-1.edf,CALIBRATION,617,1542.5,1547.5,0.18179519474506378,0.1835832397143046,0,0,None
PN00,PN00/PN00-1.edf,CALIBRATION,618,1545.0,1550.0,0.1832403540611267,0.18234936892986298,0,0,None
PN00,PN00/PN00-1.edf,CALIBRATION,619,1547.5,1552.5,0.18201255798339844,0.18189025421937305,0,0,None
PN00,PN00/PN00-1.edf,CALIBRATION,620,1550.0,1555.0,0.18041785061359406,0.17913552622000375,0,0,None
PN00,PN00/PN00-1.edf,CALIBRATION,621,1552.5,1557.5,0.1749761700630188,0.17643711964289346,0,0,None
PN00,PN00/PN00-1.edf,CALIBRATION,622,1555.0,1560.0,0.17391733825206757,0.17462710042794544,0,0,None
PN00,PN00/PN00-1.edf,CALIBRATION,623,1557.5,1562.5,0.17498779296875,0.17530228694279987,0,0,None
PN00,PN00/PN00-1.edf,CALIBRATION,624,1560.0,1565.0,0.1770017296075821,0.17727360129356384,0,0,None
PN00,PN00/PN00-1.edf,CALIBRATION,625,1562.5,1567.5,0.17983128130435944,0.17833769818147022,0,0,None
PN00,PN00/PN00-1.edf,CALIBRATION,626,1565.0,1570.0,0.17818008363246918,0.18083229660987854,0,0,None
PN00,PN00/PN00-1.edf,CALIBRATION,627,1567.5,1572.5,0.184485524892807,0.18481991191705066,0,0,None
PN00,PN00/PN00-1.edf,CALIBRATION,628,1570.0,1575.0,0.19179412722587585,0.1851828595002492,0,0,None
PN00,PN00/PN00-1.edf,CALIBRATION,629,1572.5,1577.5,0.17926892638206482,0.1794557273387909,0,0,None
PN00,PN00/PN00-1.edf,CALIBRATION,630,1575.0,1580.0,0.167304128408432,0.17197546859582263,0,0,None
PN00,PN00/PN00-1.edf,CALIBRATION,631,1577.5,1582.5,0.16935335099697113,0.20492630700270334,0,0,None
PN00,PN00/PN00-1.edf,CALIBRATION,632,1580.0,1585.0,0.2781214416027069,0.24615876376628876,0,0,None
PN00,PN00/PN00-1.edf,CALIBRATION,633,1582.5,1587.5,0.29100149869918823,0.25610781212647754,0,0,None
PN00,PN00/PN00-1.edf,CALIBRATION,634,1585.0,1590.0,0.19920049607753754,0.21551623940467834,0,0,None
PN00,PN00/PN00-1.edf,CALIBRATION,635,1587.5,1592.5,0.15634672343730927,0.16181761026382446,0,0,None
PN00,PN00/PN00-1.edf,CALIBRATION,636,1590.0,1595.0,0.1299056112766266,0.1299996624390284,0,0,None
PN00,PN00/PN00-1.edf,CALIBRATION,637,1592.5,1597.5,0.10374665260314941,0.10702887922525404,0,0,None
PN00,PN00/PN00-1.edf,CALIBRATION,638,1595.0,1600.0,0.08743437379598618,0.09057177851597467,0,0,None
PN00,PN00/PN00-1.edf,CALIBRATION,639,1597.5,1602.5,0.08053430914878845,0.08475273847579956,0,0,None
PN00,PN00/PN00-1.edf,CALIBRATION,640,1600.0,1605.0,0.08628953248262405,0.09058228383461633,0,0,None
PN00,PN00/PN00-1.edf,CALIBRATION,641,1602.5,1607.5,0.10492300987243652,0.11075396090745925,0,0,None
PN00,PN00/PN00-1.edf,CALIBRATION,642,1605.0,1610.0,0.1410493403673172,0.13461633026599884,0,0,None
PN00,PN00/PN00-1.edf,CALIBRATION,643,1607.5,1612.5,0.1578766405582428,0.1477656563123067,0,0,None
PN00,PN00/PN00-1.edf,CALIBRATION,644,1610.0,1615.0,0.14437098801136017,0.14225686838229495,0,0,None
PN00,PN00/PN00-1.edf,CALIBRATION,645,1612.5,1617.5,0.12452297657728195,0.12770139922698337,0,0,None
PN00,PN00/PN00-1.edf,CALIBRATION,646,1615.0,1620.0,0.11421023309230804,0.11731128642956415,0,0,None
PN00,PN00/PN00-1.edf,CALIBRATION,647,1617.5,1622.5,0.11320064961910248,0.11642638345559438,0,0,None
PN00,PN00/PN00-1.edf,CALIBRATION,648,1620.0,1625.0,0.12186826765537262,0.12297345201174417,0,0,None
PN00,PN00/PN00-1.edf,CALIBRATION,649,1622.5,1627.5,0.13385143876075745,0.13185197114944458,0,0,None
PN00,PN00/PN00-1.edf,CALIBRATION,650,1625.0,1630.0,0.13983620703220367,0.14043323695659637,0,0,None
PN00,PN00/PN00-1.edf,CALIBRATION,651,1627.5,1632.5,0.147612065076828,0.1490218142668406,0,0,None
PN00,PN00/PN00-1.edf,CALIBRATION,652,1630.0,1635.0,0.15961717069149017,0.15676247576872507,0,0,None
PN00,PN00/PN00-1.edf,CALIBRATION,653,1632.5,1637.5,0.16305819153785706,0.15853632986545563,0,0,None
PN00,PN00/PN00-1.edf,CALIBRATION,654,1635.0,1640.0,0.15293362736701965,0.15636336306730905,0,0,None
PN00,PN00/PN00-1.edf,CALIBRATION,655,1637.5,1642.5,0.15309827029705048,0.1512498805920283,0,0,None
PN00,PN00/PN00-1.edf,CALIBRATION,656,1640.0,1645.0,0.14771774411201477,0.14960854252179462,0,0,None
PN00,PN00/PN00-1.edf,CALIBRATION,657,1642.5,1647.5,0.14800961315631866,0.15096325675646463,0,0,None
PN00,PN00/PN00-1.edf,CALIBRATION,658,1645.0,1650.0,0.15716241300106049,0.15378225843111673,0,0,None
PN00,PN00/PN00-1.edf,CALIBRATION,659,1647.5,1652.5,0.15617474913597107,0.15674159427483875,0,0,None
PN00,PN00/PN00-1.edf,CALIBRATION,660,1650.0,1655.0,0.15688762068748474,0.1577570190032323,0,0,None
PN00,PN00/PN00-1.edf,CALIBRATION,661,1652.5,1657.5,0.16020868718624115,0.16829278568426767,0,0,None
PN00,PN00/PN00-1.edf,CALIBRATION,662,1655.0,1660.0,0.18778204917907715,0.19604331254959106,0,0,None
PN00,PN00/PN00-1.edf,CALIBRATION,663,1657.5,1662.5,0.2401392012834549,0.2300085773070653,0,0,None
PN00,PN00/PN00-1.edf,CALIBRATION,664,1660.0,1665.0,0.26210448145866394,0.23607003688812256,0,0,None
PN00,PN00/PN00-1.edf,CALIBRATION,665,1662.5,1667.5,0.20596642792224884,0.1974339410662651,0,0,None
PN00,PN00/PN00-1.edf,CALIBRATION,666,1665.0,1670.0,0.12423091381788254,0.1426720047990481,0,0,None
PN00,PN00/PN00-1.edf,CALIBRATION,667,1667.5,1672.5,0.09781867265701294,0.1050104647874832,0,0,None
PN00,PN00/PN00-1.edf,CALIBRATION,668,1670.0,1675.0,0.09298180788755417,0.09285292029380798,0,0,None
PN00,PN00/PN00-1.edf,CALIBRATION,669,1672.5,1677.5,0.08775828033685684,0.09016649425029755,0,0,None
PN00,PN00/PN00-1.edf,CALIBRATION,670,1675.0,1680.0,0.08975939452648163,0.08927325159311295,0,0,None
PN00,PN00/PN00-1.edf,CALIBRATION,671,1677.5,1682.5,0.09030207991600037,0.09075695276260376,0,0,None
PN00,PN00/PN00-1.edf,CALIBRATION,672,1680.0,1685.0,0.09220938384532928,0.09482148786385854,0,0,None
PN00,PN00/PN00-1.edf,CALIBRATION,673,1682.5,1687.5,0.10195299983024597,0.10442174474398294,0,0,None
PN00,PN00/PN00-1.edf,CALIBRATION,674,1685.0,1690.0,0.1191028505563736,0.11773813267548877,0,0,None
PN00,PN00/PN00-1.edf,CALIBRATION,675,1687.5,1692.5,0.1321585476398468,0.12908096114794412,0,0,None
PN00,PN00/PN00-1.edf,CALIBRATION,676,1690.0,1695.0,0.135981485247612,0.13559037446975708,0,0,None
PN00,PN00/PN00-1.edf,CALIBRATION,677,1692.5,1697.5,0.13863109052181244,0.14051583409309387,0,0,None
PN00,PN00/PN00-1.edf,CALIBRATION,678,1695.0,1700.0,0.14693492650985718,0.14505377411842346,0,0,None
PN00,PN00/PN00-1.edf,CALIBRATION,679,1697.5,1702.5,0.14959530532360077,0.15128538012504578,0,0,None
PN00,PN00/PN00-1.edf,CALIBRATION,680,1700.0,1705.0,0.15732590854167938,0.15638362864653269,0,0,None
PN00,PN00/PN00-1.edf,CALIBRATION,681,1702.5,1707.5,0.16222967207431793,0.15915352602799732,0,0,None
PN00,PN00/PN00-1.edf,CALIBRATION,682,1705.0,1710.0,0.1579049974679947,0.15991108616193134,0,0,None
PN00,PN00/PN00-1.edf,CALIBRATION,683,1707.5,1712.5,0.15959858894348145,0.16051896413167316,0,0,None
PN00,PN00/PN00-1.edf,CALIBRATION,684,1710.0,1715.0,0.1640533059835434,0.16424915691216785,0,0,None
PN00,PN00/PN00-1.edf,CALIBRATION,685,1712.5,1717.5,0.16909557580947876,0.1696585714817047,0,0,None
PN00,PN00/PN00-1.edf,CALIBRATION,686,1715.0,1720.0,0.17582683265209198,0.17249587178230286,0,0,None
PN00,PN00/PN00-1.edf,CALIBRATION,687,1717.5,1722.5,0.17256520688533783,0.17290165026982623,0,0,None
PN00,PN00/PN00-1.edf,CALIBRATION,688,1720.0,1725.0,0.17031291127204895,0.1696957896153132,0,0,None
PN00,PN00/PN00-1.edf,CALIBRATION,689,1722.5,1727.5,0.16620925068855286,0.18671316405137378,0,0,None
PN00,PN00/PN00-1.edf,CALIBRATION,690,1725.0,1730.0,0.2236173301935196,0.20663338899612427,0,0,None
PN00,PN00/PN00-1.edf,CALIBRATION,691,1727.5,1732.5,0.23007358610630035,0.20736123621463776,0,0,None
PN00,PN00/PN00-1.edf,CALIBRATION,692,1730.0,1735.0,0.16839279234409332,0.18032749990622202,0,0,None
PN00,PN00/PN00-1.edf,CALIBRATION,693,1732.5,1737.5,0.1425161212682724,0.1481054127216339,0,0,None
PN00,PN00/PN00-1.edf,CALIBRATION,694,1735.0,1740.0,0.133407324552536,0.13148324439922968,0,0,None
PN00,PN00/PN00-1.edf,CALIBRATION,695,1737.5,1742.5,0.11852628737688065,0.12005238731702168,0,0,None
PN00,PN00/PN00-1.edf,CALIBRATION,696,1740.0,1745.0,0.10822355002164841,0.1106214572985967,0,0,None
PN00,PN00/PN00-1.edf,CALIBRATION,697,1742.5,1747.5,0.10511453449726105,0.10811862846215564,0,0,None
PN00,PN00/PN00-1.edf,CALIBRATION,698,1745.0,1750.0,0.11101780086755753,0.11281705647706985,0,0,None
PN00,PN00/PN00-1.edf,CALIBRATION,699,1747.5,1752.5,0.12231883406639099,0.11864575495322544,0,0,None
PN00,PN00/PN00-1.edf,CALIBRATION,700,1750.0,1755.0,0.12260062992572784,0.13848598798116046,0,0,None
PN00,PN00/PN00-1.edf,CALIBRATION,701,1752.5,1757.5,0.1705384999513626,0.16450906296571094,0,0,None
PN00,PN00/PN00-1.edf,CALIBRATION,702,1755.0,1760.0,0.20038805902004242,0.1759361426035563,0,0,None
PN00,PN00/PN00-1.edf,CALIBRATION,703,1757.5,1762.5,0.15688186883926392,0.16034362961848575,0,0,None
PN00,PN00/PN00-1.edf,CALIBRATION,704,1760.0,1765.0,0.12376096099615097,0.1313955361644427,0,0,None
PN00,PN00/PN00-1.edf,CALIBRATION,705,1762.5,1767.5,0.11354377865791321,0.11443359653155008,0,0,None
PN00,PN00/PN00-1.edf,CALIBRATION,706,1765.0,1770.0,0.10599604994058609,0.10550664613644281,0,0,None
PN00,PN00/PN00-1.edf,CALIBRATION,707,1767.5,1772.5,0.09698010981082916,0.09880806505680084,0,0,None
PN00,PN00/PN00-1.edf,CALIBRATION,708,1770.0,1775.0,0.09344803541898727,0.09635759393374124,0,0,None
PN00,PN00/PN00-1.edf,CALIBRATION,709,1772.5,1777.5,0.09864463657140732,0.09912835558255513,0,0,None
PN00,PN00/PN00-1.edf,CALIBRATION,710,1775.0,1780.0,0.10529239475727081,0.10258840521176654,0,0,None
PN00,PN00/PN00-1.edf,CALIBRATION,711,1777.5,1782.5,0.10382818430662155,0.10346738745768863,0,0,None
PN00,PN00/PN00-1.edf,CALIBRATION,712,1780.0,1785.0,0.10128158330917358,0.1024943913022677,0,0,None
PN00,PN00/PN00-1.edf,CALIBRATION,713,1782.5,1787.5,0.102373406291008,0.10136279215415318,0,0,None
PN00,PN00/PN00-1.edf,CALIBRATION,714,1785.0,1790.0,0.10043338686227798,0.10015442222356795,0,0,None
PN00,PN00/PN00-1.edf,CALIBRATION,715,1787.5,1792.5,0.09765647351741791,0.10162278513113657,0,0,None
PN00,PN00/PN00-1.edf,CALIBRATION,716,1790.0,1795.0,0.10677849501371384,0.10708300024271011,0,0,None
PN00,PN00/PN00-1.edf,CALIBRATION,717,1792.5,1797.5,0.1168140321969986,0.12051080415646234,0,0,None
PN00,PN00/PN00-1.edf,CALIBRATION,718,1795.0,1800.0,0.13793988525867462,0.1370061288277308,0,0,None
PN00,PN00/PN00-1.edf,CALIBRATION,719,1797.5,1802.5,0.15626446902751923,0.1501741309960683,0,0,None
PN00,PN00/PN00-1.edf,CALIBRATION,720,1800.0,1805.0,0.1563180387020111,0.1557910641034444,0,0,None
PN00,PN00/PN00-1.edf,CALIBRATION,721,1802.5,1807.5,0.15479068458080292,0.1557387312253316,0,0,None
PN00,PN00/PN00-1.edf,CALIBRATION,722,1805.0,1810.0,0.15610747039318085,0.158158207933108,0,0,None
PN00,PN00/PN00-1.edf,CALIBRATION,723,1807.5,1812.5,0.16357646882534027,0.16412650048732758,0,0,None
PN00,PN00/PN00-1.edf,CALIBRATION,724,1810.0,1815.0,0.1726955622434616,0.1652896205584208,0,0,None
PN00,PN00/PN00-1.edf,CALIBRATION,725,1812.5,1817.5,0.15959683060646057,0.1617363890012105,0,0,None
PN00,PN00/PN00-1.edf,CALIBRATION,726,1815.0,1820.0,0.1529167741537094,0.15781820813814798,0,0,None
PN00,PN00/PN00-1.edf,CALIBRATION,727,1817.5,1822.5,0.160941019654274,0.1570659925540288,0,0,None
PN00,PN00/PN00-1.edf,CALIBRATION,728,1820.0,1825.0,0.1573401838541031,0.16015317539374033,0,0,None
PN00,PN00/PN00-1.edf,CALIBRATION,729,1822.5,1827.5,0.16217832267284393,0.16070651511351267,0,0,None
PN00,PN00/PN00-1.edf,CALIBRATION,730,1825.0,1830.0,0.162601038813591,0.16057780881722766,0,0,None
PN00,PN00/PN00-1.edf,CALIBRATION,731,1827.5,1832.5,0.1569540649652481,0.1561947762966156,0,0,None
PN00,PN00/PN00-1.edf,CALIBRATION,732,1830.0,1835.0,0.1490292251110077,0.15438500543435413,0,0,None
PN00,PN00/PN00-1.edf,CALIBRATION,733,1832.5,1837.5,0.15717172622680664,0.15601530174414316,0,0,None
PN00,PN00/PN00-1.edf,CALIBRATION,734,1835.0,1840.0,0.16184495389461517,0.15692864855130512,0,0,None
PN00,PN00/PN00-1.edf,CALIBRATION,735,1837.5,1842.5,0.1517692655324936,0.1541442076365153,0,0,None
PN00,PN00/PN00-1.edf,CALIBRATION,736,1840.0,1845.0,0.14881840348243713,0.1603519817193349,0,0,None
PN00,PN00/PN00-1.edf,CALIBRATION,737,1842.5,1847.5,0.18046827614307404,0.17635039488474527,0,0,None
PN00,PN00/PN00-1.edf,CALIBRATION,738,1845.0,1850.0,0.19976450502872467,0.18879699210325873,0,0,None
PN00,PN00/PN00-1.edf,CALIBRATION,739,1847.5,1852.5,0.1861581951379776,0.18697038292884827,0,0,None
PN00,PN00/PN00-1.edf,CALIBRATION,740,1850.0,1855.0,0.17498844861984253,0.17718421419461566,0,0,None
PN00,PN00/PN00-1.edf,CALIBRATION,741,1852.5,1857.5,0.17040599882602692,0.17487245301405588,0,0,None
PN00,PN00/PN00-1.edf,CALIBRATION,742,1855.0,1860.0,0.17922291159629822,0.18512707948684692,0,0,None
PN00,PN00/PN00-1.edf,CALIBRATION,743,1857.5,1862.5,0.20575232803821564,0.20207758744557697,0,0,None
PN00,PN00/PN00-1.edf,CALIBRATION,744,1860.0,1865.0,0.2212575227022171,0.20601710677146912,0,0,None
PN00,PN00/PN00-1.edf,CALIBRATION,745,1862.5,1867.5,0.1910414695739746,0.19430726269880927,0,0,None
PN00,PN00/PN00-1.edf,CALIBRATION,746,1865.0,1870.0,0.1706227958202362,0.1610417291522026,0,0,None
PN00,PN00/PN00-1.edf,CALIBRATION,747,1867.5,1872.5,0.121460922062397,0.13158366829156876,0,0,None
PN00,PN00/PN00-1.edf,CALIBRATION,748,1870.0,1875.0,0.10266728699207306,0.10877020160357156,0,0,None
PN00,PN00/PN00-1.edf,CALIBRATION,749,1872.5,1877.5,0.10218239575624466,0.10393368949492772,0,0,None
PN00,PN00/PN00-1.edf,CALIBRATION,750,1875.0,1880.0,0.10695138573646545,0.10768680771191914,0,0,None
PN00,PN00/PN00-1.edf,CALIBRATION,751,1877.5,1882.5,0.11392664164304733,0.11635386198759079,0,0,None
PN00,PN00/PN00-1.edf,CALIBRATION,752,1880.0,1885.0,0.12818355858325958,0.13298221677541733,0,0,None
PN00,PN00/PN00-1.edf,CALIBRATION,753,1882.5,1887.5,0.15683645009994507,0.14900366961956024,0,0,None
PN00,PN00/PN00-1.edf,CALIBRATION,754,1885.0,1890.0,0.16199100017547607,0.15891077121098834,0,0,None
PN00,PN00/PN00-1.edf,CALIBRATION,755,1887.5,1892.5,0.15790486335754395,0.1604384034872055,0,0,None
PN00,PN00/PN00-1.edf,CALIBRATION,756,1890.0,1895.0,0.1614193469285965,0.15954909722010294,0,0,None
PN00,PN00/PN00-1.edf,CALIBRATION,757,1892.5,1897.5,0.1593230813741684,0.16193809608618417,0,0,None
PN00,PN00/PN00-1.edf,CALIBRATION,758,1895.0,1900.0,0.16507185995578766,0.16524851322174072,0,0,None
PN00,PN00/PN00-1.edf,CALIBRATION,759,1897.5,1902.5,0.1713505983352661,0.16971106827259064,0,0,None
PN00,PN00/PN00-1.edf,CALIBRATION,760,1900.0,1905.0,0.17271074652671814,0.17520978053410846,0,0,None
PN00,PN00/PN00-1.edf,CALIBRATION,761,1902.5,1907.5,0.1815679967403412,0.17704112331072488,0,0,None
PN00,PN00/PN00-1.edf,CALIBRATION,762,1905.0,1910.0,0.17684462666511536,0.17338646948337555,0,0,None
PN00,PN00/PN00-1.edf,CALIBRATION,763,1907.5,1912.5,0.1617467850446701,0.1632465620835622,0,0,None
PN00,PN00/PN00-1.edf,CALIBRATION,764,1910.0,1915.0,0.15114827454090118,0.1557796796162923,0,0,None
PN00,PN00/PN00-1.edf,CALIBRATION,765,1912.5,1917.5,0.15444397926330566,0.15300379196802774,0,0,None
PN00,PN00/PN00-1.edf,CALIBRATION,766,1915.0,1920.0,0.1534191220998764,0.1530051976442337,0,0,None
PN00,PN00/PN00-1.edf,CALIBRATION,767,1917.5,1922.5,0.15115249156951904,0.14997216562430063,0,0,None
PN00,PN00/PN00-1.edf,CALIBRATION,768,1920.0,1925.0,0.14534488320350647,0.14975446959336597,0,0,None
PN00,PN00/PN00-1.edf,CALIBRATION,769,1922.5,1927.5,0.15276603400707245,0.1502599815527598,0,0,None
PN00,PN00/PN00-1.edf,CALIBRATION,770,1925.0,1930.0,0.1526690274477005,0.15056460102399188,0,0,None
PN00,PN00/PN00-1.edf,CALIBRATION,771,1927.5,1932.5,0.14625874161720276,0.14717107514540353,0,0,None
PN00,PN00/PN00-1.edf,CALIBRATION,772,1930.0,1935.0,0.14258545637130737,0.14103130002816516,0,0,None
PN00,PN00/PN00-1.edf,CALIBRATION,773,1932.5,1937.5,0.1342497020959854,0.13782871762911478,0,0,None
PN00,PN00/PN00-1.edf,CALIBRATION,774,1935.0,1940.0,0.13665099442005157,0.13959016402562457,0,0,None
PN00,PN00/PN00-1.edf,CALIBRATION,775,1937.5,1942.5,0.1478697955608368,0.1492307831843694,0,0,None
PN00,PN00/PN00-1.edf,CALIBRATION,776,1940.0,1945.0,0.16317155957221985,0.16005606949329376,0,0,None
PN00,PN00/PN00-1.edf,CALIBRATION,777,1942.5,1947.5,0.16912685334682465,0.16703546047210693,0,0,None
PN00,PN00/PN00-1.edf,CALIBRATION,778,1945.0,1950.0,0.1688079684972763,0.17219334840774536,0,0,None
PN00,PN00/PN00-1.edf,CALIBRATION,779,1947.5,1952.5,0.17864522337913513,0.1751958131790161,0,0,None
PN00,PN00/PN00-1.edf,CALIBRATION,780,1950.0,1955.0,0.1781342476606369,0.1747930943965912,0,0,None
PN00,PN00/PN00-1.edf,CALIBRATION,781,1952.5,1957.5,0.16759981215000153,0.17043131093184152,0,0,None
PN00,PN00/PN00-1.edf,CALIBRATION,782,1955.0,1960.0,0.16555987298488617,0.16784043113390604,0,0,None
PN00,PN00/PN00-1.edf,CALIBRATION,783,1957.5,1962.5,0.17036160826683044,0.17042317986488342,0,0,None
PN00,PN00/PN00-1.edf,CALIBRATION,784,1960.0,1965.0,0.17534805834293365,0.1698774496714274,0,0,None
PN00,PN00/PN00-1.edf,CALIBRATION,785,1962.5,1967.5,0.16392268240451813,0.1652740240097046,0,0,None
PN00,PN00/PN00-1.edf,CALIBRATION,786,1965.0,1970.0,0.156551331281662,0.1577137509981791,0,0,None
PN00,PN00/PN00-1.edf,CALIBRATION,787,1967.5,1972.5,0.15266723930835724,0.1540139118830363,0,0,None
PN00,PN00/PN00-1.edf,CALIBRATION,788,1970.0,1975.0,0.15282316505908966,0.15600534776846567,0,0,None
PN00,PN00/PN00-1.edf,CALIBRATION,789,1972.5,1977.5,0.16252563893795013,0.1620203802982966,0,0,None
PN00,PN00/PN00-1.edf,CALIBRATION,790,1975.0,1980.0,0.17071233689785004,0.16891102492809296,0,0,None
PN00,PN00/PN00-1.edf,CALIBRATION,791,1977.5,1982.5,0.1734950989484787,0.17306463420391083,0,0,None
PN00,PN00/PN00-1.edf,CALIBRATION,792,1980.0,1985.0,0.17498646676540375,0.1727203478415807,0,0,None
PN00,PN00/PN00-1.edf,CALIBRATION,793,1982.5,1987.5,0.16967947781085968,0.1705380380153656,0,0,None
PN00,PN00/PN00-1.edf,CALIBRATION,794,1985.0,1990.0,0.16694816946983337,0.1699524273475011,0,0,None
PN00,PN00/PN00-1.edf,CALIBRATION,795,1987.5,1992.5,0.1732296347618103,0.16902240614096323,0,0,None
PN00,PN00/PN00-1.edf,CALIBRATION,796,1990.0,1995.0,0.16688941419124603,0.16857351859410602,0,0,None
PN00,PN00/PN00-1.edf,CALIBRATION,797,1992.5,1997.5,0.16560150682926178,0.16906963288784027,0,0,None
PN00,PN00/PN00-1.edf,CALIBRATION,798,1995.0,2000.0,0.174717977643013,0.1818443238735199,0,0,None
PN00,PN00/PN00-1.edf,CALIBRATION,799,1997.5,2002.5,0.2052134871482849,0.18990095456441242,0,0,None
PN00,PN00/PN00-1.edf,CALIBRATION,800,2000.0,2005.0,0.1897713989019394,0.1889924754699071,0,0,None
PN00,PN00/PN00-1.edf,CALIBRATION,801,2002.5,2007.5,0.17199254035949707,0.18418085078398386,0,0,None
PN00,PN00/PN00-1.edf,CALIBRATION,802,2005.0,2010.0,0.19077861309051514,0.1972942352294922,0,0,None
PN00,PN00/PN00-1.edf,CALIBRATION,803,2007.5,2012.5,0.22911155223846436,0.19893975059191385,0,0,None
PN00,PN00/PN00-1.edf,CALIBRATION,804,2010.0,2015.0,0.17692908644676208,0.1857102960348129,0,0,None
PN00,PN00/PN00-1.edf,CALIBRATION,805,2012.5,2017.5,0.15109024941921234,0.1712031215429306,0,0,None
PN00,PN00/PN00-1.edf,CALIBRATION,806,2015.0,2020.0,0.18559002876281738,0.18873438735802966,0,0,None
PN00,PN00/PN00-1.edf,CALIBRATION,807,2017.5,2022.5,0.22952288389205933,0.1969316651423772,0,0,None
PN00,PN00/PN00-1.edf,CALIBRATION,808,2020.0,2025.0,0.17568208277225494,0.18127467731634775,0,0,None
PN00,PN00/PN00-1.edf,CALIBRATION,809,2022.5,2027.5,0.138619065284729,0.14608273655176163,0,0,None
PN00,PN00/PN00-1.edf,CALIBRATION,810,2025.0,2030.0,0.12394706159830093,0.12845766047636667,0,0,None
PN00,PN00/PN00-1.edf,CALIBRATION,811,2027.5,2032.5,0.1228068545460701,0.12228035430113474,0,0,None
PN00,PN00/PN00-1.edf,CALIBRATION,812,2030.0,2035.0,0.1200871467590332,0.12158238391081491,0,0,None
PN00,PN00/PN00-1.edf,CALIBRATION,813,2032.5,2037.5,0.12185315042734146,0.12526044994592667,0,0,None
PN00,PN00/PN00-1.edf,CALIBRATION,814,2035.0,2040.0,0.13384105265140533,0.13869205862283707,0,0,None
PN00,PN00/PN00-1.edf,CALIBRATION,815,2037.5,2042.5,0.1603819727897644,0.1787536193927129,0,0,None
PN00,PN00/PN00-1.edf,CALIBRATION,816,2040.0,2045.0,0.242037832736969,0.2245463728904724,0,0,None
PN00,PN00/PN00-1.edf,CALIBRATION,817,2042.5,2047.5,0.27121931314468384,0.24790527919928232,0,0,None
PN00,PN00/PN00-1.edf,CALIBRATION,818,2045.0,2050.0,0.23045869171619415,0.2275861104329427,0,0,None
PN00,PN00/PN00-1.edf,CALIBRATION,819,2047.5,2052.5,0.18108032643795013,0.19049178560574848,0,0,None
PN00,PN00/PN00-1.edf,CALIBRATION,820,2050.0,2055.0,0.1599363386631012,0.16625719269116718,0,0,None
PN00,PN00/PN00-1.edf,CALIBRATION,821,2052.5,2057.5,0.15775491297245026,0.15334166586399078,0,0,None
PN00,PN00/PN00-1.edf,CALIBRATION,822,2055.0,2060.0,0.1423337459564209,0.14446554581324259,0,0,None
PN00,PN00/PN00-1.edf,CALIBRATION,823,2057.5,2062.5,0.13330797851085663,0.13352300226688385,0,0,None
PN00,PN00/PN00-1.edf,CALIBRATION,824,2060.0,2065.0,0.12492728233337402,0.12874275942643482,0,0,None
PN00,PN00/PN00-1.edf,CALIBRATION,825,2062.5,2067.5,0.12799301743507385,0.13089336454868317,0,0,None
PN00,PN00/PN00-1.edf,CALIBRATION,826,2065.0,2070.0,0.13975979387760162,0.1480964918931325,0,0,None
PN00,PN00/PN00-1.edf,CALIBRATION,827,2067.5,2072.5,0.1765366643667221,0.18340157469113666,0,0,None
PN00,PN00/PN00-1.edf,CALIBRATION,828,2070.0,2075.0,0.2339082658290863,0.22686787943045297,0,0,None
PN00,PN00/PN00-1.edf,CALIBRATION,829,2072.5,2077.5,0.27015870809555054,0.26091626286506653,0,0,None
PN00,PN00/PN00-1.edf,CALIBRATION,830,2075.0,2080.0,0.27868181467056274,0.2645295411348343,0,0,None
PN00,PN00/PN00-1.edf,CALIBRATION,831,2077.5,2082.5,0.2447481006383896,0.271834189693133,0,0,None
PN00,PN00/PN00-1.edf,CALIBRATION,832,2080.0,2085.0,0.2920726537704468,0.27555256585280097,0,0,None
PN00,PN00/PN00-1.edf,CALIBRATION,833,2082.5,2087.5,0.28983694314956665,0.274557297428449,0,0,None
PN00,PN00/PN00-1.edf,CALIBRATION,834,2085.0,2090.0,0.24176229536533356,0.24862005313237506,0,0,None
PN00,PN00/PN00-1.edf,CALIBRATION,835,2087.5,2092.5,0.21426092088222504,0.2200739135344823,0,0,None
PN00,PN00/PN00-1.edf,CALIBRATION,836,2090.0,2095.0,0.20419852435588837,0.20539552966753638,0,0,None
PN00,PN00/PN00-1.edf,CALIBRATION,837,2092.5,2097.5,0.19772714376449585,0.19900013009707132,0,0,None
PN00,PN00/PN00-1.edf,CALIBRATION,838,2095.0,2100.0,0.19507472217082977,0.19593238830566406,0,0,None
PN00,PN00/PN00-1.edf,CALIBRATION,839,2097.5,2102.5,0.19499529898166656,0.1937201867500941,0,0,None
PN00,PN00/PN00-1.edf,CALIBRATION,840,2100.0,2105.0,0.19109053909778595,0.1903870403766632,0,0,None
PN00,PN00/PN00-1.edf,CALIBRATION,841,2102.5,2107.5,0.1850752830505371,0.1848280479510625,0,0,None
PN00,PN00/PN00-1.edf,CALIBRATION,842,2105.0,2110.0,0.1783183217048645,0.1817384014527003,0,0,None
PN00,PN00/PN00-1.edf,CALIBRATION,843,2107.5,2112.5,0.18182159960269928,0.18708068132400513,0,0,None
PN00,PN00/PN00-1.edf,CALIBRATION,844,2110.0,2115.0,0.2011021226644516,0.19782854616641998,0,0,None
PN00,PN00/PN00-1.edf,CALIBRATION,845,2112.5,2117.5,0.21056191623210907,0.20658007264137268,0,0,None
PN00,PN00/PN00-1.edf,CALIBRATION,846,2115.0,2120.0,0.20807617902755737,0.207636887828509,0,0,None
PN00,PN00/PN00-1.edf,CALIBRATION,847,2117.5,2122.5,0.2042725682258606,0.20424072444438932,0,0,None
PN00,PN00/PN00-1.edf,CALIBRATION,848,2120.0,2125.0,0.20037342607975006,0.1990162928899129,0,0,None
PN00,PN00/PN00-1.edf,CALIBRATION,849,2122.5,2127.5,0.1924028843641281,0.19244213402271268,0,0,None
PN00,PN00/PN00-1.edf,CALIBRATION,850,2125.0,2130.0,0.18455009162425995,0.1870953341325124,0,0,None
PN00,PN00/PN00-1.edf,CALIBRATION,851,2127.5,2132.5,0.18433302640914917,0.1873016407092412,0,0,None
PN00,PN00/PN00-1.edf,CALIBRATION,852,2130.0,2135.0,0.19302180409431458,0.19538962344328561,0,0,None
PN00,PN00/PN00-1.edf,CALIBRATION,853,2132.5,2137.5,0.20881403982639313,0.2050740619500478,0,0,None
PN00,PN00/PN00-1.edf,CALIBRATION,854,2135.0,2140.0,0.21338634192943573,0.2157326340675354,0,0,None
PN00,PN00/PN00-1.edf,CALIBRATION,855,2137.5,2142.5,0.22499752044677734,0.22663247088591257,0,0,None
PN00,PN00/PN00-1.edf,CALIBRATION,856,2140.0,2145.0,0.24151355028152466,0.22724572817484537,0,0,None
PN00,PN00/PN00-1.edf,CALIBRATION,857,2142.5,2147.5,0.21522611379623413,0.215635672211647,0,0,None
PN00,PN00/PN00-1.edf,CALIBRATION,858,2145.0,2150.0,0.1901673525571823,0.20149615903695423,0,0,None
PN00,PN00/PN00-1.edf,CALIBRATION,859,2147.5,2152.5,0.1990950107574463,0.19975247979164124,0,0,None
PN00,PN00/PN00-1.edf,CALIBRATION,860,2150.0,2155.0,0.2099950760602951,0.20279989143212634,0,0,None
PN00,PN00/PN00-1.edf,CALIBRATION,861,2152.5,2157.5,0.1993095874786377,0.2016468991835912,0,0,None
PN00,PN00/PN00-1.edf,CALIBRATION,862,2155.0,2160.0,0.19563603401184082,0.1936190476020177,0,0,None
PN00,PN00/PN00-1.edf,CALIBRATION,863,2157.5,2162.5,0.18591152131557465,0.1797066827615102,0,0,None
PN00,PN00/PN00-1.edf,CALIBRATION,864,2160.0,2165.0,0.15757249295711517,0.16159096856911975,0,0,None
PN00,PN00/PN00-1.edf,CALIBRATION,865,2162.5,2167.5,0.1412888914346695,0.14595654606819153,0,0,None
PN00,PN00/PN00-1.edf,CALIBRATION,866,2165.0,2170.0,0.13900825381278992,0.1418997546037038,0,0,None
PN00,PN00/PN00-1.edf,CALIBRATION,867,2167.5,2172.5,0.14540211856365204,0.14326572914918262,0,0,None
PN00,PN00/PN00-1.edf,CALIBRATION,868,2170.0,2175.0,0.14538681507110596,0.14403382937113443,0,0,None
PN00,PN00/PN00-1.edf,CALIBRATION,869,2172.5,2177.5,0.14131255447864532,0.1457467327515284,0,0,None
PN00,PN00/PN00-1.edf,CALIBRATION,870,2175.0,2180.0,0.15054082870483398,0.14965744813283283,0,0,None
PN00,PN00/PN00-1.edf,CALIBRATION,871,2177.5,2182.5,0.15711896121501923,0.1568642258644104,0,0,None
PN00,PN00/PN00-1.edf,CALIBRATION,872,2180.0,2185.0,0.162932887673378,0.16277475655078888,0,0,None
PN00,PN00/PN00-1.edf,CALIBRATION,873,2182.5,2187.5,0.16827242076396942,0.16810561219851175,0,0,None
PN00,PN00/PN00-1.edf,CALIBRATION,874,2185.0,2190.0,0.17311152815818787,0.17222603162129718,0,0,None
PN00,PN00/PN00-1.edf,CALIBRATION,875,2187.5,2192.5,0.17529414594173431,0.17423926790555316,0,0,None
PN00,PN00/PN00-1.edf,CALIBRATION,876,2190.0,2195.0,0.17431212961673737,0.17707198361555734,0,0,None
PN00,PN00/PN00-1.edf,CALIBRATION,877,2192.5,2197.5,0.18160967528820038,0.17918169498443604,0,0,None
PN00,PN00/PN00-1.edf,CALIBRATION,878,2195.0,2200.0,0.18162328004837036,0.18144417305787403,0,0,None
PN00,PN00/PN00-1.edf,CALIBRATION,879,2197.5,2202.5,0.1810995638370514,0.18196071684360504,0,0,None
PN00,PN00/PN00-1.edf,CALIBRATION,880,2200.0,2205.0,0.18315930664539337,0.18146811922391254,0,0,None
PN00,PN00/PN00-1.edf,CALIBRATION,881,2202.5,2207.5,0.1801454871892929,0.18219159543514252,0,0,None
PN00,PN00/PN00-1.edf,CALIBRATION,882,2205.0,2210.0,0.18326999247074127,0.18138865133126575,0,0,None
PN00,PN00/PN00-1.edf,CALIBRATION,883,2207.5,2212.5,0.18075047433376312,0.1817572961250941,0,0,None
PN00,PN00/PN00-1.edf,CALIBRATION,884,2210.0,2215.0,0.1812514215707779,0.180557315548261,0,0,None
PN00,PN00/PN00-1.edf,CALIBRATION,885,2212.5,2217.5,0.179670050740242,0.17335120836893717,0,0,None
PN00,PN00/PN00-1.edf,CALIBRATION,886,2215.0,2220.0,0.15913215279579163,0.16446040074030557,0,0,None
PN00,PN00/PN00-1.edf,CALIBRATION,887,2217.5,2222.5,0.15457899868488312,0.15721282362937927,0,0,None
PN00,PN00/PN00-1.edf,CALIBRATION,888,2220.0,2225.0,0.15792731940746307,0.1632754902044932,0,0,None
PN00,PN00/PN00-1.edf,CALIBRATION,889,2222.5,2227.5,0.17732015252113342,0.16951166590054828,0,0,None
PN00,PN00/PN00-1.edf,CALIBRATION,890,2225.0,2230.0,0.1732875257730484,0.1772259126106898,0,0,None
PN00,PN00/PN00-1.edf,CALIBRATION,891,2227.5,2232.5,0.18107005953788757,0.17811958988507587,0,0,None
PN00,PN00/PN00-1.edf,CALIBRATION,892,2230.0,2235.0,0.1800011843442917,0.18292300403118134,0,0,None
PN00,PN00/PN00-1.edf,CALIBRATION,893,2232.5,2237.5,0.18769776821136475,0.18830910821755725,0,0,None
PN00,PN00/PN00-1.edf,CALIBRATION,894,2235.0,2240.0,0.19722837209701538,0.19428075353304544,0,0,None
PN00,PN00/PN00-1.edf,CALIBRATION,895,2237.5,2242.5,0.19791612029075623,0.19926361242930093,0,0,None
PN00,PN00/PN00-1.edf,CALIBRATION,896,2240.0,2245.0,0.20264634490013123,0.21932122111320496,0,0,None
PN00,PN00/PN00-1.edf,CALIBRATION,897,2242.5,2247.5,0.2574011981487274,0.24169582128524777,0,0,None
PN00,PN00/PN00-1.edf,CALIBRATION,898,2245.0,2250.0,0.26503992080688477,0.2523293296496073,0,0,None
PN00,PN00/PN00-1.edf,CALIBRATION,899,2247.5,2252.5,0.23454686999320984,0.241660863161087,0,0,None
PN00,PN00/PN00-1.edf,CALIBRATION,900,2250.0,2255.0,0.2253957986831665,0.22552321851253507,0,0,None
PN00,PN00/PN00-1.edf,CALIBRATION,901,2252.5,2257.5,0.21662698686122894,0.21651284396648404,0,0,None
PN00,PN00/PN00-1.edf,CALIBRATION,902,2255.0,2260.0,0.20751574635505676,0.20496210455894467,0,0,None
PN00,PN00/PN00-1.edf,CALIBRATION,903,2257.5,2262.5,0.1907435804605484,0.1953981022040049,0,0,None
PN00,PN00/PN00-1.edf,CALIBRATION,904,2260.0,2265.0,0.1879349797964096,0.18899040420850116,0,0,None
PN00,PN00/PN00-1.edf,CALIBRATION,905,2262.5,2267.5,0.18829265236854553,0.18864862620830536,0,0,None
PN00,PN00/PN00-1.edf,CALIBRATION,906,2265.0,2270.0,0.18971824645996094,0.18754500647385913,0,0,None
PN00,PN00/PN00-1.edf,CALIBRATION,907,2267.5,2272.5,0.18462412059307098,0.18690218031406403,0,0,None
PN00,PN00/PN00-1.edf,CALIBRATION,908,2270.0,2275.0,0.18636417388916016,0.1917036473751068,0,0,None
PN00,PN00/PN00-1.edf,CALIBRATION,909,2272.5,2277.5,0.2041226476430893,0.20260521769523618,0,0,None
PN00,PN00/PN00-1.edf,CALIBRATION,910,2275.0,2280.0,0.21732883155345917,0.21336835622787476,0,0,None
PN00,PN00/PN00-1.edf,CALIBRATION,911,2277.5,2282.5,0.2186535894870758,0.21021670599778491,0,0,None
PN00,PN00/PN00-1.edf,CALIBRATION,912,2280.0,2285.0,0.19466769695281982,0.19737336536248523,0,0,None
PN00,PN00/PN00-1.edf,CALIBRATION,913,2282.5,2287.5,0.17879880964756012,0.183674747745196,0,0,None
PN00,PN00/PN00-1.edf,CALIBRATION,914,2285.0,2290.0,0.17755773663520813,0.1794601132472356,0,0,None
PN00,PN00/PN00-1.edf,CALIBRATION,915,2287.5,2292.5,0.1820237934589386,0.17706432938575745,0,0,None
PN00,PN00/PN00-1.edf,CALIBRATION,916,2290.0,2295.0,0.1716114580631256,0.17142469187577564,0,0,None
PN00,PN00/PN00-1.edf,CALIBRATION,917,2292.5,2297.5,0.16063882410526276,0.1667373776435852,0,0,None
PN00,PN00/PN00-1.edf,CALIBRATION,918,2295.0,2300.0,0.16796185076236725,0.1713569164276123,0,0,None
PN00,PN00/PN00-1.edf,CALIBRATION,919,2297.5,2302.5,0.1854700744152069,0.17848631739616394,0,0,None
PN00,PN00/PN00-1.edf,CALIBRATION,920,2300.0,2305.0,0.18202702701091766,0.1760102758804957,0,0,None
PN00,PN00/PN00-1.edf,CALIBRATION,921,2302.5,2307.5,0.16053372621536255,0.1624402552843094,0,0,None
PN00,PN00/PN00-1.edf,CALIBRATION,922,2305.0,2310.0,0.14476001262664795,0.15039242307345072,0,0,None
PN00,PN00/PN00-1.edf,CALIBRATION,923,2307.5,2312.5,0.14588353037834167,0.1469498922427495,0,0,None
PN00,PN00/PN00-1.edf,CALIBRATION,924,2310.0,2315.0,0.15020613372325897,0.15319426854451496,0,0,None
PN00,PN00/PN00-1.edf,CALIBRATION,925,2312.5,2317.5,0.16349314153194427,0.16058262189229328,0,0,None
PN00,PN00/PN00-1.edf,CALIBRATION,926,2315.0,2320.0,0.16804859042167664,0.16792722543080646,0,0,None
PN00,PN00/PN00-1.edf,CALIBRATION,927,2317.5,2322.5,0.17223994433879852,0.17704209685325623,0,0,None
PN00,PN00/PN00-1.edf,CALIBRATION,928,2320.0,2325.0,0.19083775579929352,0.18509683509667713,0,0,None
PN00,PN00/PN00-1.edf,CALIBRATION,929,2322.5,2327.5,0.1922128051519394,0.18436152736345926,0,0,None
PN00,PN00/PN00-1.edf,CALIBRATION,930,2325.0,2330.0,0.1700340211391449,0.17300476630528766,0,0,None
PN00,PN00/PN00-1.edf,CALIBRATION,931,2327.5,2332.5,0.15676747262477875,0.16170392433802286,0,0,None
PN00,PN00/PN00-1.edf,CALIBRATION,932,2330.0,2335.0,0.15831027925014496,0.15707838535308838,0,0,None
PN00,PN00/PN00-1.edf,CALIBRATION,933,2332.5,2337.5,0.15615740418434143,0.15609010060628253,0,0,None
PN00,PN00/PN00-1.edf,CALIBRATION,934,2335.0,2340.0,0.15380261838436127,0.1542363812526067,0,0,None
PN00,PN00/PN00-1.edf,CALIBRATION,935,2337.5,2342.5,0.15274912118911743,0.15361694991588593,0,0,None
PN00,PN00/PN00-1.edf,CALIBRATION,936,2340.0,2345.0,0.15429911017417908,0.1557228664557139,0,0,None
PN00,PN00/PN00-1.edf,CALIBRATION,937,2342.5,2347.5,0.16012036800384521,0.16088085373242694,0,0,None
PN00,PN00/PN00-1.edf,CALIBRATION,938,2345.0,2350.0,0.1682230830192566,0.16509438554445902,0,0,None
PN00,PN00/PN00-1.edf,CALIBRATION,939,2347.5,2352.5,0.16693970561027527,0.1675921231508255,0,0,None
PN00,PN00/PN00-1.edf,CALIBRATION,940,2350.0,2355.0,0.16761358082294464,0.1682456334431966,0,0,None
PN00,PN00/PN00-1.edf,CALIBRATION,941,2352.5,2357.5,0.17018361389636993,0.1671594778696696,0,0,None
PN00,PN00/PN00-1.edf,CALIBRATION,942,2355.0,2360.0,0.1636812388896942,0.16637670497099558,0,0,None
PN00,PN00/PN00-1.edf,CALIBRATION,943,2357.5,2362.5,0.1652652621269226,0.16616920630137125,0,0,None
PN00,PN00/PN00-1.edf,CALIBRATION,944,2360.0,2365.0,0.16956111788749695,0.16720840831597644,0,0,None
PN00,PN00/PN00-1.edf,CALIBRATION,945,2362.5,2367.5,0.16679884493350983,0.16560453176498413,0,0,None
PN00,PN00/PN00-1.edf,CALIBRATION,946,2365.0,2370.0,0.16045363247394562,0.16218404471874237,0,0,None
PN00,PN00/PN00-1.edf,CALIBRATION,947,2367.5,2372.5,0.15929965674877167,0.16125852862993875,0,0,None
PN00,PN00/PN00-1.edf,CALIBRATION,948,2370.0,2375.0,0.164022296667099,0.1667882998784383,0,0,None
PN00,PN00/PN00-1.edf,CALIBRATION,949,2372.5,2377.5,0.17704294621944427,0.17083628475666046,0,0,None
PN00,PN00/PN00-1.edf,CALIBRATION,950,2375.0,2380.0,0.1714436113834381,0.1738401303688685,0,0,None
PN00,PN00/PN00-1.edf,CALIBRATION,951,2377.5,2382.5,0.17303383350372314,0.16197294493516284,0,0,None
PN00,PN00/PN00-1.edf,CALIBRATION,952,2380.0,2385.0,0.14144138991832733,0.14114901423454285,0,0,None
PN00,PN00/PN00-1.edf,CALIBRATION,953,2382.5,2387.5,0.10897181928157806,0.11538973947366077,0,0,None
PN00,PN00/PN00-1.edf,CALIBRATION,954,2385.0,2390.0,0.09575600922107697,0.09914398193359375,0,0,None
PN00,PN00/PN00-1.edf,CALIBRATION,955,2387.5,2392.5,0.09270411729812622,0.09560820708672205,0,0,None
PN00,PN00/PN00-1.edf,CALIBRATION,956,2390.0,2395.0,0.09836449474096298,0.10182464867830276,0,0,None
PN00,PN00/PN00-1.edf,CALIBRATION,957,2392.5,2397.5,0.11440533399581909,0.11541406561930974,0,0,None
PN00,PN00/PN00-1.edf,CALIBRATION,958,2395.0,2400.0,0.13347236812114716,0.13362673918406168,0,0,None
PN00,PN00/PN00-1.edf,CALIBRATION,959,2397.5,2402.5,0.1530025154352188,0.15246566136678058,0,0,None
PN00,PN00/PN00-1.edf,CALIBRATION,960,2400.0,2405.0,0.17092210054397583,0.16896071036656696,0,0,None
PN00,PN00/PN00-1.edf,CALIBRATION,961,2402.5,2407.5,0.1829575151205063,0.17885572214921314,0,0,None
PN00,PN00/PN00-1.edf,CALIBRATION,962,2405.0,2410.0,0.18268755078315735,0.181142325202624,0,0,None
PN00,PN00/PN00-1.edf,CALIBRATION,963,2407.5,2412.5,0.17778190970420837,0.1783339778582255,0,0,None
PN00,PN00/PN00-1.edf,CALIBRATION,964,2410.0,2415.0,0.1745324730873108,0.1774624188741048,0,0,None
PN00,PN00/PN00-1.edf,CALIBRATION,965,2412.5,2417.5,0.1800728738307953,0.17609342435995737,0,0,None
PN00,PN00/PN00-1.edf,CALIBRATION,966,2415.0,2420.0,0.17367492616176605,0.17721373836199442,0,0,None
PN00,PN00/PN00-1.edf,CALIBRATION,967,2417.5,2422.5,0.17789341509342194,0.17704330384731293,0,0,None
PN00,PN00/PN00-1.edf,CALIBRATION,968,2420.0,2425.0,0.1795615702867508,0.17953122158845264,0,0,None
PN00,PN00/PN00-1.edf,CALIBRATION,969,2422.5,2427.5,0.18113867938518524,0.18100219468275705,0,0,None
PN00,PN00/PN00-1.edf,CALIBRATION,970,2425.0,2430.0,0.18230633437633514,0.18085211018721262,0,0,None
PN00,PN00/PN00-1.edf,CALIBRATION,971,2427.5,2432.5,0.1791113168001175,0.180374413728714,0,0,None
PN00,PN00/PN00-1.edf,CALIBRATION,972,2430.0,2435.0,0.17970559000968933,0.17835913598537445,0,0,None
PN00,PN00/PN00-1.edf,CALIBRATION,973,2432.5,2437.5,0.17626050114631653,0.1770129601160685,0,0,None
PN00,PN00/PN00-1.edf,CALIBRATION,974,2435.0,2440.0,0.1750727891921997,0.17763032515843707,0,0,None
PN00,PN00/PN00-1.edf,CALIBRATION,975,2437.5,2442.5,0.18155768513679504,0.1771918882926305,0,0,None
PN00,PN00/PN00-1.edf,CALIBRATION,976,2440.0,2445.0,0.1749451905488968,0.182106872399648,0,0,None
PN00,PN00/PN00-1.edf,CALIBRATION,977,2442.5,2447.5,0.18981774151325226,0.18978286782900491,0,0,None
PN00,PN00/PN00-1.edf,CALIBRATION,978,2445.0,2450.0,0.20458567142486572,0.19807354112466175,0,0,None
PN00,PN00/PN00-1.edf,CALIBRATION,979,2447.5,2452.5,0.1998172104358673,0.20061900218327838,0,0,None
PN00,PN00/PN00-1.edf,CALIBRATION,980,2450.0,2455.0,0.19745412468910217,0.19619132081667578,0,0,None
PN00,PN00/PN00-1.edf,CALIBRATION,981,2452.5,2457.5,0.19130262732505798,0.18992212911446887,0,0,None
PN00,PN00/PN00-1.edf,CALIBRATION,982,2455.0,2460.0,0.18100963532924652,0.1898518254359563,0,0,None
PN00,PN00/PN00-1.edf,CALIBRATION,983,2457.5,2462.5,0.19724321365356445,0.19628367324670154,0,0,None
PN00,PN00/PN00-1.edf,CALIBRATION,984,2460.0,2465.0,0.2105981707572937,0.20198884606361386,0,0,None
PN00,PN00/PN00-1.edf,CALIBRATION,985,2462.5,2467.5,0.19812515377998352,0.19993436336517334,0,0,None
PN00,PN00/PN00-1.edf,CALIBRATION,986,2465.0,2470.0,0.1910797655582428,0.19192808866500854,0,0,None
PN00,PN00/PN00-1.edf,CALIBRATION,987,2467.5,2472.5,0.18657934665679932,0.18989935517311093,0,0,None
PN00,PN00/PN00-1.edf,CALIBRATION,988,2470.0,2475.0,0.19203895330429077,0.19119377434253693,0,0,None
PN00,PN00/PN00-1.edf,CALIBRATION,989,2472.5,2477.5,0.1949630230665207,0.19266343116760254,0,0,None
PN00,PN00/PN00-1.edf,CALIBRATION,990,2475.0,2480.0,0.19098831713199615,0.1928650637467702,0,0,None
PN00,PN00/PN00-1.edf,CALIBRATION,991,2477.5,2482.5,0.19264385104179382,0.1902761807044347,0,0,None
PN00,PN00/PN00-1.edf,CALIBRATION,992,2480.0,2485.0,0.18719637393951416,0.18680530786514282,0,0,None
PN00,PN00/PN00-1.edf,CALIBRATION,993,2482.5,2487.5,0.18057569861412048,0.18147299687067667,0,0,None
PN00,PN00/PN00-1.edf,CALIBRATION,994,2485.0,2490.0,0.17664691805839539,0.1947928617397944,0,0,None
PN00,PN00/PN00-1.edf,CALIBRATION,995,2487.5,2492.5,0.22715596854686737,0.22550182044506073,0,0,None
PN00,PN00/PN00-1.edf,CALIBRATION,996,2490.0,2495.0,0.27270257472991943,0.23442064225673673,0,0,None
PN00,PN00/PN00-1.edf,CALIBRATION,997,2492.5,2497.5,0.20340338349342346,0.21248217423756915,0,0,None
PN00,PN00/PN00-1.edf,CALIBRATION,998,2495.0,2500.0,0.16134056448936462,0.17108506460984546,0,0,None
PN00,PN00/PN00-1.edf,CALIBRATION,999,2497.5,2502.5,0.14851124584674835,0.15193188687165576,0,0,None
PN00,PN00/PN00-1.edf,CALIBRATION,1000,2500.0,2505.0,0.14594385027885437,0.14856691161791483,0,0,None
PN00,PN00/PN00-1.edf,CALIBRATION,1001,2502.5,2507.5,0.15124563872814178,0.16937461495399475,0,0,None
PN00,PN00/PN00-1.edf,CALIBRATION,1002,2505.0,2510.0,0.2109343558549881,0.20358155171076453,0,0,None
PN00,PN00/PN00-1.edf,CALIBRATION,1003,2507.5,2512.5,0.24856466054916382,0.2675992200771967,0,0,None
PN00,PN00/PN00-1.edf,CALIBRATION,1004,2510.0,2515.0,0.34329864382743835,0.3137507339318593,0,0,None
PN00,PN00/PN00-1.edf,CALIBRATION,1005,2512.5,2517.5,0.34938889741897583,0.3441896239916483,0,0,None
PN00,PN00/PN00-1.edf,CALIBRATION,1006,2515.0,2520.0,0.3398813307285309,0.36732469995816547,0,0,None
PN00,PN00/PN00-1.edf,CALIBRATION,1007,2517.5,2522.5,0.41270387172698975,0.40216249227523804,0,0,None
PN00,PN00/PN00-1.edf,CALIBRATION,1008,2520.0,2525.0,0.4539022743701935,0.42562684416770935,0,0,None
PN00,PN00/PN00-1.edf,CALIBRATION,1009,2522.5,2527.5,0.4102743864059448,0.39865884184837336,0,0,None
PN00,PN00/PN00-1.edf,CALIBRATION,1010,2525.0,2530.0,0.33179986476898193,0.34343023101488745,0,0,None
PN00,PN00/PN00-1.edf,CALIBRATION,1011,2527.5,2532.5,0.2882164418697357,0.2891661574443181,0,0,None
PN00,PN00/PN00-1.edf,CALIBRATION,1012,2530.0,2535.0,0.24748216569423676,0.25233090420564014,0,0,None
PN00,PN00/PN00-1.edf,CALIBRATION,1013,2532.5,2537.5,0.221294105052948,0.2291087955236435,0,0,None
PN00,PN00/PN00-1.edf,CALIBRATION,1014,2535.0,2540.0,0.21855011582374573,0.21679181853930155,0,0,None
PN00,PN00/PN00-1.edf,CALIBRATION,1015,2537.5,2542.5,0.21053123474121094,0.20813471575578052,0,0,None
PN00,PN00/PN00-1.edf,CALIBRATION,1016,2540.0,2545.0,0.19532279670238495,0.19673349956671396,0,0,None
PN00,PN00/PN00-1.edf,CALIBRATION,1017,2542.5,2547.5,0.18434646725654602,0.1841292381286621,0,0,None
PN00,PN00/PN00-1.edf,CALIBRATION,1018,2545.0,2550.0,0.17271845042705536,0.18286044895648956,0,0,None
PN00,PN00/PN00-1.edf,CALIBRATION,1019,2547.5,2552.5,0.1915164291858673,0.18449086447556812,0,0,None
PN00,PN00/PN00-1.edf,CALIBRATION,1020,2550.0,2555.0,0.18923771381378174,0.18702537814776102,0,0,None
PN00,PN00/PN00-1.edf,CALIBRATION,1021,2552.5,2557.5,0.18032199144363403,0.1820243050654729,0,0,None
PN00,PN00/PN00-1.edf,CALIBRATION,1022,2555.0,2560.0,0.176513209939003,0.17928644518057504,0,0,None
PN00,PN00/PN00-1.edf,CALIBRATION,1023,2557.5,2562.5,0.18102413415908813,0.18253578742345172,0,0,None
PN00,PN00/PN00-1.edf,CALIBRATION,1024,2560.0,2565.0,0.1900700181722641,0.18710210919380188,0,0,None
PN00,PN00/PN00-1.edf,CALIBRATION,1025,2562.5,2567.5,0.1902121752500534,0.18997877836227417,0,0,None
PN00,PN00/PN00-1.edf,CALIBRATION,1026,2565.0,2570.0,0.189654141664505,0.1913693199555079,0,0,None
PN00,PN00/PN00-1.edf,CALIBRATION,1027,2567.5,2572.5,0.19424164295196533,0.18833123644193012,0,0,None
PN00,PN00/PN00-1.edf,CALIBRATION,1028,2570.0,2575.0,0.18109792470932007,0.18314063549041748,0,0,None
PN00,PN00/PN00-1.edf,CALIBRATION,1029,2572.5,2577.5,0.17408233880996704,0.1766890635093053,0,0,None
PN00,PN00/PN00-1.edf,CALIBRATION,1030,2575.0,2580.0,0.17488692700862885,0.17151693999767303,0,0,None
PN00,PN00/PN00-1.edf,CALIBRATION,1031,2577.5,2582.5,0.16558155417442322,0.16936298211415607,0,0,None
PN00,PN00/PN00-1.edf,CALIBRATION,1032,2580.0,2585.0,0.1676204651594162,0.16690824429194132,0,0,None
PN00,PN00/PN00-1.edf,CALIBRATION,1033,2582.5,2587.5,0.16752271354198456,0.16465090215206146,0,0,None
PN00,PN00/PN00-1.edf,CALIBRATION,1034,2585.0,2590.0,0.15880952775478363,0.16162092983722687,0,0,None
PN00,PN00/PN00-1.edf,CALIBRATION,1035,2587.5,2592.5,0.15853054821491241,0.16155233482519785,0,0,None
PN00,PN00/PN00-1.edf,CALIBRATION,1036,2590.0,2595.0,0.16731692850589752,0.16368651886781055,0,0,None
PN00,PN00/PN00-1.edf,CALIBRATION,1037,2592.5,2597.5,0.16521207988262177,0.1659385710954666,0,0,None
PN00,PN00/PN00-1.edf,CALIBRATION,1038,2595.0,2600.0,0.16528670489788055,0.1641437808672587,0,0,None
PN00,PN00/PN00-1.edf,CALIBRATION,1039,2597.5,2602.5,0.1619325578212738,0.16220062971115112,0,0,None
PN00,PN00/PN00-1.edf,CALIBRATION,1040,2600.0,2605.0,0.159382626414299,0.15963813165823618,0,0,None
PN00,PN00/PN00-1.edf,CALIBRATION,1041,2602.5,2607.5,0.15759921073913574,0.15939612686634064,0,0,None
PN00,PN00/PN00-1.edf,CALIBRATION,1042,2605.0,2610.0,0.16120654344558716,0.1613907863696416,0,0,None
PN00,PN00/PN00-1.edf,CALIBRATION,1043,2607.5,2612.5,0.16536660492420197,0.16314064959685007,0,0,None
PN00,PN00/PN00-1.edf,CALIBRATION,1044,2610.0,2615.0,0.1628488004207611,0.16201355059941608,0,0,None
PN00,PN00/PN00-1.edf,CALIBRATION,1045,2612.5,2617.5,0.15782524645328522,0.1592592845360438,0,0,None
PN00,PN00/PN00-1.edf,CALIBRATION,1046,2615.0,2620.0,0.15710380673408508,0.1578929821650187,0,0,None
PN00,PN00/PN00-1.edf,CALIBRATION,1047,2617.5,2622.5,0.15874989330768585,0.1576268325249354,0,0,None
PN00,PN00/PN00-1.edf,CALIBRATION,1048,2620.0,2625.0,0.15702679753303528,0.10525889694690704,0,0,None
PN00,PN00/PN00-4.edf,CALIBRATION,0,0.0,5.0,0.2146872729063034,0.1428773154815038,0,0,None
PN00,PN00/PN00-4.edf,CALIBRATION,1,2.5,7.5,0.213944673538208,0.21127993365128833,0,0,None
PN00,PN00/PN00-4.edf,CALIBRATION,2,5.0,10.0,0.20520785450935364,0.20164634287357328,0,0,None
PN00,PN00/PN00-4.edf,CALIBRATION,3,7.5,12.5,0.18578650057315826,0.18503872056802112,0,0,None
PN00,PN00/PN00-4.edf,CALIBRATION,4,10.0,15.0,0.1641218066215515,0.16568214694658914,0,0,None
PN00,PN00/PN00-4.edf,CALIBRATION,5,12.5,17.5,0.14713813364505768,0.14879652361075082,0,0,None
PN00,PN00/PN00-4.edf,CALIBRATION,6,15.0,20.0,0.1351296305656433,0.1378521571556727,0,0,None
PN00,PN00/PN00-4.edf,CALIBRATION,7,17.5,22.5,0.13128870725631714,0.13241064051787058,0,0,None
PN00,PN00/PN00-4.edf,CALIBRATION,8,20.0,25.0,0.1308135837316513,0.1283622955282529,0,0,None
PN00,PN00/PN00-4.edf,CALIBRATION,9,22.5,27.5,0.12298459559679031,0.12444120148817697,0,0,None
PN00,PN00/PN00-4.edf,CALIBRATION,10,25.0,30.0,0.11952542513608932,0.12959367036819458,0,0,None
PN00,PN00/PN00-4.edf,CALIBRATION,11,27.5,32.5,0.1462709903717041,0.14552080382903415,0,0,None
PN00,PN00/PN00-4.edf,CALIBRATION,12,30.0,35.0,0.17076599597930908,0.1652532915274302,0,0,None
PN00,PN00/PN00-4.edf,CALIBRATION,13,32.5,37.5,0.17872288823127747,0.16971073547999063,0,0,None
PN00,PN00/PN00-4.edf,CALIBRATION,14,35.0,40.0,0.15964332222938538,0.15183241168657938,0,0,None
PN00,PN00/PN00-4.edf,CALIBRATION,15,37.5,42.5,0.11713102459907532,0.12102410445610681,0,0,None
PN00,PN00/PN00-4.edf,CALIBRATION,16,40.0,45.0,0.08629796653985977,0.09182386348644891,0,0,None
PN00,PN00/PN00-4.edf,CALIBRATION,17,42.5,47.5,0.07204259932041168,0.077181505660216,0,0,None
PN00,PN00/PN00-4.edf,CALIBRATION,18,45.0,50.0,0.07320395112037659,0.0736026590069135,0,0,None
PN00,PN00/PN00-4.edf,CALIBRATION,19,47.5,52.5,0.07556142657995224,0.07704754422108331,0,0,None
PN00,PN00/PN00-4.edf,CALIBRATION,20,50.0,55.0,0.08237725496292114,0.08490023265282312,0,0,None
PN00,PN00/PN00-4.edf,CALIBRATION,21,52.5,57.5,0.09676201641559601,0.10809494058291116,0,0,None
PN00,PN00/PN00-4.edf,CALIBRATION,22,55.0,60.0,0.14514555037021637,0.13871346910794574,0,0,None
PN00,PN00/PN00-4.edf,CALIBRATION,23,57.5,62.5,0.1742328405380249,0.15557856857776642,0,0,None
PN00,PN00/PN00-4.edf,CALIBRATION,24,60.0,65.0,0.14735731482505798,0.1590719372034073,0,0,None
PN00,PN00/PN00-4.edf,CALIBRATION,25,62.5,67.5,0.15562565624713898,0.15645501017570496,0,0,None
PN00,PN00/PN00-4.edf,CALIBRATION,26,65.0,70.0,0.1663820594549179,0.1617682675520579,0,0,None
PN00,PN00/PN00-4.edf,CALIBRATION,27,67.5,72.5,0.16329708695411682,0.14746245741844177,0,0,None
PN00,PN00/PN00-4.edf,CALIBRATION,28,70.0,75.0,0.11270822584629059,0.12692801405986148,0,0,None
PN00,PN00/PN00-4.edf,CALIBRATION,29,72.5,77.5,0.1047787293791771,0.10851224760214487,0,0,None
PN00,PN00/PN00-4.edf,CALIBRATION,30,75.0,80.0,0.10804978758096695,0.09912514934937158,0,0,None
PN00,PN00/PN00-4.edf,CALIBRATION,31,77.5,82.5,0.08454693108797073,0.08643113821744917,0,0,None
PN00,PN00/PN00-4.edf,CALIBRATION,32,80.0,85.0,0.06669669598340988,0.07185548295577367,0,0,None
PN00,PN00/PN00-4.edf,CALIBRATION,33,82.5,87.5,0.0643228217959404,0.06789765258630116,0,0,None
PN00,PN00/PN00-4.edf,CALIBRATION,34,85.0,90.0,0.07267343997955322,0.06902026633421579,0,0,None
PN00,PN00/PN00-4.edf,CALIBRATION,35,87.5,92.5,0.07006453722715378,0.07241250326236089,0,0,None
PN00,PN00/PN00-4.edf,CALIBRATION,36,90.0,95.0,0.07449953258037567,0.07800801595052083,0,0,None
PN00,PN00/PN00-4.edf,CALIBRATION,37,92.5,97.5,0.08945997804403305,0.09192998458941777,0,0,None
PN00,PN00/PN00-4.edf,CALIBRATION,38,95.0,100.0,0.1118304431438446,0.11642725517352422,0,0,None
PN00,PN00/PN00-4.edf,CALIBRATION,39,97.5,102.5,0.147991344332695,0.13847561180591583,0,0,None
PN00,PN00/PN00-4.edf,CALIBRATION,40,100.0,105.0,0.15560504794120789,0.15265460312366486,0,0,None
PN00,PN00/PN00-4.edf,CALIBRATION,41,102.5,107.5,0.15436741709709167,0.16031989455223083,0,0,None
PN00,PN00/PN00-4.edf,CALIBRATION,42,105.0,110.0,0.17098721861839294,0.1674395700295766,0,0,None
PN00,PN00/PN00-4.edf,CALIBRATION,43,107.5,112.5,0.17696407437324524,0.16644594073295593,0,0,None
PN00,PN00/PN00-4.edf,CALIBRATION,44,110.0,115.0,0.15138652920722961,0.1523588051398595,0,0,None
PN00,PN00/PN00-4.edf,CALIBRATION,45,112.5,117.5,0.1287258118391037,0.1259853442509969,0,0,None
PN00,PN00/PN00-4.edf,CALIBRATION,46,115.0,120.0,0.09784369170665741,0.10037711262702942,0,0,None
PN00,PN00/PN00-4.edf,CALIBRATION,47,117.5,122.5,0.07456183433532715,0.08316246420145035,0,0,None
PN00,PN00/PN00-4.edf,CALIBRATION,48,120.0,125.0,0.07708186656236649,0.08056976646184921,0,0,None
PN00,PN00/PN00-4.edf,CALIBRATION,49,122.5,127.5,0.090065598487854,0.091245137155056,0,0,None
PN00,PN00/PN00-4.edf,CALIBRATION,50,125.0,130.0,0.10658794641494751,0.10307600349187851,0,0,None
PN00,PN00/PN00-4.edf,CALIBRATION,51,127.5,132.5,0.11257446557283401,0.11075579126675922,0,0,None
PN00,PN00/PN00-4.edf,CALIBRATION,52,130.0,135.0,0.11310496181249619,0.11675181488196054,0,0,None
PN00,PN00/PN00-4.edf,CALIBRATION,53,132.5,137.5,0.12457601726055145,0.12305300682783127,0,0,None
PN00,PN00/PN00-4.edf,CALIBRATION,54,135.0,140.0,0.13147804141044617,0.12499405443668365,0,0,None
PN00,PN00/PN00-4.edf,CALIBRATION,55,137.5,142.5,0.11892810463905334,0.11797452718019484,0,0,None
PN00,PN00/PN00-4.edf,CALIBRATION,56,140.0,145.0,0.10351743549108505,0.1074132944146792,0,0,None
PN00,PN00/PN00-4.edf,CALIBRATION,57,142.5,147.5,0.09979434311389923,0.09782518943150838,0,0,None
PN00,PN00/PN00-4.edf,CALIBRATION,58,145.0,150.0,0.09016378968954086,0.09492255250612894,0,0,None
PN00,PN00/PN00-4.edf,CALIBRATION,59,147.5,152.5,0.09480952471494675,0.09532088041305542,0,0,None
PN00,PN00/PN00-4.edf,CALIBRATION,60,150.0,155.0,0.10098932683467865,0.09872199594974516,0,0,None
PN00,PN00/PN00-4.edf,CALIBRATION,61,152.5,157.5,0.10036713629961014,0.09947344660758972,0,0,None
PN00,PN00/PN00-4.edf,CALIBRATION,62,155.0,160.0,0.09706387668848038,0.09714037676652272,0,0,None
PN00,PN00/PN00-4.edf,CALIBRATION,63,157.5,162.5,0.09399011731147766,0.09798838198184967,0,0,None
PN00,PN00/PN00-4.edf,CALIBRATION,64,160.0,165.0,0.10291115194559097,0.10033320635557175,0,0,None
PN00,PN00/PN00-4.edf,CALIBRATION,65,162.5,167.5,0.1040983498096466,0.09898481021324793,0,0,None
PN00,PN00/PN00-4.edf,CALIBRATION,66,165.0,170.0,0.08994492888450623,0.09377299249172209,0,0,None
PN00,PN00/PN00-4.edf,CALIBRATION,67,167.5,172.5,0.08727569878101349,0.0868528534968694,0,0,None
PN00,PN00/PN00-4.edf,CALIBRATION,68,170.0,175.0,0.0833379328250885,0.08500842501719792,0,0,None
PN00,PN00/PN00-4.edf,CALIBRATION,69,172.5,177.5,0.08441164344549179,0.08396778752406438,0,0,None
PN00,PN00/PN00-4.edf,CALIBRATION,70,175.0,180.0,0.08415378630161285,0.08492794136206308,0,0,None
PN00,PN00/PN00-4.edf,CALIBRATION,71,177.5,182.5,0.08621839433908463,0.0882317821184794,0,0,None
PN00,PN00/PN00-4.edf,CALIBRATION,72,180.0,185.0,0.09432316571474075,0.09365420291821161,0,0,None
PN00,PN00/PN00-4.edf,CALIBRATION,73,182.5,187.5,0.10042104870080948,0.09858494251966476,0,0,None
PN00,PN00/PN00-4.edf,CALIBRATION,74,185.0,190.0,0.10101061314344406,0.1036845048268636,0,0,None
PN00,PN00/PN00-4.edf,CALIBRATION,75,187.5,192.5,0.10962185263633728,0.11518445362647374,0,0,None
PN00,PN00/PN00-4.edf,CALIBRATION,76,190.0,195.0,0.1349208950996399,0.13153110941251117,0,0,None
PN00,PN00/PN00-4.edf,CALIBRATION,77,192.5,197.5,0.1500505805015564,0.14428190886974335,0,0,None
PN00,PN00/PN00-4.edf,CALIBRATION,78,195.0,200.0,0.14787425100803375,0.14006204903125763,0,0,None
PN00,PN00/PN00-4.edf,CALIBRATION,79,197.5,202.5,0.12226131558418274,0.1270411858956019,0,0,None
PN00,PN00/PN00-4.edf,CALIBRATION,80,200.0,205.0,0.11098799109458923,0.11391579856475192,0,0,None
PN00,PN00/PN00-4.edf,CALIBRATION,81,202.5,207.5,0.10849808901548386,0.11508886764446893,0,0,None
PN00,PN00/PN00-4.edf,CALIBRATION,82,205.0,210.0,0.12578052282333374,0.12769405792156854,0,0,None
PN00,PN00/PN00-4.edf,CALIBRATION,83,207.5,212.5,0.14880356192588806,0.1302204479773839,0,0,None
PN00,PN00/PN00-4.edf,CALIBRATION,84,210.0,215.0,0.11607725918292999,0.11954504748185474,0,0,None
PN00,PN00/PN00-4.edf,CALIBRATION,85,212.5,217.5,0.09375432133674622,0.1002502366900444,0,0,None
PN00,PN00/PN00-4.edf,CALIBRATION,86,215.0,220.0,0.090919129550457,0.09410897145668665,0,0,None
PN00,PN00/PN00-4.edf,CALIBRATION,87,217.5,222.5,0.09765346348285675,0.09527845929066339,0,0,None
PN00,PN00/PN00-4.edf,CALIBRATION,88,220.0,225.0,0.09726278483867645,0.09585177650054294,0,0,None
PN00,PN00/PN00-4.edf,CALIBRATION,89,222.5,227.5,0.09263908118009567,0.09385856240987778,0,0,None
PN00,PN00/PN00-4.edf,CALIBRATION,90,225.0,230.0,0.0916738212108612,0.09417179971933365,0,0,None
PN00,PN00/PN00-4.edf,CALIBRATION,91,227.5,232.5,0.09820249676704407,0.09825170040130615,0,0,None
PN00,PN00/PN00-4.edf,CALIBRATION,92,230.0,235.0,0.10487878322601318,0.10337439179420471,0,0,None
PN00,PN00/PN00-4.edf,CALIBRATION,93,232.5,237.5,0.10704189538955688,0.10568391780058542,0,0,None
PN00,PN00/PN00-4.edf,CALIBRATION,94,235.0,240.0,0.10513107478618622,0.10490382462739944,0,0,None
PN00,PN00/PN00-4.edf,CALIBRATION,95,237.5,242.5,0.10253850370645523,0.10358772426843643,0,0,None
PN00,PN00/PN00-4.edf,CALIBRATION,96,240.0,245.0,0.10309359431266785,0.10323627293109892,0,0,None
PN00,PN00/PN00-4.edf,CALIBRATION,97,242.5,247.5,0.10407672077417374,0.10391714175542195,0,0,None
PN00,PN00/PN00-4.edf,CALIBRATION,98,245.0,250.0,0.10458111017942429,0.10480964183807372,0,0,None
PN00,PN00/PN00-4.edf,CALIBRATION,99,247.5,252.5,0.10577109456062317,0.10665943225224811,0,0,None
PN00,PN00/PN00-4.edf,CALIBRATION,100,250.0,255.0,0.10962609201669693,0.11083623518546422,0,0,None
PN00,PN00/PN00-4.edf,CALIBRATION,101,252.5,257.5,0.11711151897907257,0.11486079543828964,0,0,None
PN00,PN00/PN00-4.edf,CALIBRATION,102,255.0,260.0,0.11784477531909943,0.11442520966132481,0,0,None
PN00,PN00/PN00-4.edf,CALIBRATION,103,257.5,262.5,0.10831933468580246,0.11422072350978851,0,0,None
PN00,PN00/PN00-4.edf,CALIBRATION,104,260.0,265.0,0.11649806052446365,0.11057201027870178,0,0,None
PN00,PN00/PN00-4.edf,CALIBRATION,105,262.5,267.5,0.10689863562583923,0.1078806146979332,0,0,None
PN00,PN00/PN00-4.edf,CALIBRATION,106,265.0,270.0,0.1002451479434967,0.10197280844052632,0,0,None
PN00,PN00/PN00-4.edf,CALIBRATION,107,267.5,272.5,0.09877464175224304,0.09863467762867609,0,0,None
PN00,PN00/PN00-4.edf,CALIBRATION,108,270.0,275.0,0.09688424319028854,0.09803716093301772,0,0,None
PN00,PN00/PN00-4.edf,CALIBRATION,109,272.5,277.5,0.0984525978565216,0.09725007414817809,0,0,None
PN00,PN00/PN00-4.edf,CALIBRATION,110,275.0,280.0,0.09641338139772415,0.09642885128657022,0,0,None
PN00,PN00/PN00-4.edf,CALIBRATION,111,277.5,282.5,0.09442057460546494,0.09579109400510788,0,0,None
PN00,PN00/PN00-4.edf,CALIBRATION,112,280.0,285.0,0.09653932601213455,0.09571498880783716,0,0,None
PN00,PN00/PN00-4.edf,CALIBRATION,113,282.5,287.5,0.09618506580591202,0.09748494625091551,0,0,None
PN00,PN00/PN00-4.edf,CALIBRATION,114,285.0,290.0,0.09973044693470001,0.09911841650803883,0,0,None
PN00,PN00/PN00-4.edf,CALIBRATION,115,287.5,292.5,0.10143973678350449,0.0990523894627889,0,0,None
PN00,PN00/PN00-4.edf,CALIBRATION,116,290.0,295.0,0.0959869846701622,0.09424022336800893,0,0,None
PN00,PN00/PN00-4.edf,CALIBRATION,117,292.5,297.5,0.08529394865036011,0.08925884713729222,0,0,None
PN00,PN00/PN00-4.edf,CALIBRATION,118,295.0,300.0,0.08649560809135437,0.08566948026418686,0,0,None
PN00,PN00/PN00-4.edf,CALIBRATION,119,297.5,302.5,0.0852188840508461,0.08367589364449182,0,0,None
PN00,PN00/PN00-4.edf,CALIBRATION,120,300.0,305.0,0.07931318879127502,0.08263568580150604,0,0,None
PN00,PN00/PN00-4.edf,CALIBRATION,121,302.5,307.5,0.083374984562397,0.08302197108666101,0,0,None
PN00,PN00/PN00-4.edf,CALIBRATION,122,305.0,310.0,0.08637773990631104,0.08562512944142023,0,0,None
PN00,PN00/PN00-4.edf,CALIBRATION,123,307.5,312.5,0.08712266385555267,0.08782964944839478,0,0,None
PN00,PN00/PN00-4.edf,CALIBRATION,124,310.0,315.0,0.08998854458332062,0.09020935495694478,0,0,None
PN00,PN00/PN00-4.edf,CALIBRATION,125,312.5,317.5,0.09351685643196106,0.09281147768100102,0,0,None
PN00,PN00/PN00-4.edf,CALIBRATION,126,315.0,320.0,0.0949290320277214,0.09579023967186609,0,0,None
PN00,PN00/PN00-4.edf,CALIBRATION,127,317.5,322.5,0.09892483055591583,0.09837435682614644,0,0,None
PN00,PN00/PN00-4.edf,CALIBRATION,128,320.0,325.0,0.1012692078948021,0.10000259429216385,0,0,None
PN00,PN00/PN00-4.edf,CALIBRATION,129,322.5,327.5,0.09981374442577362,0.10168238232533136,0,0,None
PN00,PN00/PN00-4.edf,CALIBRATION,130,325.0,330.0,0.1039641946554184,0.10455843061208725,0,0,None
PN00,PN00/PN00-4.edf,CALIBRATION,131,327.5,332.5,0.10989735275506973,0.10741013288497925,0,0,None
PN00,PN00/PN00-4.edf,CALIBRATION,132,330.0,335.0,0.10836885124444962,0.1043868934114774,0,0,None
PN00,PN00/PN00-4.edf,CALIBRATION,133,332.5,337.5,0.09489447623491287,0.09771973639726637,0,0,None
PN00,PN00/PN00-4.edf,CALIBRATION,134,335.0,340.0,0.08989588171243668,0.09340464820464452,0,0,None
PN00,PN00/PN00-4.edf,CALIBRATION,135,337.5,342.5,0.09542358666658401,0.09469142307837804,0,0,None
PN00,PN00/PN00-4.edf,CALIBRATION,136,340.0,345.0,0.09875480085611343,0.09662227829297383,0,0,None
PN00,PN00/PN00-4.edf,CALIBRATION,137,342.5,347.5,0.09568844735622406,0.09775956471761067,0,0,None
PN00,PN00/PN00-4.edf,CALIBRATION,138,345.0,350.0,0.09883544594049454,0.09756310780843098,0,0,None
PN00,PN00/PN00-4.edf,CALIBRATION,139,347.5,352.5,0.09816543012857437,0.09981498122215271,0,0,None
PN00,PN00/PN00-4.edf,CALIBRATION,140,350.0,355.0,0.10244406759738922,0.10204120973745981,0,0,None
PN00,PN00/PN00-4.edf,CALIBRATION,141,352.5,357.5,0.10551413148641586,0.10250144451856612,0,0,None
PN00,PN00/PN00-4.edf,CALIBRATION,142,355.0,360.0,0.09954613447189331,0.09902224441369374,0,0,None
PN00,PN00/PN00-4.edf,CALIBRATION,143,357.5,362.5,0.09200646728277206,0.09558947136004764,0,0,None
PN00,PN00/PN00-4.edf,CALIBRATION,144,360.0,365.0,0.0952158123254776,0.0947747603058815,0,0,None
PN00,PN00/PN00-4.edf,CALIBRATION,145,362.5,367.5,0.09710200130939484,0.0957085018356641,0,0,None
PN00,PN00/PN00-4.edf,CALIBRATION,146,365.0,370.0,0.0948076918721199,0.09545319775740305,0,0,None
PN00,PN00/PN00-4.edf,CALIBRATION,147,367.5,372.5,0.09444990009069443,0.094073548913002,0,0,None
PN00,PN00/PN00-4.edf,CALIBRATION,148,370.0,375.0,0.09296305477619171,0.09349136054515839,0,0,None
PN00,PN00/PN00-4.edf,CALIBRATION,149,372.5,377.5,0.09306112676858902,0.09351786722739537,0,0,None
PN00,PN00/PN00-4.edf,CALIBRATION,150,375.0,380.0,0.0945294201374054,0.09380462765693665,0,0,None
PN00,PN00/PN00-4.edf,CALIBRATION,151,377.5,382.5,0.09382333606481552,0.09228638311227162,0,0,None
PN00,PN00/PN00-4.edf,CALIBRATION,152,380.0,385.0,0.08850639313459396,0.09047397474447885,0,0,None
PN00,PN00/PN00-4.edf,CALIBRATION,153,382.5,387.5,0.0890921950340271,0.08928182721138,0,0,None
PN00,PN00/PN00-4.edf,CALIBRATION,154,385.0,390.0,0.09024689346551895,0.09940563390652338,0,0,None
PN00,PN00/PN00-4.edf,CALIBRATION,155,387.5,392.5,0.11887781322002411,0.12068795909484227,0,0,None
PN00,PN00/PN00-4.edf,CALIBRATION,156,390.0,395.0,0.15293917059898376,0.13338088492552438,0,0,None
PN00,PN00/PN00-4.edf,CALIBRATION,157,392.5,397.5,0.1283256709575653,0.13362974921862283,0,0,None
PN00,PN00/PN00-4.edf,CALIBRATION,158,395.0,400.0,0.11962440609931946,0.11852429807186127,0,0,None
PN00,PN00/PN00-4.edf,CALIBRATION,159,397.5,402.5,0.10762281715869904,0.10741697996854782,0,0,None
PN00,PN00/PN00-4.edf,CALIBRATION,160,400.0,405.0,0.09500371664762497,0.09764963140090306,0,0,None
PN00,PN00/PN00-4.edf,CALIBRATION,161,402.5,407.5,0.09032236039638519,0.09452758232752481,0,0,None
PN00,PN00/PN00-4.edf,CALIBRATION,162,405.0,410.0,0.0982566699385643,0.10048945496479669,0,0,None
PN00,PN00/PN00-4.edf,CALIBRATION,163,407.5,412.5,0.11288933455944061,0.10892825076977411,0,0,None
PN00,PN00/PN00-4.edf,CALIBRATION,164,410.0,415.0,0.11563874781131744,0.11107372989257175,0,0,None
PN00,PN00/PN00-4.edf,CALIBRATION,165,412.5,417.5,0.10469310730695724,0.10663289328416187,0,0,None
PN00,PN00/PN00-4.edf,CALIBRATION,166,415.0,420.0,0.09956682473421097,0.1020919531583786,0,0,None
PN00,PN00/PN00-4.edf,CALIBRATION,167,417.5,422.5,0.10201592743396759,0.10644317666689554,0,0,None
PN00,PN00/PN00-4.edf,CALIBRATION,168,420.0,425.0,0.11774677783250809,0.1401655301451683,0,0,None
PN00,PN00/PN00-4.edf,CALIBRATION,169,422.5,427.5,0.20073388516902924,0.18061226854721704,0,0,None
PN00,PN00/PN00-4.edf,CALIBRATION,170,425.0,430.0,0.22335614264011383,0.20018584529558814,0,0,None
PN00,PN00/PN00-4.edf,CALIBRATION,171,427.5,432.5,0.17646750807762146,0.18266768753528595,0,0,None
PN00,PN00/PN00-4.edf,CALIBRATION,172,430.0,435.0,0.14817941188812256,0.1514255752166112,0,0,None
PN00,PN00/PN00-4.edf,CALIBRATION,173,432.5,437.5,0.12962980568408966,0.13467981417973834,0,0,None
PN00,PN00/PN00-4.edf,CALIBRATION,174,435.0,440.0,0.12623022496700287,0.125270942846934,0,0,None
PN00,PN00/PN00-4.edf,CALIBRATION,175,437.5,442.5,0.11995279788970947,0.11982372899850209,0,0,None
PN00,PN00/PN00-4.edf,CALIBRATION,176,440.0,445.0,0.11328816413879395,0.12029410898685455,0,0,None
PN00,PN00/PN00-4.edf,CALIBRATION,177,442.5,447.5,0.12764136493206024,0.1324326992034912,0,0,None
PN00,PN00/PN00-4.edf,CALIBRATION,178,445.0,450.0,0.15636856853961945,0.15124240517616272,0,0,None
PN00,PN00/PN00-4.edf,CALIBRATION,179,447.5,452.5,0.16971728205680847,0.15697817504405975,0,0,None
PN00,PN00/PN00-4.edf,CALIBRATION,180,450.0,455.0,0.14484867453575134,0.14899355173110962,0,0,None
PN00,PN00/PN00-4.edf,CALIBRATION,181,452.5,457.5,0.13241469860076904,0.13742130994796753,0,0,None
PN00,PN00/PN00-4.edf,CALIBRATION,182,455.0,460.0,0.1350005567073822,0.13540409008661905,0,0,None
PN00,PN00/PN00-4.edf,CALIBRATION,183,457.5,462.5,0.13879701495170593,0.13880799214045206,0,0,None
PN00,PN00/PN00-4.edf,CALIBRATION,184,460.0,465.0,0.14262640476226807,0.14369988938172656,0,0,None
PN00,PN00/PN00-4.edf,CALIBRATION,185,462.5,467.5,0.14967624843120575,0.14618402222792307,0,0,None
PN00,PN00/PN00-4.edf,CALIBRATION,186,465.0,470.0,0.1462494134902954,0.14789806803067523,0,0,None
PN00,PN00/PN00-4.edf,CALIBRATION,187,467.5,472.5,0.1477685421705246,0.14850796262423197,0,0,None
PN00,PN00/PN00-4.edf,CALIBRATION,188,470.0,475.0,0.15150593221187592,0.15052857001622516,0,0,None
PN00,PN00/PN00-4.edf,CALIBRATION,189,472.5,477.5,0.15231123566627502,0.15712214012940723,0,0,None
PN00,PN00/PN00-4.edf,CALIBRATION,190,475.0,480.0,0.1675492525100708,0.1654135634501775,0,0,None
PN00,PN00/PN00-4.edf,CALIBRATION,191,477.5,482.5,0.1763802021741867,0.1762261887391408,0,0,None
PN00,PN00/PN00-4.edf,CALIBRATION,192,480.0,485.0,0.18474911153316498,0.18036400775114694,0,0,None
PN00,PN00/PN00-4.edf,CALIBRATION,193,482.5,487.5,0.17996270954608917,0.17894170184930164,0,0,None
PN00,PN00/PN00-4.edf,CALIBRATION,194,485.0,490.0,0.17211328446865082,0.1766396661599477,0,0,None
PN00,PN00/PN00-4.edf,CALIBRATION,195,487.5,492.5,0.17784300446510315,0.17976147433121997,0,0,None
PN00,PN00/PN00-4.edf,CALIBRATION,196,490.0,495.0,0.189328134059906,0.18437326451142627,0,0,None
PN00,PN00/PN00-4.edf,CALIBRATION,197,492.5,497.5,0.18594865500926971,0.1847365746895472,0,0,None
PN00,PN00/PN00-4.edf,CALIBRATION,198,495.0,500.0,0.17893293499946594,0.1786577155192693,0,0,None
PN00,PN00/PN00-4.edf,CALIBRATION,199,497.5,502.5,0.17109155654907227,0.1738367329041163,0,0,None
PN00,PN00/PN00-4.edf,CALIBRATION,200,500.0,505.0,0.17148570716381073,0.171485036611557,0,0,None
PN00,PN00/PN00-4.edf,CALIBRATION,201,502.5,507.5,0.17187784612178802,0.17121493816375732,0,0,None
PN00,PN00/PN00-4.edf,CALIBRATION,202,505.0,510.0,0.17028126120567322,0.1732973406712214,0,0,None
PN00,PN00/PN00-4.edf,CALIBRATION,203,507.5,512.5,0.177732914686203,0.17351672550042468,0,0,None
PN00,PN00/PN00-4.edf,CALIBRATION,204,510.0,515.0,0.1725360006093979,0.17358640829722086,0,0,None
PN00,PN00/PN00-4.edf,CALIBRATION,205,512.5,517.5,0.1704903095960617,0.1728059003750483,0,0,None
PN00,PN00/PN00-4.edf,CALIBRATION,206,515.0,520.0,0.17539139091968536,0.17180965840816498,0,0,None
PN00,PN00/PN00-4.edf,CALIBRATION,207,517.5,522.5,0.16954727470874786,0.172161266207695,0,0,None
PN00,PN00/PN00-4.edf,CALIBRATION,208,520.0,525.0,0.1715451329946518,0.1718463897705078,0,0,None
PN00,PN00/PN00-4.edf,CALIBRATION,209,522.5,527.5,0.17444676160812378,0.1720267484585444,0,0,None
PN00,PN00/PN00-4.edf,CALIBRATION,210,525.0,530.0,0.17008835077285767,0.1713035504023234,0,0,None
PN00,PN00/PN00-4.edf,CALIBRATION,211,527.5,532.5,0.16937553882598877,0.1666856656471888,0,0,None
PN00,PN00/PN00-4.edf,CALIBRATION,212,530.0,535.0,0.16059310734272003,0.16333126525084177,0,0,None
PN00,PN00/PN00-4.edf,CALIBRATION,213,532.5,537.5,0.16002514958381653,0.1586731175581614,0,0,None
PN00,PN00/PN00-4.edf,CALIBRATION,214,535.0,540.0,0.1554010957479477,0.15658721327781677,0,0,None
PN00,PN00/PN00-4.edf,CALIBRATION,215,537.5,542.5,0.1543353945016861,0.15691199898719788,0,0,None
PN00,PN00/PN00-4.edf,CALIBRATION,216,540.0,545.0,0.16099950671195984,0.16105526685714722,0,0,None
PN00,PN00/PN00-4.edf,CALIBRATION,217,542.5,547.5,0.16783089935779572,0.16623840232690174,0,0,None
PN00,PN00/PN00-4.edf,CALIBRATION,218,545.0,550.0,0.1698848009109497,0.1662360280752182,0,0,None
PN00,PN00/PN00-4.edf,CALIBRATION,219,547.5,552.5,0.16099238395690918,0.16534239053726196,0,0,None
PN00,PN00/PN00-4.edf,CALIBRATION,220,550.0,555.0,0.165149986743927,0.16336851318677265,0,0,None
PN00,PN00/PN00-4.edf,CALIBRATION,221,552.5,557.5,0.1639631688594818,0.1635978470245997,0,0,None
PN00,PN00/PN00-4.edf,CALIBRATION,222,555.0,560.0,0.16168038547039032,0.16197323302427927,0,0,None
PN00,PN00/PN00-4.edf,CALIBRATION,223,557.5,562.5,0.1602761447429657,0.16127500931421915,0,0,None
PN00,PN00/PN00-4.edf,CALIBRATION,224,560.0,565.0,0.16186849772930145,0.16054191688696542,0,0,None
PN00,PN00/PN00-4.edf,CALIBRATION,225,562.5,567.5,0.15948110818862915,0.16097816824913025,0,0,None
PN00,PN00/PN00-4.edf,CALIBRATION,226,565.0,570.0,0.16158489882946014,0.16107188661893207,0,0,None
PN00,PN00/PN00-4.edf,CALIBRATION,227,567.5,572.5,0.16214965283870697,0.16222743690013885,0,0,None
PN00,PN00/PN00-4.edf,CALIBRATION,228,570.0,575.0,0.16294775903224945,0.16307532787322998,0,0,None
PN00,PN00/PN00-4.edf,CALIBRATION,229,572.5,577.5,0.16412857174873352,0.16472897926966348,0,0,None
PN00,PN00/PN00-4.edf,CALIBRATION,230,575.0,580.0,0.1671106070280075,0.1673981299002965,0,0,None
PN00,PN00/PN00-4.edf,CALIBRATION,231,577.5,582.5,0.17095521092414856,0.16964110732078552,0,0,None
PN00,PN00/PN00-4.edf,CALIBRATION,232,580.0,585.0,0.1708575040102005,0.16672134896119434,0,0,None
PN00,PN00/PN00-4.edf,CALIBRATION,233,582.5,587.5,0.158351331949234,0.1587807536125183,0,0,None
PN00,PN00/PN00-4.edf,CALIBRATION,234,585.0,590.0,0.14713342487812042,0.1489493946234385,0,0,None
PN00,PN00/PN00-4.edf,CALIBRATION,235,587.5,592.5,0.14136342704296112,0.1432748387257258,0,0,None
PN00,PN00/PN00-4.edf,CALIBRATION,236,590.0,595.0,0.1413276642560959,0.1441671997308731,0,0,None
PN00,PN00/PN00-4.edf,CALIBRATION,237,592.5,597.5,0.14981050789356232,0.14789038399855295,0,0,None
PN00,PN00/PN00-4.edf,CALIBRATION,238,595.0,600.0,0.15253297984600067,0.15241633852322894,0,0,None
PN00,PN00/PN00-4.edf,CALIBRATION,239,597.5,602.5,0.1549055278301239,0.15528852740923563,0,0,None
PN00,PN00/PN00-4.edf,CALIBRATION,240,600.0,605.0,0.15842707455158234,0.15901185075441995,0,0,None
PN00,PN00/PN00-4.edf,CALIBRATION,241,602.5,607.5,0.16370294988155365,0.1624499758084615,0,0,None
PN00,PN00/PN00-4.edf,CALIBRATION,242,605.0,610.0,0.16521990299224854,0.16095826526482898,0,0,None
PN00,PN00/PN00-4.edf,CALIBRATION,243,607.5,612.5,0.15395194292068481,0.15718470017115274,0,0,None
PN00,PN00/PN00-4.edf,CALIBRATION,244,610.0,615.0,0.1523822546005249,0.14861832559108734,0,0,None
PN00,PN00/PN00-4.edf,CALIBRATION,245,612.5,617.5,0.1395207792520523,0.14147868752479553,0,0,None
PN00,PN00/PN00-4.edf,CALIBRATION,246,615.0,620.0,0.1325330287218094,0.13562344511349994,0,0,None
PN00,PN00/PN00-4.edf,CALIBRATION,247,617.5,622.5,0.13481652736663818,0.13426254192988077,0,0,None
PN00,PN00/PN00-4.edf,CALIBRATION,248,620.0,625.0,0.13543806970119476,0.13756249845027924,0,0,None
PN00,PN00/PN00-4.edf,CALIBRATION,249,622.5,627.5,0.14243289828300476,0.14441897471745807,0,0,None
PN00,PN00/PN00-4.edf,CALIBRATION,250,625.0,630.0,0.15538595616817474,0.143861323595047,0,0,None
PN00,PN00/PN00-4.edf,CALIBRATION,251,627.5,632.5,0.1337651163339615,0.12736483166615167,0,0,None
PN00,PN00/PN00-4.edf,CALIBRATION,252,630.0,635.0,0.09294342249631882,0.1006961092352867,0,0,None
PN00,PN00/PN00-4.edf,CALIBRATION,253,632.5,637.5,0.07537978887557983,0.0801104207833608,0,0,None
PN00,PN00/PN00-4.edf,CALIBRATION,254,635.0,640.0,0.07200805097818375,0.07376982271671295,0,0,None
PN00,PN00/PN00-4.edf,CALIBRATION,255,637.5,642.5,0.07392162829637527,0.07476109266281128,0,0,None
PN00,PN00/PN00-4.edf,CALIBRATION,256,640.0,645.0,0.07835359871387482,0.08070128162701924,0,0,None
PN00,PN00/PN00-4.edf,CALIBRATION,257,642.5,647.5,0.08982861787080765,0.09076746801535288,0,0,None
PN00,PN00/PN00-4.edf,CALIBRATION,258,645.0,650.0,0.10412018746137619,0.10586904982725778,0,0,None
PN00,PN00/PN00-4.edf,CALIBRATION,259,647.5,652.5,0.12365834414958954,0.11842939009269078,0,0,None
PN00,PN00/PN00-4.edf,CALIBRATION,260,650.0,655.0,0.12750963866710663,0.12332520137230554,0,0,None
PN00,PN00/PN00-4.edf,CALIBRATION,261,652.5,657.5,0.11880762130022049,0.12194183220465978,0,0,None
PN00,PN00/PN00-4.edf,CALIBRATION,262,655.0,660.0,0.11950823664665222,0.11929541081190109,0,0,None
PN00,PN00/PN00-4.edf,CALIBRATION,263,657.5,662.5,0.11957037448883057,0.12033856908480325,0,0,None
PN00,PN00/PN00-4.edf,CALIBRATION,264,660.0,665.0,0.121937096118927,0.12094718714555103,0,0,None
PN00,PN00/PN00-4.edf,CALIBRATION,265,662.5,667.5,0.12133409082889557,0.12164037426312764,0,0,None
PN00,PN00/PN00-4.edf,CALIBRATION,266,665.0,670.0,0.12164993584156036,0.12458913524945575,0,0,None
PN00,PN00/PN00-4.edf,CALIBRATION,267,667.5,672.5,0.13078337907791138,0.12830747663974762,0,0,None
PN00,PN00/PN00-4.edf,CALIBRATION,268,670.0,675.0,0.13248911499977112,0.1357407569885254,0,0,None
PN00,PN00/PN00-4.edf,CALIBRATION,269,672.5,677.5,0.14394977688789368,0.14103804528713226,0,0,None
PN00,PN00/PN00-4.edf,CALIBRATION,270,675.0,680.0,0.146675243973732,0.1450130194425583,0,0,None
PN00,PN00/PN00-4.edf,CALIBRATION,271,677.5,682.5,0.1444140374660492,0.1439073234796524,0,0,None
PN00,PN00/PN00-4.edf,CALIBRATION,272,680.0,685.0,0.14063268899917603,0.1429242690404256,0,0,None
PN00,PN00/PN00-4.edf,CALIBRATION,273,682.5,687.5,0.14372608065605164,0.14457367360591888,0,0,None
PN00,PN00/PN00-4.edf,CALIBRATION,274,685.0,690.0,0.149362251162529,0.14810327688852945,0,0,None
PN00,PN00/PN00-4.edf,CALIBRATION,275,687.5,692.5,0.15122149884700775,0.14781545599301654,0,0,None
PN00,PN00/PN00-4.edf,CALIBRATION,276,690.0,695.0,0.14286261796951294,0.1432423839966456,0,0,None
PN00,PN00/PN00-4.edf,CALIBRATION,277,692.5,697.5,0.13564303517341614,0.15477110942204791,0,0,None
PN00,PN00/PN00-4.edf,CALIBRATION,278,695.0,700.0,0.18580767512321472,0.17300322651863098,0,0,None
PN00,PN00/PN00-4.edf,CALIBRATION,279,697.5,702.5,0.19755896925926208,0.17345095177491504,0,0,None
PN00,PN00/PN00-4.edf,CALIBRATION,280,700.0,705.0,0.13698621094226837,0.15320670108000436,0,0,None
PN00,PN00/PN00-4.edf,CALIBRATION,281,702.5,707.5,0.12507492303848267,0.13595454394817352,0,0,None
PN00,PN00/PN00-4.edf,CALIBRATION,282,705.0,710.0,0.14580249786376953,0.1434118996063868,0,0,None
PN00,PN00/PN00-4.edf,CALIBRATION,283,707.5,712.5,0.15935827791690826,0.16329804559548694,0,0,None
PN00,PN00/PN00-4.edf,CALIBRATION,284,710.0,715.0,0.18473336100578308,0.17642057438691455,0,0,None
PN00,PN00/PN00-4.edf,CALIBRATION,285,712.5,717.5,0.18517008423805237,0.17732537289460498,0,0,None
PN00,PN00/PN00-4.edf,CALIBRATION,286,715.0,720.0,0.16207267343997955,0.17445354163646698,0,0,None
PN00,PN00/PN00-4.edf,CALIBRATION,287,717.5,722.5,0.17611786723136902,0.16792981326580048,0,0,None
PN00,PN00/PN00-4.edf,CALIBRATION,288,720.0,725.0,0.16559889912605286,0.16019459068775177,0,0,None
PN00,PN00/PN00-4.edf,CALIBRATION,289,722.5,727.5,0.13886700570583344,0.14682044585545856,0,0,None
PN00,PN00/PN00-4.edf,CALIBRATION,290,725.0,730.0,0.13599543273448944,0.1315745785832405,0,0,None
PN00,PN00/PN00-4.edf,CALIBRATION,291,727.5,732.5,0.11986129730939865,0.12566351145505905,0,0,None
PN00,PN00/PN00-4.edf,CALIBRATION,292,730.0,735.0,0.12113380432128906,0.12541360904773075,0,0,None
PN00,PN00/PN00-4.edf,CALIBRATION,293,732.5,737.5,0.13524572551250458,0.13183854023615518,0,0,None
PN00,PN00/PN00-4.edf,CALIBRATION,294,735.0,740.0,0.13913609087467194,0.14416810870170593,0,0,None
PN00,PN00/PN00-4.edf,CALIBRATION,295,737.5,742.5,0.15812250971794128,0.16336111227671304,0,0,None
PN00,PN00/PN00-4.edf,CALIBRATION,296,740.0,745.0,0.19282473623752594,0.173495148619016,0,0,None
PN00,PN00/PN00-4.edf,CALIBRATION,297,742.5,747.5,0.1695381999015808,0.16601122419039407,0,0,None
PN00,PN00/PN00-4.edf,CALIBRATION,298,745.0,750.0,0.1356707364320755,0.13908612728118896,0,0,None
PN00,PN00/PN00-4.edf,CALIBRATION,299,747.5,752.5,0.11204944550991058,0.11924923211336134,0,0,None
PN00,PN00/PN00-4.edf,CALIBRATION,300,750.0,755.0,0.11002751439809799,0.11810824026664098,0,0,None
PN00,PN00/PN00-4.edf,CALIBRATION,301,752.5,757.5,0.13224776089191437,0.1177355796098709,0,0,None
PN00,PN00/PN00-4.edf,CALIBRATION,302,755.0,760.0,0.11093146353960037,0.11950012793143588,0,0,None
PN00,PN00/PN00-4.edf,CALIBRATION,303,757.5,762.5,0.11532115936279297,0.11437089492877324,0,0,None
PN00,PN00/PN00-4.edf,CALIBRATION,304,760.0,765.0,0.11686006188392639,0.11453287800153096,0,0,None
PN00,PN00/PN00-4.edf,CALIBRATION,305,762.5,767.5,0.11141741275787354,0.11434026062488555,0,0,None
PN00,PN00/PN00-4.edf,CALIBRATION,306,765.0,770.0,0.11474330723285675,0.1260185291369756,0,0,None
PN00,PN00/PN00-4.edf,CALIBRATION,307,767.5,772.5,0.15189486742019653,0.1483390430609385,0,0,None
PN00,PN00/PN00-4.edf,CALIBRATION,308,770.0,775.0,0.17837895452976227,0.16449434558550516,0,0,None
PN00,PN00/PN00-4.edf,CALIBRATION,309,772.5,777.5,0.1632092148065567,0.17289654413859049,0,0,None
PN00,PN00/PN00-4.edf,CALIBRATION,310,775.0,780.0,0.17710146307945251,0.17272137602170307,0,0,None
PN00,PN00/PN00-4.edf,CALIBRATION,311,777.5,782.5,0.17785345017910004,0.17230264842510223,0,0,None
PN00,PN00/PN00-4.edf,CALIBRATION,312,780.0,785.0,0.16195303201675415,0.19871960580348969,0,0,None
PN00,PN00/PN00-4.edf,CALIBRATION,313,782.5,787.5,0.25635233521461487,0.21522735059261322,0,0,None
PN00,PN00/PN00-4.edf,CALIBRATION,314,785.0,790.0,0.22737668454647064,0.21199064950148264,0,0,None
PN00,PN00/PN00-4.edf,CALIBRATION,315,787.5,792.5,0.15224292874336243,0.1697357694307963,0,0,None
PN00,PN00/PN00-4.edf,CALIBRATION,316,790.0,795.0,0.12958769500255585,0.1325187236070633,0,0,None
PN00,PN00/PN00-4.edf,CALIBRATION,317,792.5,797.5,0.1157255470752716,0.12070268889268239,0,0,None
PN00,PN00/PN00-4.edf,CALIBRATION,318,795.0,800.0,0.11679482460021973,0.12161168456077574,0,0,None
PN00,PN00/PN00-4.edf,CALIBRATION,319,797.5,802.5,0.13231468200683594,0.13646410902341205,0,0,None
PN00,PN00/PN00-4.edf,CALIBRATION,320,800.0,805.0,0.16028282046318054,0.14885475238164264,0,0,None
PN00,PN00/PN00-4.edf,CALIBRATION,321,802.5,807.5,0.1539667546749115,0.1569964935382207,0,0,None
PN00,PN00/PN00-4.edf,CALIBRATION,322,805.0,810.0,0.15673990547657013,0.15513668457667032,0,0,None
PN00,PN00/PN00-4.edf,CALIBRATION,323,807.5,812.5,0.15470339357852936,0.15763381620248157,0,0,None
PN00,PN00/PN00-4.edf,CALIBRATION,324,810.0,815.0,0.16145814955234528,0.15256625910600025,0,0,None
PN00,PN00/PN00-4.edf,CALIBRATION,325,812.5,817.5,0.14153723418712616,0.14213235427935916,0,0,None
PN00,PN00/PN00-4.edf,CALIBRATION,326,815.0,820.0,0.12340167909860611,0.1236661523580551,0,0,None
PN00,PN00/PN00-4.edf,CALIBRATION,327,817.5,822.5,0.10605954378843307,0.10585194081068038,0,0,None
PN00,PN00/PN00-4.edf,CALIBRATION,328,820.0,825.0,0.08809459954500198,0.12723604838053384,0,0,None
PN00,PN00/PN00-4.edf,CALIBRATION,329,822.5,827.5,0.1875540018081665,0.16366572429736453,0,0,None
PN00,PN00/PN00-4.edf,CALIBRATION,330,825.0,830.0,0.21534857153892517,0.19383600850900012,0,0,None
PN00,PN00/PN00-4.edf,CALIBRATION,331,827.5,832.5,0.17860545217990875,0.18391138315200803,0,0,None
PN00,PN00/PN00-4.edf,CALIBRATION,332,830.0,835.0,0.15778012573719025,0.1606238434712092,0,0,None
PN00,PN00/PN00-4.edf,CALIBRATION,333,832.5,837.5,0.14548595249652863,0.14223864922920862,0,0,None
PN00,PN00/PN00-4.edf,CALIBRATION,334,835.0,840.0,0.12344986945390701,0.1243948588768641,0,0,None
PN00,PN00/PN00-4.edf,CALIBRATION,335,837.5,842.5,0.10424875468015671,0.10857790956894556,0,0,None
PN00,PN00/PN00-4.edf,CALIBRATION,336,840.0,845.0,0.09803510457277298,0.10404408971468607,0,0,None
PN00,PN00/PN00-4.edf,CALIBRATION,337,842.5,847.5,0.10984840989112854,0.11261081447203954,0,0,None
PN00,PN00/PN00-4.edf,CALIBRATION,338,845.0,850.0,0.1299489289522171,0.12540471057097116,0,0,None
PN00,PN00/PN00-4.edf,CALIBRATION,339,847.5,852.5,0.13641679286956787,0.1324889709552129,0,0,None
PN00,PN00/PN00-4.edf,CALIBRATION,340,850.0,855.0,0.13110119104385376,0.1762204070885976,0,0,None
PN00,PN00/PN00-4.edf,CALIBRATION,341,852.5,857.5,0.2611432373523712,0.21405401825904843,0,0,None
PN00,PN00/PN00-4.edf,CALIBRATION,342,855.0,860.0,0.2499176263809204,0.24313923716545105,0,0,None
PN00,PN00/PN00-4.edf,CALIBRATION,343,857.5,862.5,0.21835684776306152,0.22216304143269855,0,0,None
PN00,PN00/PN00-4.edf,CALIBRATION,344,860.0,865.0,0.19821465015411377,0.19515414535999298,0,0,None
PN00,PN00/PN00-4.edf,CALIBRATION,345,862.5,867.5,0.16889093816280365,0.1692711810270945,0,0,None
PN00,PN00/PN00-4.edf,CALIBRATION,346,865.0,870.0,0.14070795476436615,0.14282900840044022,0,0,None
PN00,PN00/PN00-4.edf,CALIBRATION,347,867.5,872.5,0.11888813227415085,0.11857444792985915,0,0,None
PN00,PN00/PN00-4.edf,CALIBRATION,348,870.0,875.0,0.09612725675106049,0.09839108337958653,0,0,None
PN00,PN00/PN00-4.edf,CALIBRATION,349,872.5,877.5,0.08015786111354828,0.08612688382466634,0,0,None
PN00,PN00/PN00-4.edf,CALIBRATION,350,875.0,880.0,0.08209553360939026,0.08316424985726674,0,0,None
PN00,PN00/PN00-4.edf,CALIBRATION,351,877.5,882.5,0.0872393548488617,0.08891548216342926,0,0,None
PN00,PN00/PN00-4.edf,CALIBRATION,352,880.0,885.0,0.09741155803203583,0.0955212910970052,0,0,None
PN00,PN00/PN00-4.edf,CALIBRATION,353,882.5,887.5,0.1019129604101181,0.1049606849749883,0,0,None
PN00,PN00/PN00-4.edf,CALIBRATION,354,885.0,890.0,0.11555753648281097,0.11561398208141326,0,0,None
PN00,PN00/PN00-4.edf,CALIBRATION,355,887.5,892.5,0.12937144935131073,0.1327785849571228,0,0,None
PN00,PN00/PN00-4.edf,CALIBRATION,356,890.0,895.0,0.1534067690372467,0.14626563092072803,0,0,None
PN00,PN00/PN00-4.edf,CALIBRATION,357,892.5,897.5,0.1560186743736267,0.15885424613952637,0,0,None
PN00,PN00/PN00-4.edf,CALIBRATION,358,895.0,900.0,0.1671372950077057,0.16929106911023456,0,0,None
PN00,PN00/PN00-4.edf,CALIBRATION,359,897.5,902.5,0.18471723794937134,0.1711358328660329,0,0,None
PN00,PN00/PN00-4.edf,CALIBRATION,360,900.0,905.0,0.16155296564102173,0.15809674561023712,0,0,None
PN00,PN00/PN00-4.edf,CALIBRATION,361,902.5,907.5,0.1280200332403183,0.13666552553574243,0,0,None
PN00,PN00/PN00-4.edf,CALIBRATION,362,905.0,910.0,0.1204235777258873,0.12217793613672256,0,0,None
PN00,PN00/PN00-4.edf,CALIBRATION,363,907.5,912.5,0.1180901974439621,0.12637980530659357,0,0,None
PN00,PN00/PN00-4.edf,CALIBRATION,364,910.0,915.0,0.14062564074993134,0.14162854353586832,0,0,None
PN00,PN00/PN00-4.edf,CALIBRATION,365,912.5,917.5,0.16616979241371155,0.15411106248696643,0,0,None
PN00,PN00/PN00-4.edf,CALIBRATION,366,915.0,920.0,0.15553775429725647,0.16132488350073496,0,0,None
PN00,PN00/PN00-4.edf,CALIBRATION,367,917.5,922.5,0.16226710379123688,0.16281128923098245,0,0,None
PN00,PN00/PN00-4.edf,CALIBRATION,368,920.0,925.0,0.17062900960445404,0.1662560999393463,0,0,None
PN00,PN00/PN00-4.edf,CALIBRATION,369,922.5,927.5,0.16587218642234802,0.16475941240787506,0,0,None
PN00,PN00/PN00-4.edf,CALIBRATION,370,925.0,930.0,0.15777704119682312,0.15900306900342304,0,0,None
PN00,PN00/PN00-4.edf,CALIBRATION,371,927.5,932.5,0.15335997939109802,0.15358515083789825,0,0,None
PN00,PN00/PN00-4.edf,CALIBRATION,372,930.0,935.0,0.14961843192577362,0.1539970388015111,0,0,None
PN00,PN00/PN00-4.edf,CALIBRATION,373,932.5,937.5,0.15901270508766174,0.1587424079577128,0,0,None
PN00,PN00/PN00-4.edf,CALIBRATION,374,935.0,940.0,0.16759608685970306,0.15940293172995249,0,0,None
PN00,PN00/PN00-4.edf,CALIBRATION,375,937.5,942.5,0.15160000324249268,0.15464040140310922,0,0,None
PN00,PN00/PN00-4.edf,CALIBRATION,376,940.0,945.0,0.14472511410713196,0.14640715221563974,0,0,None
PN00,PN00/PN00-4.edf,CALIBRATION,377,942.5,947.5,0.14289633929729462,0.14616535107294717,0,0,None
PN00,PN00/PN00-4.edf,CALIBRATION,378,945.0,950.0,0.15087459981441498,0.14749029278755188,0,0,None
PN00,PN00/PN00-4.edf,CALIBRATION,379,947.5,952.5,0.14869993925094604,0.14774295190970102,0,0,None
PN00,PN00/PN00-4.edf,CALIBRATION,380,950.0,955.0,0.14365431666374207,0.14649807413419086,0,0,None
PN00,PN00/PN00-4.edf,CALIBRATION,381,952.5,957.5,0.14713996648788452,0.14671460290749866,0,0,None
PN00,PN00/PN00-4.edf,CALIBRATION,382,955.0,960.0,0.14934952557086945,0.14697647094726562,0,0,None
PN00,PN00/PN00-4.edf,CALIBRATION,383,957.5,962.5,0.1444399207830429,0.14583232998847961,0,0,None
PN00,PN00/PN00-4.edf,CALIBRATION,384,960.0,965.0,0.1437075436115265,0.14622164765993753,0,0,None
PN00,PN00/PN00-4.edf,CALIBRATION,385,962.5,967.5,0.15051747858524323,0.15014076729615528,0,0,None
PN00,PN00/PN00-4.edf,CALIBRATION,386,965.0,970.0,0.15619727969169617,0.15437149504820505,0,0,None
PN00,PN00/PN00-4.edf,CALIBRATION,387,967.5,972.5,0.15639972686767578,0.1536991447210312,0,0,None
PN00,PN00/PN00-4.edf,CALIBRATION,388,970.0,975.0,0.14850042760372162,0.14954606195290882,0,0,None
PN00,PN00/PN00-4.edf,CALIBRATION,389,972.5,977.5,0.1437380313873291,0.14668026069800058,0,0,None
PN00,PN00/PN00-4.edf,CALIBRATION,390,975.0,980.0,0.14780232310295105,0.14570596317450205,0,0,None
PN00,PN00/PN00-4.edf,CALIBRATION,391,977.5,982.5,0.145577535033226,0.14398912092049915,0,0,None
PN00,PN00/PN00-4.edf,CALIBRATION,392,980.0,985.0,0.13858750462532043,0.13883977631727853,0,0,None
PN00,PN00/PN00-4.edf,CALIBRATION,393,982.5,987.5,0.13235428929328918,0.13515069584051767,0,0,None
PN00,PN00/PN00-4.edf,CALIBRATION,394,985.0,990.0,0.13451029360294342,0.14359549184640247,0,0,None
PN00,PN00/PN00-4.edf,CALIBRATION,395,987.5,992.5,0.16392189264297485,0.15768546362717945,0,0,None
PN00,PN00/PN00-4.edf,CALIBRATION,396,990.0,995.0,0.17462420463562012,0.16677071650822956,0,0,None
PN00,PN00/PN00-4.edf,CALIBRATION,397,992.5,997.5,0.16176605224609375,0.15395670135815936,0,0,None
PN00,PN00/PN00-4.edf,CALIBRATION,398,995.0,1000.0,0.12547984719276428,0.13460134963194528,0,0,None
PN00,PN00/PN00-4.edf,CALIBRATION,399,997.5,1002.5,0.11655814945697784,0.12067776421705881,0,0,None
PN00,PN00/PN00-4.edf,CALIBRATION,400,1000.0,1005.0,0.11999529600143433,0.11791537950436273,0,0,None
PN00,PN00/PN00-4.edf,CALIBRATION,401,1002.5,1007.5,0.11719269305467606,0.11666635423898697,0,0,None
PN00,PN00/PN00-4.edf,CALIBRATION,402,1005.0,1010.0,0.11281107366085052,0.1148393874367078,0,1,PN00_sz04
PN00,PN00/PN00-4.edf,CALIBRATION,403,1007.5,1012.5,0.11451439559459686,0.1164891794323921,0,1,PN00_sz04
PN00,PN00/PN00-4.edf,CALIBRATION,404,1010.0,1015.0,0.12214206904172897,0.1415171499053637,0,1,PN00_sz04
PN00,PN00/PN00-4.edf,CALIBRATION,405,1012.5,1017.5,0.18789498507976532,0.1685864006479581,0,1,PN00_sz04
PN00,PN00/PN00-4.edf,CALIBRATION,406,1015.0,1020.0,0.19572214782238007,0.19600128134091693,0,1,PN00_sz04
PN00,PN00/PN00-4.edf,CALIBRATION,407,1017.5,1022.5,0.20438671112060547,0.2428530802329381,0,1,PN00_sz04
PN00,PN00/PN00-4.edf,CALIBRATION,408,1020.0,1025.0,0.32845038175582886,0.3338946501413981,0,1,PN00_sz04
PN00,PN00/PN00-4.edf,CALIBRATION,409,1022.5,1027.5,0.46884685754776,0.4458717107772827,0,1,PN00_sz04
PN00,PN00/PN00-4.edf,CALIBRATION,410,1025.0,1030.0,0.5403178930282593,0.5345882972081502,1,1,PN00_sz04
PN00,PN00/PN00-4.edf,CALIBRATION,411,1027.5,1032.5,0.5946001410484314,0.5782515207926432,1,1,PN00_sz04
PN00,PN00/PN00-4.edf,CALIBRATION,412,1030.0,1035.0,0.599836528301239,0.5899000366528828,1,1,PN00_sz04
PN00,PN00/PN00-4.edf,CALIBRATION,413,1032.5,1037.5,0.5752634406089783,0.5704691211382548,1,1,PN00_sz04
PN00,PN00/PN00-4.edf,CALIBRATION,414,1035.0,1040.0,0.5363073945045471,0.5384508570035298,1,1,PN00_sz04
PN00,PN00/PN00-4.edf,CALIBRATION,415,1037.5,1042.5,0.5037817358970642,0.5289182066917419,1,1,PN00_sz04
PN00,PN00/PN00-4.edf,CALIBRATION,416,1040.0,1045.0,0.5466654896736145,0.5529709259668986,1,1,PN00_sz04
PN00,PN00/PN00-4.edf,CALIBRATION,417,1042.5,1047.5,0.6084655523300171,0.5983462333679199,1,1,PN00_sz04
PN00,PN00/PN00-4.edf,CALIBRATION,418,1045.0,1050.0,0.6399076581001282,0.6340198318163554,1,1,PN00_sz04
PN00,PN00/PN00-4.edf,CALIBRATION,419,1047.5,1052.5,0.6536862850189209,0.6576005220413208,1,1,PN00_sz04
PN00,PN00/PN00-4.edf,CALIBRATION,420,1050.0,1055.0,0.6792076230049133,0.6768515308698018,1,1,PN00_sz04
PN00,PN00/PN00-4.edf,CALIBRATION,421,1052.5,1057.5,0.6976606845855713,0.6978711485862732,1,1,PN00_sz04
PN00,PN00/PN00-4.edf,CALIBRATION,422,1055.0,1060.0,0.716745138168335,0.7145045797030131,1,1,PN00_sz04
PN00,PN00/PN00-4.edf,CALIBRATION,423,1057.5,1062.5,0.7291079163551331,0.7269660433133442,1,1,PN00_sz04
PN00,PN00/PN00-4.edf,CALIBRATION,424,1060.0,1065.0,0.7350450754165649,0.731370747089386,1,1,PN00_sz04
PN00,PN00/PN00-4.edf,CALIBRATION,425,1062.5,1067.5,0.72995924949646,0.7269135316212971,1,1,PN00_sz04
PN00,PN00/PN00-4.edf,CALIBRATION,426,1065.0,1070.0,0.7157362699508667,0.7129531502723694,1,1,PN00_sz04
PN00,PN00/PN00-4.edf,CALIBRATION,427,1067.5,1072.5,0.6931639313697815,0.6956141789754231,1,1,PN00_sz04
PN00,PN00/PN00-4.edf,CALIBRATION,428,1070.0,1075.0,0.6779423356056213,0.6835371851921082,1,1,PN00_sz04
PN00,PN00/PN00-4.edf,CALIBRATION,429,1072.5,1077.5,0.6795052886009216,0.6802382071812947,1,1,PN00_sz04
PN00,PN00/PN00-4.edf,CALIBRATION,430,1075.0,1080.0,0.6832669973373413,0.6669103503227234,1,1,PN00_sz04
PN00,PN00/PN00-4.edf,CALIBRATION,431,1077.5,1082.5,0.6379587650299072,0.6297318339347839,1,1,PN00_sz04
PN00,PN00/PN00-4.edf,CALIBRATION,432,1080.0,1085.0,0.5679697394371033,0.5656452278296152,1,0,None
PN00,PN00/PN00-4.edf,CALIBRATION,433,1082.5,1087.5,0.4910071790218353,0.49137852589289344,0,0,None
PN00,PN00/PN00-4.edf,CALIBRATION,434,1085.0,1090.0,0.4151586592197418,0.4069449603557586,0,0,None
PN00,PN00/PN00-4.edf,CALIBRATION,435,1087.5,1092.5,0.31466904282569885,0.3410145342350006,0,0,None
PN00,PN00/PN00-4.edf,CALIBRATION,436,1090.0,1095.0,0.29321590065956116,0.276406725247701,0,0,None
PN00,PN00/PN00-4.edf,CALIBRATION,437,1092.5,1097.5,0.22133523225784302,0.22628769775231677,0,0,None
PN00,PN00/PN00-4.edf,CALIBRATION,438,1095.0,1100.0,0.1643119603395462,0.1789697806040446,0,0,None
PN00,PN00/PN00-4.edf,CALIBRATION,439,1097.5,1102.5,0.15126214921474457,0.15429921448230743,0,0,None
PN00,PN00/PN00-4.edf,CALIBRATION,440,1100.0,1105.0,0.14732353389263153,0.14605184892813364,0,0,None
PN00,PN00/PN00-4.edf,CALIBRATION,441,1102.5,1107.5,0.13956986367702484,0.13419894377390543,0,0,None
PN00,PN00/PN00-4.edf,CALIBRATION,442,1105.0,1110.0,0.11570343375205994,0.12505975862344104,0,0,None
PN00,PN00/PN00-4.edf,CALIBRATION,443,1107.5,1112.5,0.1199059784412384,0.1327654073635737,0,0,None
PN00,PN00/PN00-4.edf,CALIBRATION,444,1110.0,1115.0,0.1626868098974228,0.15451194842656452,0,0,None
PN00,PN00/PN00-4.edf,CALIBRATION,445,1112.5,1117.5,0.1809430569410324,0.16078142325083414,0,0,None
PN00,PN00/PN00-4.edf,CALIBRATION,446,1115.0,1120.0,0.13871440291404724,0.14926822980244953,0,0,None
PN00,PN00/PN00-4.edf,CALIBRATION,447,1117.5,1122.5,0.12814722955226898,0.1317170610030492,0,0,None
PN00,PN00/PN00-4.edf,CALIBRATION,448,1120.0,1125.0,0.12828955054283142,0.13484443227450052,0,0,None
PN00,PN00/PN00-4.edf,CALIBRATION,449,1122.5,1127.5,0.14809651672840118,0.15144744515419006,0,0,None
PN00,PN00/PN00-4.edf,CALIBRATION,450,1125.0,1130.0,0.17795626819133759,0.16352030138174692,0,0,None
PN00,PN00/PN00-4.edf,CALIBRATION,451,1127.5,1132.5,0.16450811922550201,0.1572334071000417,0,0,None
PN00,PN00/PN00-4.edf,CALIBRATION,452,1130.0,1135.0,0.12923583388328552,0.13733209172884622,0,0,None
PN00,PN00/PN00-4.edf,CALIBRATION,453,1132.5,1137.5,0.11825232207775116,0.11960014700889587,0,0,None
PN00,PN00/PN00-4.edf,CALIBRATION,454,1135.0,1140.0,0.11131228506565094,0.1103794127702713,0,0,None
PN00,PN00/PN00-4.edf,CALIBRATION,455,1137.5,1142.5,0.1015736311674118,0.10721592108408609,0,0,None
PN00,PN00/PN00-4.edf,CALIBRATION,456,1140.0,1145.0,0.10876184701919556,0.1080115387837092,0,0,None
PN00,PN00/PN00-4.edf,CALIBRATION,457,1142.5,1147.5,0.11369913816452026,0.1155805562933286,0,0,None
PN00,PN00/PN00-4.edf,CALIBRATION,458,1145.0,1150.0,0.12428068369626999,0.12201469391584396,0,0,None
PN00,PN00/PN00-4.edf,CALIBRATION,459,1147.5,1152.5,0.12806425988674164,0.12837816526492435,0,0,None
PN00,PN00/PN00-4.edf,CALIBRATION,460,1150.0,1155.0,0.13278955221176147,0.13322888314723969,0,0,None
PN00,PN00/PN00-4.edf,CALIBRATION,461,1152.5,1157.5,0.13883283734321594,0.13701078792413074,0,0,None
PN00,PN00/PN00-4.edf,CALIBRATION,462,1155.0,1160.0,0.13940997421741486,0.13882225255171457,0,0,None
PN00,PN00/PN00-4.edf,CALIBRATION,463,1157.5,1162.5,0.13822394609451294,0.14093646903832752,0,0,None
PN00,PN00/PN00-4.edf,CALIBRATION,464,1160.0,1165.0,0.1451754868030548,0.14626490076382953,0,0,None
PN00,PN00/PN00-4.edf,CALIBRATION,465,1162.5,1167.5,0.1553952693939209,0.149771715203921,0,0,None
PN00,PN00/PN00-4.edf,CALIBRATION,466,1165.0,1170.0,0.1487443894147873,0.14780102670192719,0,0,None
PN00,PN00/PN00-4.edf,CALIBRATION,467,1167.5,1172.5,0.13926342129707336,0.13786599040031433,0,0,None
PN00,PN00/PN00-4.edf,CALIBRATION,468,1170.0,1175.0,0.12559016048908234,0.1332085281610489,0,0,None
PN00,PN00/PN00-4.edf,CALIBRATION,469,1172.5,1177.5,0.13477200269699097,0.13328416148821512,0,0,None
PN00,PN00/PN00-4.edf,CALIBRATION,470,1175.0,1180.0,0.13949032127857208,0.13596324622631073,0,0,None
PN00,PN00/PN00-4.edf,CALIBRATION,471,1177.5,1182.5,0.13362741470336914,0.132255586485068,0,0,None
PN00,PN00/PN00-4.edf,CALIBRATION,472,1180.0,1185.0,0.12364902347326279,0.12688440332810083,0,0,None
PN00,PN00/PN00-4.edf,CALIBRATION,473,1182.5,1187.5,0.1233767718076706,0.12829680492480594,0,0,None
PN00,PN00/PN00-4.edf,CALIBRATION,474,1185.0,1190.0,0.1378646194934845,0.13835337261358896,0,0,None
PN00,PN00/PN00-4.edf,CALIBRATION,475,1187.5,1192.5,0.15381872653961182,0.14589127401510874,0,0,None
PN00,PN00/PN00-4.edf,CALIBRATION,476,1190.0,1195.0,0.14599047601222992,0.14766958355903625,0,0,None
PN00,PN00/PN00-4.edf,CALIBRATION,477,1192.5,1197.5,0.14319954812526703,0.14713189005851746,0,0,None
PN00,PN00/PN00-4.edf,CALIBRATION,478,1195.0,1200.0,0.15220564603805542,0.15120113889376322,0,0,None
PN00,PN00/PN00-4.edf,CALIBRATION,479,1197.5,1202.5,0.15819822251796722,0.15840651094913483,0,0,None
PN00,PN00/PN00-4.edf,CALIBRATION,480,1200.0,1205.0,0.16481566429138184,0.1646043062210083,0,0,None
PN00,PN00/PN00-4.edf,CALIBRATION,481,1202.5,1207.5,0.17079903185367584,0.16707014044125873,0,0,None
PN00,PN00/PN00-4.edf,CALIBRATION,482,1205.0,1210.0,0.16559572517871857,0.1673458566268285,0,0,None
PN00,PN00/PN00-4.edf,CALIBRATION,483,1207.5,1212.5,0.16564281284809113,0.16470493376255035,0,0,None
PN00,PN00/PN00-4.edf,CALIBRATION,484,1210.0,1215.0,0.16287626326084137,0.1636921763420105,0,0,None
PN00,PN00/PN00-4.edf,CALIBRATION,485,1212.5,1217.5,0.162557452917099,0.16272779802481332,0,0,None
PN00,PN00/PN00-4.edf,CALIBRATION,486,1215.0,1220.0,0.16274967789649963,0.16330197950204212,0,0,None
PN00,PN00/PN00-4.edf,CALIBRATION,487,1217.5,1222.5,0.16459880769252777,0.16505806148052216,0,0,None
PN00,PN00/PN00-4.edf,CALIBRATION,488,1220.0,1225.0,0.16782569885253906,0.16527471939722696,0,0,None
PN00,PN00/PN00-4.edf,CALIBRATION,489,1222.5,1227.5,0.16339965164661407,0.16168839236100513,0,0,None
PN00,PN00/PN00-4.edf,CALIBRATION,490,1225.0,1230.0,0.1538398265838623,0.15699549516042072,0,0,None
PN00,PN00/PN00-4.edf,CALIBRATION,491,1227.5,1232.5,0.15374700725078583,0.15947013596693674,0,0,None
PN00,PN00/PN00-4.edf,CALIBRATION,492,1230.0,1235.0,0.1708235740661621,0.167645921309789,0,0,None
PN00,PN00/PN00-4.edf,CALIBRATION,493,1232.5,1237.5,0.17836718261241913,0.17457663019498187,0,0,None
PN00,PN00/PN00-4.edf,CALIBRATION,494,1235.0,1240.0,0.17453913390636444,0.1749518613020579,0,0,None
PN00,PN00/PN00-4.edf,CALIBRATION,495,1237.5,1242.5,0.17194926738739014,0.17114517092704773,0,0,None
PN00,PN00/PN00-4.edf,CALIBRATION,496,1240.0,1245.0,0.1669471114873886,0.1684423635403315,0,0,None
PN00,PN00/PN00-4.edf,CALIBRATION,497,1242.5,1247.5,0.16643071174621582,0.16822239259878793,0,0,None
PN00,PN00/PN00-4.edf,CALIBRATION,498,1245.0,1250.0,0.1712893545627594,0.16516436139742532,0,0,None
PN00,PN00/PN00-4.edf,CALIBRATION,499,1247.5,1252.5,0.15777301788330078,0.15691433350245157,0,0,None
PN00,PN00/PN00-4.edf,CALIBRATION,500,1250.0,1255.0,0.14168062806129456,0.14538630346457163,0,0,None
PN00,PN00/PN00-4.edf,CALIBRATION,501,1252.5,1257.5,0.13670526444911957,0.13703903059164682,0,0,None
PN00,PN00/PN00-4.edf,CALIBRATION,502,1255.0,1260.0,0.13273119926452637,0.1335334132115046,0,0,None
PN00,PN00/PN00-4.edf,CALIBRATION,503,1257.5,1262.5,0.13116377592086792,0.13088498016198474,0,0,None
PN00,PN00/PN00-4.edf,CALIBRATION,504,1260.0,1265.0,0.12875996530056,0.13506286839644113,0,0,None
PN00,PN00/PN00-4.edf,CALIBRATION,505,1262.5,1267.5,0.1452648639678955,0.14144485692183176,0,0,None
PN00,PN00/PN00-4.edf,CALIBRATION,506,1265.0,1270.0,0.1503097414970398,0.14899674554665882,0,0,None
PN00,PN00/PN00-4.edf,CALIBRATION,507,1267.5,1272.5,0.1514156311750412,0.14979166785875955,0,0,None
PN00,PN00/PN00-4.edf,CALIBRATION,508,1270.0,1275.0,0.1476496309041977,0.16816550493240356,0,0,None
PN00,PN00/PN00-4.edf,CALIBRATION,509,1272.5,1277.5,0.2054312527179718,0.19831126431624094,0,0,None
PN00,PN00/PN00-4.edf,CALIBRATION,510,1275.0,1280.0,0.24185290932655334,0.21573403974374133,0,0,None
PN00,PN00/PN00-4.edf,CALIBRATION,511,1277.5,1282.5,0.1999179571866989,0.20317047337690988,0,0,None
PN00,PN00/PN00-4.edf,CALIBRATION,512,1280.0,1285.0,0.16774055361747742,0.1715232382218043,0,0,None
PN00,PN00/PN00-4.edf,CALIBRATION,513,1282.5,1287.5,0.14691120386123657,0.1500931680202484,0,0,None
PN00,PN00/PN00-4.edf,CALIBRATION,514,1285.0,1290.0,0.13562774658203125,0.1374824394782384,0,0,None
PN00,PN00/PN00-4.edf,CALIBRATION,515,1287.5,1292.5,0.12990836799144745,0.13289634883403778,0,0,None
PN00,PN00/PN00-4.edf,CALIBRATION,516,1290.0,1295.0,0.13315293192863464,0.13393614689509073,0,0,None
PN00,PN00/PN00-4.edf,CALIBRATION,517,1292.5,1297.5,0.13874714076519012,0.14291667938232422,0,0,None
PN00,PN00/PN00-4.edf,CALIBRATION,518,1295.0,1300.0,0.1568499654531479,0.15283034245173135,0,0,None
PN00,PN00/PN00-4.edf,CALIBRATION,519,1297.5,1302.5,0.16289392113685608,0.1611305276552836,0,0,None
PN00,PN00/PN00-4.edf,CALIBRATION,520,1300.0,1305.0,0.16364769637584686,0.16318129499753314,0,0,None
PN00,PN00/PN00-4.edf,CALIBRATION,521,1302.5,1307.5,0.16300226747989655,0.16139844556649524,0,0,None
PN00,PN00/PN00-4.edf,CALIBRATION,522,1305.0,1310.0,0.15754537284374237,0.15518877406915027,0,0,None
PN00,PN00/PN00-4.edf,CALIBRATION,523,1307.5,1312.5,0.14501868188381195,0.1444029907385508,0,0,None
PN00,PN00/PN00-4.edf,CALIBRATION,524,1310.0,1315.0,0.13064491748809814,0.1526900033156077,0,0,None
PN00,PN00/PN00-4.edf,CALIBRATION,525,1312.5,1317.5,0.18240641057491302,0.18385042746861774,0,0,None
PN00,PN00/PN00-4.edf,CALIBRATION,526,1315.0,1320.0,0.2384999543428421,0.20959806442260742,0,0,None
PN00,PN00/PN00-4.edf,CALIBRATION,527,1317.5,1322.5,0.20788782835006714,0.19907265404860178,0,0,None
PN00,PN00/PN00-4.edf,CALIBRATION,528,1320.0,1325.0,0.15083017945289612,0.15876523405313492,0,0,None
PN00,PN00/PN00-4.edf,CALIBRATION,529,1322.5,1327.5,0.1175776943564415,0.12726790209611255,0,0,None
PN00,PN00/PN00-4.edf,CALIBRATION,530,1325.0,1330.0,0.11339583247900009,0.11503331363201141,0,0,None
PN00,PN00/PN00-4.edf,CALIBRATION,531,1327.5,1332.5,0.11412641406059265,0.11225363115469614,0,0,None
PN00,PN00/PN00-4.edf,CALIBRATION,532,1330.0,1335.0,0.1092386469244957,0.11090742548306783,0,0,None
PN00,PN00/PN00-4.edf,CALIBRATION,533,1332.5,1337.5,0.10935721546411514,0.1084702561299006,0,0,None
PN00,PN00/PN00-4.edf,CALIBRATION,534,1335.0,1340.0,0.106814906001091,0.10680549840132395,0,0,None
PN00,PN00/PN00-4.edf,CALIBRATION,535,1337.5,1342.5,0.10424437373876572,0.10471520324548084,0,0,None
PN00,PN00/PN00-4.edf,CALIBRATION,536,1340.0,1345.0,0.10308632999658585,0.10731864720582962,0,0,None
PN00,PN00/PN00-4.edf,CALIBRATION,537,1342.5,1347.5,0.1146252378821373,0.11112328122059503,0,0,None
PN00,PN00/PN00-4.edf,CALIBRATION,538,1345.0,1350.0,0.11565827578306198,0.11716035008430481,0,0,None
PN00,PN00/PN00-4.edf,CALIBRATION,539,1347.5,1352.5,0.12119753658771515,0.12452048311630884,0,0,None
PN00,PN00/PN00-4.edf,CALIBRATION,540,1350.0,1355.0,0.13670563697814941,0.13618077834447223,0,0,None
PN00,PN00/PN00-4.edf,CALIBRATION,541,1352.5,1357.5,0.15063916146755219,0.14929225544134775,0,0,None
PN00,PN00/PN00-4.edf,CALIBRATION,542,1355.0,1360.0,0.16053196787834167,0.1602727323770523,0,0,None
PN00,PN00/PN00-4.edf,CALIBRATION,543,1357.5,1362.5,0.16964706778526306,0.16439003745714822,0,0,None
PN00,PN00/PN00-4.edf,CALIBRATION,544,1360.0,1365.0,0.16299107670783997,0.1648460527261098,0,0,None
PN00,PN00/PN00-4.edf,CALIBRATION,545,1362.5,1367.5,0.16190001368522644,0.165248100956281,0,0,None
PN00,PN00/PN00-4.edf,CALIBRATION,546,1365.0,1370.0,0.17085321247577667,0.16854550937811533,0,0,None
PN00,PN00/PN00-4.edf,CALIBRATION,547,1367.5,1372.5,0.1728833019733429,0.17140379548072815,0,0,None
PN00,PN00/PN00-4.edf,CALIBRATION,548,1370.0,1375.0,0.17047487199306488,0.16816499829292297,0,0,None
PN00,PN00/PN00-4.edf,CALIBRATION,549,1372.5,1377.5,0.16113682091236115,0.16405810912450153,0,0,None
PN00,PN00/PN00-4.edf,CALIBRATION,550,1375.0,1380.0,0.1605626344680786,0.16484993199507395,0,0,None
PN00,PN00/PN00-4.edf,CALIBRATION,551,1377.5,1382.5,0.1728503406047821,0.17658976713816324,0,0,None
PN00,PN00/PN00-4.edf,CALIBRATION,552,1380.0,1385.0,0.19635632634162903,0.18752439816792804,0,0,None
PN00,PN00/PN00-4.edf,CALIBRATION,553,1382.5,1387.5,0.19336652755737305,0.19162292778491974,0,0,None
PN00,PN00/PN00-4.edf,CALIBRATION,554,1385.0,1390.0,0.18514592945575714,0.1821537613868713,0,0,None
PN00,PN00/PN00-4.edf,CALIBRATION,555,1387.5,1392.5,0.16794882714748383,0.17103786766529083,0,0,None
PN00,PN00/PN00-4.edf,CALIBRATION,556,1390.0,1395.0,0.16001884639263153,0.16230398913224536,0,0,None
PN00,PN00/PN00-4.edf,CALIBRATION,557,1392.5,1397.5,0.1589442938566208,0.15996234118938446,0,0,None
PN00,PN00/PN00-4.edf,CALIBRATION,558,1395.0,1400.0,0.16092388331890106,0.16328447063763935,0,0,None
PN00,PN00/PN00-4.edf,CALIBRATION,559,1397.5,1402.5,0.16998523473739624,0.16614513099193573,0,0,None
PN00,PN00/PN00-4.edf,CALIBRATION,560,1400.0,1405.0,0.1675262749195099,0.17037085692087808,0,0,None
PN00,PN00/PN00-4.edf,CALIBRATION,561,1402.5,1407.5,0.17360106110572815,0.16885577142238617,0,0,None
PN00,PN00/PN00-4.edf,CALIBRATION,562,1405.0,1410.0,0.16543997824192047,0.1673385997613271,0,0,None
PN00,PN00/PN00-4.edf,CALIBRATION,563,1407.5,1412.5,0.1629747599363327,0.15922029813130695,0,0,None
PN00,PN00/PN00-4.edf,CALIBRATION,564,1410.0,1415.0,0.14924615621566772,0.15191346406936646,0,0,None
PN00,PN00/PN00-4.edf,CALIBRATION,565,1412.5,1417.5,0.14351947605609894,0.14549864828586578,0,0,None
PN00,PN00/PN00-4.edf,CALIBRATION,566,1415.0,1420.0,0.1437303125858307,0.1463278184334437,0,0,None
PN00,PN00/PN00-4.edf,CALIBRATION,567,1417.5,1422.5,0.1517336666584015,0.14969107508659363,0,0,None
PN00,PN00/PN00-4.edf,CALIBRATION,568,1420.0,1425.0,0.1536092460155487,0.15427566568056741,0,0,None
PN00,PN00/PN00-4.edf,CALIBRATION,569,1422.5,1427.5,0.15748408436775208,0.1566318521896998,0,0,None
PN00,PN00/PN00-4.edf,CALIBRATION,570,1425.0,1430.0,0.15880222618579865,0.15901723007361093,0,0,None
PN00,PN00/PN00-4.edf,CALIBRATION,571,1427.5,1432.5,0.1607653796672821,0.1618366837501526,0,0,None
PN00,PN00/PN00-4.edf,CALIBRATION,572,1430.0,1435.0,0.16594244539737701,0.16491293907165527,0,0,None
PN00,PN00/PN00-4.edf,CALIBRATION,573,1432.5,1437.5,0.1680309921503067,0.16756572326024372,0,0,None
PN00,PN00/PN00-4.edf,CALIBRATION,574,1435.0,1440.0,0.16872373223304749,0.16793703536192575,0,0,None
PN00,PN00/PN00-4.edf,CALIBRATION,575,1437.5,1442.5,0.1670563817024231,0.1658458262681961,0,0,None
PN00,PN00/PN00-4.edf,CALIBRATION,576,1440.0,1445.0,0.16175736486911774,0.1630256821711858,0,0,None
PN00,PN00/PN00-4.edf,CALIBRATION,577,1442.5,1447.5,0.1602632999420166,0.16171609858671823,0,0,None
PN00,PN00/PN00-4.edf,CALIBRATION,578,1445.0,1450.0,0.16312763094902039,0.16710755725701648,0,0,None
PN00,PN00/PN00-4.edf,CALIBRATION,579,1447.5,1452.5,0.1779317408800125,0.1732371300458908,0,0,None
PN00,PN00/PN00-4.edf,CALIBRATION,580,1450.0,1455.0,0.17865201830863953,0.17410434782505035,0,0,None
PN00,PN00/PN00-4.edf,CALIBRATION,581,1452.5,1457.5,0.16572928428649902,0.16887531181176502,0,0,None
PN00,PN00/PN00-4.edf,CALIBRATION,582,1455.0,1460.0,0.16224463284015656,0.1633657912413279,0,0,None
PN00,PN00/PN00-4.edf,CALIBRATION,583,1457.5,1462.5,0.16212345659732819,0.17556142310301462,0,0,None
PN00,PN00/PN00-4.edf,CALIBRATION,584,1460.0,1465.0,0.20231617987155914,0.19090255598227182,0,0,None
PN00,PN00/PN00-4.edf,CALIBRATION,585,1462.5,1467.5,0.20826803147792816,0.1909042199452718,0,0,None
PN00,PN00/PN00-4.edf,CALIBRATION,586,1465.0,1470.0,0.16212844848632812,0.16809234023094177,0,0,None
PN00,PN00/PN00-4.edf,CALIBRATION,587,1467.5,1472.5,0.13388054072856903,0.1381815622250239,0,0,None
PN00,PN00/PN00-4.edf,CALIBRATION,588,1470.0,1475.0,0.11853569746017456,0.12146194527546564,0,0,None
PN00,PN00/PN00-4.edf,CALIBRATION,589,1472.5,1477.5,0.11196959763765335,0.11483983447154361,0,0,None
PN00,PN00/PN00-4.edf,CALIBRATION,590,1475.0,1480.0,0.11401420831680298,0.11508236328760782,0,0,None
PN00,PN00/PN00-4.edf,CALIBRATION,591,1477.5,1482.5,0.11926328390836716,0.12092040230830509,0,0,None
PN00,PN00/PN00-4.edf,CALIBRATION,592,1480.0,1485.0,0.12948371469974518,0.13040541857481003,0,0,None
PN00,PN00/PN00-4.edf,CALIBRATION,593,1482.5,1487.5,0.14246925711631775,0.14008230964342752,0,0,None
PN00,PN00/PN00-4.edf,CALIBRATION,594,1485.0,1490.0,0.14829395711421967,0.14897664884726206,0,0,None
PN00,PN00/PN00-4.edf,CALIBRATION,595,1487.5,1492.5,0.15616673231124878,0.154855544368426,0,0,None
PN00,PN00/PN00-4.edf,CALIBRATION,596,1490.0,1495.0,0.16010594367980957,0.1588395039240519,0,0,None
PN00,PN00/PN00-4.edf,CALIBRATION,597,1492.5,1497.5,0.1602458357810974,0.16047716637452442,0,0,None
PN00,PN00/PN00-4.edf,CALIBRATION,598,1495.0,1500.0,0.16107971966266632,0.16195991138617197,0,0,None
PN00,PN00/PN00-4.edf,CALIBRATION,599,1497.5,1502.5,0.1645541787147522,0.16595422228177387,0,0,None
PN00,PN00/PN00-4.edf,CALIBRATION,600,1500.0,1505.0,0.17222876846790314,0.17079328993956247,0,0,None
PN00,PN00/PN00-4.edf,CALIBRATION,601,1502.5,1507.5,0.1755969226360321,0.17280649642149606,0,0,None
PN00,PN00/PN00-4.edf,CALIBRATION,602,1505.0,1510.0,0.17059379816055298,0.17429741223653156,0,0,None
PN00,PN00/PN00-4.edf,CALIBRATION,603,1507.5,1512.5,0.17670151591300964,0.17171591023604074,0,0,None
PN00,PN00/PN00-4.edf,CALIBRATION,604,1510.0,1515.0,0.16785241663455963,0.19040119151274362,0,0,None
PN00,PN00/PN00-4.edf,CALIBRATION,605,1512.5,1517.5,0.22664964199066162,0.23707853257656097,0,0,None
PN00,PN00/PN00-4.edf,CALIBRATION,606,1515.0,1520.0,0.31673353910446167,0.27134108543395996,0,0,None
PN00,PN00/PN00-4.edf,CALIBRATION,607,1517.5,1522.5,0.2706400752067566,0.2833699782689412,0,0,None
PN00,PN00/PN00-4.edf,CALIBRATION,608,1520.0,1525.0,0.26273632049560547,0.2370048314332962,0,0,None
PN00,PN00/PN00-4.edf,CALIBRATION,609,1522.5,1527.5,0.17763809859752655,0.20035243034362793,0,0,None
PN00,PN00/PN00-4.edf,CALIBRATION,610,1525.0,1530.0,0.16068287193775177,0.15631012618541718,0,0,None
PN00,PN00/PN00-4.edf,CALIBRATION,611,1527.5,1532.5,0.1306094080209732,0.12576577564080557,0,0,None
PN00,PN00/PN00-4.edf,CALIBRATION,612,1530.0,1535.0,0.08600504696369171,0.09482065588235855,0,0,None
PN00,PN00/PN00-4.edf,CALIBRATION,613,1532.5,1537.5,0.06784751266241074,0.0744400049249331,0,0,None
PN00,PN00/PN00-4.edf,CALIBRATION,614,1535.0,1540.0,0.0694674551486969,0.07100930561621983,0,0,None
PN00,PN00/PN00-4.edf,CALIBRATION,615,1537.5,1542.5,0.07571294903755188,0.075596384704113,0,0,None
PN00,PN00/PN00-4.edf,CALIBRATION,616,1540.0,1545.0,0.08160874992609024,0.08644595742225647,0,0,None
PN00,PN00/PN00-4.edf,CALIBRATION,617,1542.5,1547.5,0.10201617330312729,0.10044648498296738,0,0,None
PN00,PN00/PN00-4.edf,CALIBRATION,618,1545.0,1550.0,0.1177145317196846,0.11573117971420287,0,0,None
PN00,PN00/PN00-4.edf,CALIBRATION,619,1547.5,1552.5,0.12746283411979675,0.1268904035290082,0,0,None
PN00,PN00/PN00-4.edf,CALIBRATION,620,1550.0,1555.0,0.13549384474754333,0.13625336190064746,0,0,None
PN00,PN00/PN00-4.edf,CALIBRATION,621,1552.5,1557.5,0.14580340683460236,0.1435051808754603,0,0,None
PN00,PN00/PN00-4.edf,CALIBRATION,622,1555.0,1560.0,0.14921829104423523,0.14920552571614581,0,0,None
PN00,PN00/PN00-4.edf,CALIBRATION,623,1557.5,1562.5,0.15259487926959991,0.15357935428619385,0,0,None
PN00,PN00/PN00-4.edf,CALIBRATION,624,1560.0,1565.0,0.1589248925447464,0.15722872813542682,0,0,None
PN00,PN00/PN00-4.edf,CALIBRATION,625,1562.5,1567.5,0.1601664125919342,0.1626724898815155,0,0,None
PN00,PN00/PN00-4.edf,CALIBRATION,626,1565.0,1570.0,0.1689261645078659,0.1768363018830617,0,0,None
PN00,PN00/PN00-4.edf,CALIBRATION,627,1567.5,1572.5,0.20141632854938507,0.19865593314170837,0,0,None
PN00,PN00/PN00-4.edf,CALIBRATION,628,1570.0,1575.0,0.22562530636787415,0.2070350299278895,0,0,None
PN00,PN00/PN00-4.edf,CALIBRATION,629,1572.5,1577.5,0.1940634548664093,0.19352927803993225,0,0,None
PN00,PN00/PN00-4.edf,CALIBRATION,630,1575.0,1580.0,0.1608990728855133,0.16518423954645792,0,0,None
PN00,PN00/PN00-4.edf,CALIBRATION,631,1577.5,1582.5,0.14059019088745117,0.1442127873500188,0,0,None
PN00,PN00/PN00-4.edf,CALIBRATION,632,1580.0,1585.0,0.13114909827709198,0.13536715507507324,0,0,None
PN00,PN00/PN00-4.edf,CALIBRATION,633,1582.5,1587.5,0.13436217606067657,0.13557604948679605,0,0,None
PN00,PN00/PN00-4.edf,CALIBRATION,634,1585.0,1590.0,0.14121687412261963,0.1414248098929723,0,0,None
PN00,PN00/PN00-4.edf,CALIBRATION,635,1587.5,1592.5,0.14869537949562073,0.14959260821342468,0,0,None
PN00,PN00/PN00-4.edf,CALIBRATION,636,1590.0,1595.0,0.1588655710220337,0.15828262269496918,0,0,None
PN00,PN00/PN00-4.edf,CALIBRATION,637,1592.5,1597.5,0.1672869175672531,0.16545728842417398,0,0,None
PN00,PN00/PN00-4.edf,CALIBRATION,638,1595.0,1600.0,0.17021937668323517,0.16854263842105865,0,0,None
PN00,PN00/PN00-4.edf,CALIBRATION,639,1597.5,1602.5,0.16812162101268768,0.16869298617045084,0,0,None
PN00,PN00/PN00-4.edf,CALIBRATION,640,1600.0,1605.0,0.1677379608154297,0.16721053918202716,0,0,None
PN00,PN00/PN00-4.edf,CALIBRATION,641,1602.5,1607.5,0.16577203571796417,0.16839032371838886,0,0,None
PN00,PN00/PN00-4.edf,CALIBRATION,642,1605.0,1610.0,0.17166097462177277,0.1678485373655955,0,0,None
PN00,PN00/PN00-4.edf,CALIBRATION,643,1607.5,1612.5,0.16611260175704956,0.16622668504714966,0,0,None
PN00,PN00/PN00-4.edf,CALIBRATION,644,1610.0,1615.0,0.16090647876262665,0.16256581743558246,0,0,None
PN00,PN00/PN00-4.edf,CALIBRATION,645,1612.5,1617.5,0.16067837178707123,0.16340360045433044,0,0,None
PN00,PN00/PN00-4.edf,CALIBRATION,646,1615.0,1620.0,0.16862595081329346,0.16657933592796326,0,0,None
PN00,PN00/PN00-4.edf,CALIBRATION,647,1617.5,1622.5,0.17043368518352509,0.16710713505744934,0,0,None
PN00,PN00/PN00-4.edf,CALIBRATION,648,1620.0,1625.0,0.16226176917552948,0.16531890134016672,0,0,None
PN00,PN00/PN00-4.edf,CALIBRATION,649,1622.5,1627.5,0.16326124966144562,0.15998117129007974,0,0,None
PN00,PN00/PN00-4.edf,CALIBRATION,650,1625.0,1630.0,0.15442049503326416,0.15603237350781757,0,0,None
PN00,PN00/PN00-4.edf,CALIBRATION,651,1627.5,1632.5,0.15041537582874298,0.15304007132848102,0,0,None
PN00,PN00/PN00-4.edf,CALIBRATION,652,1630.0,1635.0,0.15428434312343597,0.15198435882727304,0,0,None
PN00,PN00/PN00-4.edf,CALIBRATION,653,1632.5,1637.5,0.1512533575296402,0.1511985162893931,0,0,None
PN00,PN00/PN00-4.edf,CALIBRATION,654,1635.0,1640.0,0.14805784821510315,0.1464580992857615,0,0,None
PN00,PN00/PN00-4.edf,CALIBRATION,655,1637.5,1642.5,0.1400630921125412,0.14343005915482837,0,0,None
PN00,PN00/PN00-4.edf,CALIBRATION,656,1640.0,1645.0,0.14216923713684082,0.14313412209351856,0,0,None
PN00,PN00/PN00-4.edf,CALIBRATION,657,1642.5,1647.5,0.1471700370311737,0.144751638174057,0,0,None
PN00,PN00/PN00-4.edf,CALIBRATION,658,1645.0,1650.0,0.1449156403541565,0.1478165437777837,0,0,None
PN00,PN00/PN00-4.edf,CALIBRATION,659,1647.5,1652.5,0.15136395394802094,0.15459348261356354,0,0,None
PN00,PN00/PN00-4.edf,CALIBRATION,660,1650.0,1655.0,0.16750085353851318,0.16416972875595093,0,0,None
PN00,PN00/PN00-4.edf,CALIBRATION,661,1652.5,1657.5,0.17364437878131866,0.17115224401156107,0,0,None
PN00,PN00/PN00-4.edf,CALIBRATION,662,1655.0,1660.0,0.17231149971485138,0.16801655789216358,0,0,None
PN00,PN00/PN00-4.edf,CALIBRATION,663,1657.5,1662.5,0.15809379518032074,0.15971191227436066,0,0,None
PN00,PN00/PN00-4.edf,CALIBRATION,664,1660.0,1665.0,0.14873044192790985,0.1512001057465871,0,0,None
PN00,PN00/PN00-4.edf,CALIBRATION,665,1662.5,1667.5,0.14677608013153076,0.15807900329430896,0,0,None
PN00,PN00/PN00-4.edf,CALIBRATION,666,1665.0,1670.0,0.17873048782348633,0.1686528871456782,0,0,None
PN00,PN00/PN00-4.edf,CALIBRATION,667,1667.5,1672.5,0.18045209348201752,0.17226565877596536,0,0,None
PN00,PN00/PN00-4.edf,CALIBRATION,668,1670.0,1675.0,0.15761439502239227,0.16005026300748187,0,0,None
PN00,PN00/PN00-4.edf,CALIBRATION,669,1672.5,1677.5,0.1420843005180359,0.14659423132737476,0,0,None
PN00,PN00/PN00-4.edf,CALIBRATION,670,1675.0,1680.0,0.14008399844169617,0.14261501530806223,0,0,None
PN00,PN00/PN00-4.edf,CALIBRATION,671,1677.5,1682.5,0.14567674696445465,0.14382397135098773,0,0,None
PN00,PN00/PN00-4.edf,CALIBRATION,672,1680.0,1685.0,0.14571116864681244,0.1463411251703898,0,0,None
PN00,PN00/PN00-4.edf,CALIBRATION,673,1682.5,1687.5,0.14763545989990234,0.14689354101816812,0,0,None
PN00,PN00/PN00-4.edf,CALIBRATION,674,1685.0,1690.0,0.1473339945077896,0.14790895084540048,0,0,None
PN00,PN00/PN00-4.edf,CALIBRATION,675,1687.5,1692.5,0.14875739812850952,0.1456584682067235,0,0,None
PN00,PN00/PN00-4.edf,CALIBRATION,676,1690.0,1695.0,0.14088401198387146,0.14176285763581592,0,0,None
PN00,PN00/PN00-4.edf,CALIBRATION,677,1692.5,1697.5,0.13564716279506683,0.1390092521905899,0,0,None
PN00,PN00/PN00-4.edf,CALIBRATION,678,1695.0,1700.0,0.14049658179283142,0.14131237069765726,0,0,None
PN00,PN00/PN00-4.edf,CALIBRATION,679,1697.5,1702.5,0.14779336750507355,0.1486566811800003,0,0,None
PN00,PN00/PN00-4.edf,CALIBRATION,680,1700.0,1705.0,0.15768009424209595,0.15481803814570108,0,0,None
PN00,PN00/PN00-4.edf,CALIBRATION,681,1702.5,1707.5,0.15898065268993378,0.15925822655359903,0,0,None
PN00,PN00/PN00-4.edf,CALIBRATION,682,1705.0,1710.0,0.1611139327287674,0.1604187786579132,0,0,None
PN00,PN00/PN00-4.edf,CALIBRATION,683,1707.5,1712.5,0.16116175055503845,0.15987818936506906,0,0,None
PN00,PN00/PN00-4.edf,CALIBRATION,684,1710.0,1715.0,0.15735888481140137,0.1574758986632029,0,0,None
PN00,PN00/PN00-4.edf,CALIBRATION,685,1712.5,1717.5,0.15390706062316895,0.15612247586250305,0,0,None
PN00,PN00/PN00-4.edf,CALIBRATION,686,1715.0,1720.0,0.15710148215293884,0.15915634234746295,0,0,None
PN00,PN00/PN00-4.edf,CALIBRATION,687,1717.5,1722.5,0.16646048426628113,0.1604469170173009,0,0,None
PN00,PN00/PN00-4.edf,CALIBRATION,688,1720.0,1725.0,0.1577787846326828,0.15970454613367716,0,0,None
PN00,PN00/PN00-4.edf,CALIBRATION,689,1722.5,1727.5,0.15487436950206757,0.15451217194398242,0,0,None
PN00,PN00/PN00-4.edf,CALIBRATION,690,1725.0,1730.0,0.15088336169719696,0.15343262751897174,0,0,None
PN00,PN00/PN00-4.edf,CALIBRATION,691,1727.5,1732.5,0.15454015135765076,0.15387376646200815,0,0,None
PN00,PN00/PN00-4.edf,CALIBRATION,692,1730.0,1735.0,0.15619778633117676,0.15557109316190082,0,0,None
PN00,PN00/PN00-4.edf,CALIBRATION,693,1732.5,1737.5,0.155975341796875,0.15696975588798523,0,0,None
PN00,PN00/PN00-4.edf,CALIBRATION,694,1735.0,1740.0,0.15873613953590393,0.1562202622493108,0,0,None
PN00,PN00/PN00-4.edf,CALIBRATION,695,1737.5,1742.5,0.1539493054151535,0.15408459305763245,0,0,None
PN00,PN00/PN00-4.edf,CALIBRATION,696,1740.0,1745.0,0.1495683342218399,0.15453318258126575,0,0,None
PN00,PN00/PN00-4.edf,CALIBRATION,697,1742.5,1747.5,0.1600819081068039,0.15688416858514148,0,0,None
PN00,PN00/PN00-4.edf,CALIBRATION,698,1745.0,1750.0,0.1610022634267807,0.1591545045375824,0,0,None
PN00,PN00/PN00-4.edf,CALIBRATION,699,1747.5,1752.5,0.1563793420791626,0.158035010099411,0,0,None
PN00,PN00/PN00-4.edf,CALIBRATION,700,1750.0,1755.0,0.15672342479228973,0.15964922308921814,0,0,None
PN00,PN00/PN00-4.edf,CALIBRATION,701,1752.5,1757.5,0.1658449023962021,0.17439671357472736,0,0,None
PN00,PN00/PN00-4.edf,CALIBRATION,702,1755.0,1760.0,0.2006218135356903,0.2048458655675252,0,0,None
PN00,PN00/PN00-4.edf,CALIBRATION,703,1757.5,1762.5,0.2480708807706833,0.22707509001096088,0,0,None
PN00,PN00/PN00-4.edf,CALIBRATION,704,1760.0,1765.0,0.2325325757265091,0.2164089183012644,0,0,None
PN00,PN00/PN00-4.edf,CALIBRATION,705,1762.5,1767.5,0.16862329840660095,0.17661886413892108,0,0,None
PN00,PN00/PN00-4.edf,CALIBRATION,706,1765.0,1770.0,0.12870071828365326,0.13883697738250095,0,0,None
PN00,PN00/PN00-4.edf,CALIBRATION,707,1767.5,1772.5,0.11918691545724869,0.12083868930737177,0,0,None
PN00,PN00/PN00-4.edf,CALIBRATION,708,1770.0,1775.0,0.11462843418121338,0.11558795223633447,0,0,None
PN00,PN00/PN00-4.edf,CALIBRATION,709,1772.5,1777.5,0.11294850707054138,0.11596782753864923,0,0,None
PN00,PN00/PN00-4.edf,CALIBRATION,710,1775.0,1780.0,0.12032654136419296,0.12361415972312291,0,0,None
PN00,PN00/PN00-4.edf,CALIBRATION,711,1777.5,1782.5,0.1375674307346344,0.14019797494014102,0,0,None
PN00,PN00/PN00-4.edf,CALIBRATION,712,1780.0,1785.0,0.16269995272159576,0.157916525999705,0,0,None
PN00,PN00/PN00-4.edf,CALIBRATION,713,1782.5,1787.5,0.17348219454288483,0.16868080695470172,0,0,None
PN00,PN00/PN00-4.edf,CALIBRATION,714,1785.0,1790.0,0.16986027359962463,0.16960821052392322,0,0,None
PN00,PN00/PN00-4.edf,CALIBRATION,715,1787.5,1792.5,0.16548216342926025,0.16869983077049255,0,0,None
PN00,PN00/PN00-4.edf,CALIBRATION,716,1790.0,1795.0,0.17075705528259277,0.16954632600148517,0,0,None
PN00,PN00/PN00-4.edf,CALIBRATION,717,1792.5,1797.5,0.17239975929260254,0.1760486861069997,0,0,None
PN00,PN00/PN00-4.edf,CALIBRATION,718,1795.0,1800.0,0.18498924374580383,0.17495008806387582,0,0,None
PN00,PN00/PN00-4.edf,CALIBRATION,719,1797.5,1802.5,0.16746126115322113,0.15339386463165283,0,0,None
PN00,PN00/PN00-4.edf,CALIBRATION,720,1800.0,1805.0,0.10773108899593353,0.11981547127167383,0,0,None
PN00,PN00/PN00-4.edf,CALIBRATION,721,1802.5,1807.5,0.08425406366586685,0.08937993894020715,0,0,None
PN00,PN00/PN00-4.edf,CALIBRATION,722,1805.0,1810.0,0.0761546641588211,0.07934073607126871,0,0,None
PN00,PN00/PN00-4.edf,CALIBRATION,723,1807.5,1812.5,0.0776134803891182,0.07927690943082173,0,0,None
PN00,PN00/PN00-4.edf,CALIBRATION,724,1810.0,1815.0,0.08406258374452591,0.08438559373219807,0,0,None
PN00,PN00/PN00-4.edf,CALIBRATION,725,1812.5,1817.5,0.09148071706295013,0.09391729036966959,0,0,None
PN00,PN00/PN00-4.edf,CALIBRATION,726,1815.0,1820.0,0.10620857030153275,0.11040060470501581,0,0,None
PN00,PN00/PN00-4.edf,CALIBRATION,727,1817.5,1822.5,0.13351252675056458,0.12944664806127548,0,0,None
PN00,PN00/PN00-4.edf,CALIBRATION,728,1820.0,1825.0,0.14861884713172913,0.14522988100846607,0,0,None
PN00,PN00/PN00-4.edf,CALIBRATION,729,1822.5,1827.5,0.15355826914310455,0.15309010446071625,0,0,None
PN00,PN00/PN00-4.edf,CALIBRATION,730,1825.0,1830.0,0.15709319710731506,0.15470071136951447,0,0,None
PN00,PN00/PN00-4.edf,CALIBRATION,731,1827.5,1832.5,0.15345066785812378,0.15647514164447784,0,0,None
PN00,PN00/PN00-4.edf,CALIBRATION,732,1830.0,1835.0,0.1588815599679947,0.1571884403626124,0,0,None
PN00,PN00/PN00-4.edf,CALIBRATION,733,1832.5,1837.5,0.15923309326171875,0.15946977833906809,0,0,None
PN00,PN00/PN00-4.edf,CALIBRATION,734,1835.0,1840.0,0.16029468178749084,0.15989212691783905,0,0,None
PN00,PN00/PN00-4.edf,CALIBRATION,735,1837.5,1842.5,0.16014860570430756,0.15949833889802295,0,0,None
PN00,PN00/PN00-4.edf,CALIBRATION,736,1840.0,1845.0,0.1580517292022705,0.15788085758686066,0,0,None
PN00,PN00/PN00-4.edf,CALIBRATION,737,1842.5,1847.5,0.1554422378540039,0.15894527733325958,0,0,None
PN00,PN00/PN00-4.edf,CALIBRATION,738,1845.0,1850.0,0.16334186494350433,0.16218069692452747,0,0,None
PN00,PN00/PN00-4.edf,CALIBRATION,739,1847.5,1852.5,0.16775798797607422,0.16756296654542285,0,0,None
PN00,PN00/PN00-4.edf,CALIBRATION,740,1850.0,1855.0,0.17158904671669006,0.17111921310424805,0,0,None
PN00,PN00/PN00-4.edf,CALIBRATION,741,1852.5,1857.5,0.17401060461997986,0.16533155739307404,0,0,None
PN00,PN00/PN00-4.edf,CALIBRATION,742,1855.0,1860.0,0.15039502084255219,0.1567977468172709,0,0,None
PN00,PN00/PN00-4.edf,CALIBRATION,743,1857.5,1862.5,0.1459876149892807,0.1444610208272934,0,0,None
PN00,PN00/PN00-4.edf,CALIBRATION,744,1860.0,1865.0,0.1370004266500473,0.13744866847991943,0,0,None
PN00,PN00/PN00-4.edf,CALIBRATION,745,1862.5,1867.5,0.1293579638004303,0.13142645359039307,0,0,None
PN00,PN00/PN00-4.edf,CALIBRATION,746,1865.0,1870.0,0.1279209703207016,0.12733153750499088,0,0,None
PN00,PN00/PN00-4.edf,CALIBRATION,747,1867.5,1872.5,0.12471567839384079,0.1278799350063006,0,0,None
PN00,PN00/PN00-4.edf,CALIBRATION,748,1870.0,1875.0,0.13100315630435944,0.1319419468442599,0,0,None
PN00,PN00/PN00-4.edf,CALIBRATION,749,1872.5,1877.5,0.14010700583457947,0.13579739133516947,0,0,None
PN00,PN00/PN00-4.edf,CALIBRATION,750,1875.0,1880.0,0.13628201186656952,0.1377267837524414,0,0,None
PN00,PN00/PN00-4.edf,CALIBRATION,751,1877.5,1882.5,0.13679133355617523,0.13711905479431152,0,0,None
PN00,PN00/PN00-4.edf,CALIBRATION,752,1880.0,1885.0,0.13828381896018982,0.14330604175726572,0,0,None
PN00,PN00/PN00-4.edf,CALIBRATION,753,1882.5,1887.5,0.15484297275543213,0.14875377714633942,0,0,None
PN00,PN00/PN00-4.edf,CALIBRATION,754,1885.0,1890.0,0.1531345397233963,0.1573960781097412,0,0,None
PN00,PN00/PN00-4.edf,CALIBRATION,755,1887.5,1892.5,0.1642107218503952,0.15146467089653015,0,0,None
PN00,PN00/PN00-4.edf,CALIBRATION,756,1890.0,1895.0,0.13704875111579895,0.14099232107400894,0,0,None
PN00,PN00/PN00-4.edf,CALIBRATION,757,1892.5,1897.5,0.12171749025583267,0.12048340340455373,0,0,None
PN00,PN00/PN00-4.edf,CALIBRATION,758,1895.0,1900.0,0.10268396884202957,0.10613602648178735,0,0,None
PN00,PN00/PN00-4.edf,CALIBRATION,759,1897.5,1902.5,0.09400662034749985,0.09806846330563226,0,0,None
PN00,PN00/PN00-4.edf,CALIBRATION,760,1900.0,1905.0,0.0975148007273674,0.09752771010001499,0,0,None
PN00,PN00/PN00-4.edf,CALIBRATION,761,1902.5,1907.5,0.10106170922517776,0.10434856514135996,0,0,None
PN00,PN00/PN00-4.edf,CALIBRATION,762,1905.0,1910.0,0.11446918547153473,0.11288925757010777,0,0,None
PN00,PN00/PN00-4.edf,CALIBRATION,763,1907.5,1912.5,0.12313687801361084,0.12199292083581287,0,0,None
PN00,PN00/PN00-4.edf,CALIBRATION,764,1910.0,1915.0,0.1283726990222931,0.12891972561677295,0,0,None
PN00,PN00/PN00-4.edf,CALIBRATION,765,1912.5,1917.5,0.13524959981441498,0.1378905673821767,0,0,None
PN00,PN00/PN00-4.edf,CALIBRATION,766,1915.0,1920.0,0.15004940330982208,0.1505401184161504,0,0,None
PN00,PN00/PN00-4.edf,CALIBRATION,767,1917.5,1922.5,0.16632135212421417,0.16283697883288065,0,0,None
PN00,PN00/PN00-4.edf,CALIBRATION,768,1920.0,1925.0,0.1721401810646057,0.16922630369663239,0,0,None
PN00,PN00/PN00-4.edf,CALIBRATION,769,1922.5,1927.5,0.16921737790107727,0.1724679172039032,0,0,None
PN00,PN00/PN00-4.edf,CALIBRATION,770,1925.0,1930.0,0.1760461926460266,0.17282476524511972,0,0,None
PN00,PN00/PN00-4.edf,CALIBRATION,771,1927.5,1932.5,0.1732107251882553,0.17000006139278412,0,0,None
PN00,PN00/PN00-4.edf,CALIBRATION,772,1930.0,1935.0,0.16074326634407043,0.1594828317562739,0,0,None
PN00,PN00/PN00-4.edf,CALIBRATION,773,1932.5,1937.5,0.14449450373649597,0.14548910160859424,0,0,None
PN00,PN00/PN00-4.edf,CALIBRATION,774,1935.0,1940.0,0.13122953474521637,0.1348315080006917,0,0,None
PN00,PN00/PN00-4.edf,CALIBRATION,775,1937.5,1942.5,0.12877048552036285,0.13091144462426502,0,0,None
PN00,PN00/PN00-4.edf,CALIBRATION,776,1940.0,1945.0,0.13273431360721588,0.13445124526818591,0,0,None
PN00,PN00/PN00-4.edf,CALIBRATION,777,1942.5,1947.5,0.14184893667697906,0.1418290138244629,0,0,None
PN00,PN00/PN00-4.edf,CALIBRATION,778,1945.0,1950.0,0.15090379118919373,0.14590668678283691,0,0,None
PN00,PN00/PN00-4.edf,CALIBRATION,779,1947.5,1952.5,0.14496733248233795,0.1450558751821518,0,0,None
PN00,PN00/PN00-4.edf,CALIBRATION,780,1950.0,1955.0,0.1392965018749237,0.14148481686909992,0,0,None
PN00,PN00/PN00-4.edf,CALIBRATION,781,1952.5,1957.5,0.14019061625003815,0.13976600269476572,0,0,None
PN00,PN00/PN00-4.edf,CALIBRATION,782,1955.0,1960.0,0.13981088995933533,0.14251498878002167,0,0,None
PN00,PN00/PN00-4.edf,CALIBRATION,783,1957.5,1962.5,0.14754346013069153,0.14643665154774982,0,0,None
PN00,PN00/PN00-4.edf,CALIBRATION,784,1960.0,1965.0,0.15195560455322266,0.15051375826199848,0,0,None
PN00,PN00/PN00-4.edf,CALIBRATION,785,1962.5,1967.5,0.1520422101020813,0.1536556581656138,0,0,None
PN00,PN00/PN00-4.edf,CALIBRATION,786,1965.0,1970.0,0.15696915984153748,0.15608828266461688,0,0,None
PN00,PN00/PN00-4.edf,CALIBRATION,787,1967.5,1972.5,0.15925347805023193,0.15819425384203592,0,0,None
PN00,PN00/PN00-4.edf,CALIBRATION,788,1970.0,1975.0,0.15836012363433838,0.1554280271132787,0,0,None
PN00,PN00/PN00-4.edf,CALIBRATION,789,1972.5,1977.5,0.1486704796552658,0.1537676602602005,0,0,None
PN00,PN00/PN00-4.edf,CALIBRATION,790,1975.0,1980.0,0.15427237749099731,0.1547912061214447,0,0,None
PN00,PN00/PN00-4.edf,CALIBRATION,791,1977.5,1982.5,0.16143076121807098,0.161457026998202,0,0,None
PN00,PN00/PN00-4.edf,CALIBRATION,792,1980.0,1985.0,0.16866794228553772,0.16482813159624735,0,0,None
PN00,PN00/PN00-4.edf,CALIBRATION,793,1982.5,1987.5,0.16438569128513336,0.1612134426832199,0,0,None
PN00,PN00/PN00-4.edf,CALIBRATION,794,1985.0,1990.0,0.15058669447898865,0.1535697877407074,0,0,None
PN00,PN00/PN00-4.edf,CALIBRATION,795,1987.5,1992.5,0.14573697745800018,0.14771244923273721,0,0,None
PN00,PN00/PN00-4.edf,CALIBRATION,796,1990.0,1995.0,0.14681367576122284,0.14693350593249002,0,0,None
PN00,PN00/PN00-4.edf,CALIBRATION,797,1992.5,1997.5,0.14824986457824707,0.14936596651871997,0,0,None
PN00,PN00/PN00-4.edf,CALIBRATION,798,1995.0,2000.0,0.15303435921669006,0.15462911625703174,0,0,None
PN00,PN00/PN00-4.edf,CALIBRATION,799,1997.5,2002.5,0.16260312497615814,0.15792976319789886,0,0,None
PN00,PN00/PN00-4.edf,CALIBRATION,800,2000.0,2005.0,0.1581518054008484,0.16171816488107044,0,0,None
PN00,PN00/PN00-4.edf,CALIBRATION,801,2002.5,2007.5,0.16439956426620483,0.16363537808259326,0,0,None
PN00,PN00/PN00-4.edf,CALIBRATION,802,2005.0,2010.0,0.16835476458072662,0.16172707577546436,0,0,None
PN00,PN00/PN00-4.edf,CALIBRATION,803,2007.5,2012.5,0.15242689847946167,0.14874048034350076,0,0,None
PN00,PN00/PN00-4.edf,CALIBRATION,804,2010.0,2015.0,0.12543977797031403,0.13101962705453235,0,0,None
PN00,PN00/PN00-4.edf,CALIBRATION,805,2012.5,2017.5,0.11519220471382141,0.11920870343844095,0,0,None
PN00,PN00/PN00-4.edf,CALIBRATION,806,2015.0,2020.0,0.11699412763118744,0.11648288617531458,0,0,None
PN00,PN00/PN00-4.edf,CALIBRATION,807,2017.5,2022.5,0.1172623261809349,0.12009172389904657,0,0,None
PN00,PN00/PN00-4.edf,CALIBRATION,808,2020.0,2025.0,0.1260187178850174,0.1261277024944623,0,0,None
PN00,PN00/PN00-4.edf,CALIBRATION,809,2022.5,2027.5,0.1351020634174347,0.13302182654539743,0,0,None
PN00,PN00/PN00-4.edf,CALIBRATION,810,2025.0,2030.0,0.13794469833374023,0.13834626972675323,0,0,None
PN00,PN00/PN00-4.edf,CALIBRATION,811,2027.5,2032.5,0.14199204742908478,0.14051202436288196,0,0,None
PN00,PN00/PN00-4.edf,CALIBRATION,812,2030.0,2035.0,0.14159932732582092,0.14200554291407266,0,0,None
PN00,PN00/PN00-4.edf,CALIBRATION,813,2032.5,2037.5,0.14242525398731232,0.14147930840651193,0,0,None
PN00,PN00/PN00-4.edf,CALIBRATION,814,2035.0,2040.0,0.1404133439064026,0.14034124215443927,0,0,None
PN00,PN00/PN00-4.edf,CALIBRATION,815,2037.5,2042.5,0.13818512856960297,0.13788140813509622,0,0,None
PN00,PN00/PN00-4.edf,CALIBRATION,816,2040.0,2045.0,0.13504575192928314,0.13743959367275238,0,0,None
PN00,PN00/PN00-4.edf,CALIBRATION,817,2042.5,2047.5,0.13908790051937103,0.14227252701918283,0,0,None
PN00,PN00/PN00-4.edf,CALIBRATION,818,2045.0,2050.0,0.15268392860889435,0.15559020141760507,0,0,None
PN00,PN00/PN00-4.edf,CALIBRATION,819,2047.5,2052.5,0.17499877512454987,0.16881812115510303,0,0,None
PN00,PN00/PN00-4.edf,CALIBRATION,820,2050.0,2055.0,0.17877165973186493,0.17267172535260517,0,0,None
PN00,PN00/PN00-4.edf,CALIBRATION,821,2052.5,2057.5,0.16424474120140076,0.16362206637859344,0,0,None
PN00,PN00/PN00-4.edf,CALIBRATION,822,2055.0,2060.0,0.14784979820251465,0.1515790025393168,0,0,None
PN00,PN00/PN00-4.edf,CALIBRATION,823,2057.5,2062.5,0.14264246821403503,0.14475498100121814,0,0,None
PN00,PN00/PN00-4.edf,CALIBRATION,824,2060.0,2065.0,0.1437726765871048,0.14474360148111978,0,0,None
PN00,PN00/PN00-4.edf,CALIBRATION,825,2062.5,2067.5,0.14781565964221954,0.1449559877316157,0,0,None
PN00,PN00/PN00-4.edf,CALIBRATION,826,2065.0,2070.0,0.14327962696552277,0.14331495761871338,0,0,None
PN00,PN00/PN00-4.edf,CALIBRATION,827,2067.5,2072.5,0.13884958624839783,0.13998241225878397,0,0,None
PN00,PN00/PN00-4.edf,CALIBRATION,828,2070.0,2075.0,0.13781802356243134,0.14827114343643188,0,0,None
PN00,PN00/PN00-4.edf,CALIBRATION,829,2072.5,2077.5,0.1681458204984665,0.1616164892911911,0,0,None
PN00,PN00/PN00-4.edf,CALIBRATION,830,2075.0,2080.0,0.17888562381267548,0.16589180131753284,0,0,None
PN00,PN00/PN00-4.edf,CALIBRATION,831,2077.5,2082.5,0.1506439596414566,0.15560731291770935,0,0,None
PN00,PN00/PN00-4.edf,CALIBRATION,832,2080.0,2085.0,0.13729235529899597,0.13688717534144718,0,0,None
PN00,PN00/PN00-4.edf,CALIBRATION,833,2082.5,2087.5,0.12272521108388901,0.12507650504509607,0,0,None
PN00,PN00/PN00-4.edf,CALIBRATION,834,2085.0,2090.0,0.11521194875240326,0.1193311884999275,0,0,None
PN00,PN00/PN00-4.edf,CALIBRATION,835,2087.5,2092.5,0.1200564056634903,0.11752313872178395,0,0,None
PN00,PN00/PN00-4.edf,CALIBRATION,836,2090.0,2095.0,0.11730106174945831,0.12228080133597055,0,0,None
PN00,PN00/PN00-4.edf,CALIBRATION,837,2092.5,2097.5,0.12948493659496307,0.14592967927455902,0,0,None
PN00,PN00/PN00-4.edf,CALIBRATION,838,2095.0,2100.0,0.19100303947925568,0.10682932535807291,0,0,None
PN00,PN00/PN00-5.edf,CALIBRATION,0,0.0,5.0,0.150785431265831,0.09063452730576198,0,0,None
PN00,PN00/PN00-5.edf,CALIBRATION,1,2.5,7.5,0.12111815065145493,0.1246066962679227,0,0,None
PN00,PN00/PN00-5.edf,CALIBRATION,2,5.0,10.0,0.10191650688648224,0.10445183018843332,0,0,None
PN00,PN00/PN00-5.edf,CALIBRATION,3,7.5,12.5,0.09032083302736282,0.09052940458059311,0,0,None
PN00,PN00/PN00-5.edf,CALIBRATION,4,10.0,15.0,0.07935087382793427,0.07908992966016133,0,0,None
PN00,PN00/PN00-5.edf,CALIBRATION,5,12.5,17.5,0.06759808212518692,0.07231553892294565,0,0,None
PN00,PN00/PN00-5.edf,CALIBRATION,6,15.0,20.0,0.06999766081571579,0.06934742132822672,0,0,None
PN00,PN00/PN00-5.edf,CALIBRATION,7,17.5,22.5,0.07044652104377747,0.068070982893308,0,0,None
PN00,PN00/PN00-5.edf,CALIBRATION,8,20.0,25.0,0.06376876682043076,0.06408053884903589,0,0,None
PN00,PN00/PN00-5.edf,CALIBRATION,9,22.5,27.5,0.058026328682899475,0.06208156545956929,0,0,None
PN00,PN00/PN00-5.edf,CALIBRATION,10,25.0,30.0,0.06444960087537766,0.06326509763797124,0,0,None
PN00,PN00/PN00-5.edf,CALIBRATION,11,27.5,32.5,0.0673193633556366,0.06550001601378122,0,0,None
PN00,PN00/PN00-5.edf,CALIBRATION,12,30.0,35.0,0.06473108381032944,0.06611689428488413,0,0,None
PN00,PN00/PN00-5.edf,CALIBRATION,13,32.5,37.5,0.06630023568868637,0.06824523210525513,0,0,None
PN00,PN00/PN00-5.edf,CALIBRATION,14,35.0,40.0,0.07370437681674957,0.07553218553463617,0,0,None
PN00,PN00/PN00-5.edf,CALIBRATION,15,37.5,42.5,0.0865919440984726,0.08554267138242722,0,0,None
PN00,PN00/PN00-5.edf,CALIBRATION,16,40.0,45.0,0.09633169323205948,0.09227824707825978,0,0,None
PN00,PN00/PN00-5.edf,CALIBRATION,17,42.5,47.5,0.09391110390424728,0.09319845338662465,0,0,None
PN00,PN00/PN00-5.edf,CALIBRATION,18,45.0,50.0,0.0893525630235672,0.09095567464828491,0,0,None
PN00,PN00/PN00-5.edf,CALIBRATION,19,47.5,52.5,0.08960335701704025,0.08595017592112222,0,0,None
PN00,PN00/PN00-5.edf,CALIBRATION,20,50.0,55.0,0.07889460772275925,0.07763867825269699,0,0,None
PN00,PN00/PN00-5.edf,CALIBRATION,21,52.5,57.5,0.06441807001829147,0.06947080542643864,0,0,None
PN00,PN00/PN00-5.edf,CALIBRATION,22,55.0,60.0,0.06509973853826523,0.0672840674718221,0,0,None
PN00,PN00/PN00-5.edf,CALIBRATION,23,57.5,62.5,0.0723343938589096,0.07180299609899521,0,0,None
PN00,PN00/PN00-5.edf,CALIBRATION,24,60.0,65.0,0.07797485589981079,0.0751777837673823,0,0,None
PN00,PN00/PN00-5.edf,CALIBRATION,25,62.5,67.5,0.07522410154342651,0.07365363091230392,0,0,None
PN00,PN00/PN00-5.edf,CALIBRATION,26,65.0,70.0,0.06776193529367447,0.06821437552571297,0,0,None
PN00,PN00/PN00-5.edf,CALIBRATION,27,67.5,72.5,0.06165708974003792,0.06486367310086885,0,0,None
PN00,PN00/PN00-5.edf,CALIBRATION,28,70.0,75.0,0.0651719942688942,0.06597005700071652,0,0,None
PN00,PN00/PN00-5.edf,CALIBRATION,29,72.5,77.5,0.07108108699321747,0.06865642468134561,0,0,None
PN00,PN00/PN00-5.edf,CALIBRATION,30,75.0,80.0,0.0697161927819252,0.07080072909593582,0,0,None
PN00,PN00/PN00-5.edf,CALIBRATION,31,77.5,82.5,0.0716049075126648,0.06953042497237523,0,0,None
PN00,PN00/PN00-5.edf,CALIBRATION,32,80.0,85.0,0.0672701746225357,0.07195745656887689,0,0,None
PN00,PN00/PN00-5.edf,CALIBRATION,33,82.5,87.5,0.0769972875714302,0.07680425296227136,0,0,None
PN00,PN00/PN00-5.edf,CALIBRATION,34,85.0,90.0,0.0861452966928482,0.07943526903788248,0,0,None
PN00,PN00/PN00-5.edf,CALIBRATION,35,87.5,92.5,0.07516322284936905,0.0790953462322553,0,0,None
PN00,PN00/PN00-5.edf,CALIBRATION,36,90.0,95.0,0.07597751915454865,0.07586439202229181,0,0,None
PN00,PN00/PN00-5.edf,CALIBRATION,37,92.5,97.5,0.07645243406295776,0.07405770570039749,0,0,None
PN00,PN00/PN00-5.edf,CALIBRATION,38,95.0,100.0,0.06974316388368607,0.07294034957885742,0,0,None
PN00,PN00/PN00-5.edf,CALIBRATION,39,97.5,102.5,0.07262545078992844,0.07434805730978647,0,0,None
PN00,PN00/PN00-5.edf,CALIBRATION,40,100.0,105.0,0.08067555725574493,0.07596502204736073,0,0,None
PN00,PN00/PN00-5.edf,CALIBRATION,41,102.5,107.5,0.07459405809640884,0.0745694637298584,0,0,None
PN00,PN00/PN00-5.edf,CALIBRATION,42,105.0,110.0,0.06843877583742142,0.07027850300073624,0,0,None
PN00,PN00/PN00-5.edf,CALIBRATION,43,107.5,112.5,0.06780267506837845,0.06805793692668279,0,0,None
PN00,PN00/PN00-5.edf,CALIBRATION,44,110.0,115.0,0.0679323598742485,0.06728662302096684,0,0,None
PN00,PN00/PN00-5.edf,CALIBRATION,45,112.5,117.5,0.06612483412027359,0.06562487284342447,0,0,None
PN00,PN00/PN00-5.edf,CALIBRATION,46,115.0,120.0,0.06281742453575134,0.062213022261857986,0,0,None
PN00,PN00/PN00-5.edf,CALIBRATION,47,117.5,122.5,0.057696808129549026,0.058017256359259285,0,0,None
PN00,PN00/PN00-5.edf,CALIBRATION,48,120.0,125.0,0.05353753641247749,0.05568498745560646,0,0,None
PN00,PN00/PN00-5.edf,CALIBRATION,49,122.5,127.5,0.05582061782479286,0.05668887744347254,0,0,None
PN00,PN00/PN00-5.edf,CALIBRATION,50,125.0,130.0,0.06070847809314728,0.059271431217590966,0,0,None
PN00,PN00/PN00-5.edf,CALIBRATION,51,127.5,132.5,0.061285197734832764,0.06160667786995569,0,0,None
PN00,PN00/PN00-5.edf,CALIBRATION,52,130.0,135.0,0.06282635778188705,0.06351441890001297,0,0,None
PN00,PN00/PN00-5.edf,CALIBRATION,53,132.5,137.5,0.06643170118331909,0.0665756786863009,0,0,None
PN00,PN00/PN00-5.edf,CALIBRATION,54,135.0,140.0,0.0704689770936966,0.09731273353099823,0,0,None
PN00,PN00/PN00-5.edf,CALIBRATION,55,137.5,142.5,0.155037522315979,0.16546485324700672,0,0,None
PN00,PN00/PN00-5.edf,CALIBRATION,56,140.0,145.0,0.2708880603313446,0.230939249197642,0,0,None
PN00,PN00/PN00-5.edf,CALIBRATION,57,142.5,147.5,0.2668921649456024,0.2629358867804209,0,0,None
PN00,PN00/PN00-5.edf,CALIBRATION,58,145.0,150.0,0.2510274350643158,0.25854334235191345,0,0,None
PN00,PN00/PN00-5.edf,CALIBRATION,59,147.5,152.5,0.25771042704582214,0.23908417920271552,0,0,None
PN00,PN00/PN00-5.edf,CALIBRATION,60,150.0,155.0,0.20851467549800873,0.21979361772537231,0,0,None
PN00,PN00/PN00-5.edf,CALIBRATION,61,152.5,157.5,0.19315575063228607,0.20889248947302497,0,0,None
PN00,PN00/PN00-5.edf,CALIBRATION,62,155.0,160.0,0.2250070422887802,0.20514223972956336,0,0,None
PN00,PN00/PN00-5.edf,CALIBRATION,63,157.5,162.5,0.1972639262676239,0.19021723667780557,0,0,None
PN00,PN00/PN00-5.edf,CALIBRATION,64,160.0,165.0,0.14838074147701263,0.15662895639737445,0,0,None
PN00,PN00/PN00-5.edf,CALIBRATION,65,162.5,167.5,0.12424220144748688,0.12324242045481999,0,0,None
PN00,PN00/PN00-5.edf,CALIBRATION,66,165.0,170.0,0.09710431843996048,0.09941014895836511,0,0,None
PN00,PN00/PN00-5.edf,CALIBRATION,67,167.5,172.5,0.07688392698764801,0.08317936211824416,0,0,None
PN00,PN00/PN00-5.edf,CALIBRATION,68,170.0,175.0,0.07554984092712402,0.07862163583437601,0,0,None
PN00,PN00/PN00-5.edf,CALIBRATION,69,172.5,177.5,0.08343113958835602,0.08362281322479248,0,0,None
PN00,PN00/PN00-5.edf,CALIBRATION,70,175.0,180.0,0.0918874591588974,0.10595124463240305,0,0,None
PN00,PN00/PN00-5.edf,CALIBRATION,71,177.5,182.5,0.14253513514995575,0.1333535611629486,0,0,None
PN00,PN00/PN00-5.edf,CALIBRATION,72,180.0,185.0,0.16563808917999268,0.15829850236574808,0,0,None
PN00,PN00/PN00-5.edf,CALIBRATION,73,182.5,187.5,0.16672228276729584,0.16788290937741596,0,0,None
PN00,PN00/PN00-5.edf,CALIBRATION,74,185.0,190.0,0.1712883561849594,0.1680265466372172,0,0,None
PN00,PN00/PN00-5.edf,CALIBRATION,75,187.5,192.5,0.16606900095939636,0.1678778479496638,0,0,None
PN00,PN00/PN00-5.edf,CALIBRATION,76,190.0,195.0,0.16627618670463562,0.16691248615582782,0,0,None
PN00,PN00/PN00-5.edf,CALIBRATION,77,192.5,197.5,0.16839227080345154,0.1649694393078486,0,0,None
PN00,PN00/PN00-5.edf,CALIBRATION,78,195.0,200.0,0.16023986041545868,0.16293649872144061,0,0,None
PN00,PN00/PN00-5.edf,CALIBRATION,79,197.5,202.5,0.16017736494541168,0.16506283978621164,0,0,None
PN00,PN00/PN00-5.edf,CALIBRATION,80,200.0,205.0,0.1747712939977646,0.17121581733226776,0,0,None
PN00,PN00/PN00-5.edf,CALIBRATION,81,202.5,207.5,0.17869879305362701,0.17794649302959442,0,0,None
PN00,PN00/PN00-5.edf,CALIBRATION,82,205.0,210.0,0.18036939203739166,0.18673808872699738,0,0,None
PN00,PN00/PN00-5.edf,CALIBRATION,83,207.5,212.5,0.20114608108997345,0.19223007559776306,0,0,None
PN00,PN00/PN00-5.edf,CALIBRATION,84,210.0,215.0,0.19517475366592407,0.18268623451391855,0,0,None
PN00,PN00/PN00-5.edf,CALIBRATION,85,212.5,217.5,0.15173786878585815,0.16050023833910623,0,0,None
PN00,PN00/PN00-5.edf,CALIBRATION,86,215.0,220.0,0.1345880925655365,0.13888650635878244,0,0,None
PN00,PN00/PN00-5.edf,CALIBRATION,87,217.5,222.5,0.1303335577249527,0.12918173273404437,0,0,None
PN00,PN00/PN00-5.edf,CALIBRATION,88,220.0,225.0,0.12262354791164398,0.12591905643542606,0,0,None
PN00,PN00/PN00-5.edf,CALIBRATION,89,222.5,227.5,0.12480006366968155,0.12461161861817041,0,0,None
PN00,PN00/PN00-5.edf,CALIBRATION,90,225.0,230.0,0.12641124427318573,0.13026250153779984,0,0,None
PN00,PN00/PN00-5.edf,CALIBRATION,91,227.5,232.5,0.13957619667053223,0.1398344685633977,0,0,None
PN00,PN00/PN00-5.edf,CALIBRATION,92,230.0,235.0,0.15351596474647522,0.15053547422091165,0,0,None
PN00,PN00/PN00-5.edf,CALIBRATION,93,232.5,237.5,0.15851426124572754,0.1573648452758789,0,0,None
PN00,PN00/PN00-5.edf,CALIBRATION,94,235.0,240.0,0.16006430983543396,0.15775633851687113,0,0,None
PN00,PN00/PN00-5.edf,CALIBRATION,95,237.5,242.5,0.1546904444694519,0.15895510216554004,0,0,None
PN00,PN00/PN00-5.edf,CALIBRATION,96,240.0,245.0,0.16211055219173431,0.15903602043787637,0,0,None
PN00,PN00/PN00-5.edf,CALIBRATION,97,242.5,247.5,0.16030706465244293,0.1582587013641993,0,0,None
PN00,PN00/PN00-5.edf,CALIBRATION,98,245.0,250.0,0.15235848724842072,0.156277596950531,0,0,None
PN00,PN00/PN00-5.edf,CALIBRATION,99,247.5,252.5,0.15616723895072937,0.1545039266347885,0,0,None
PN00,PN00/PN00-5.edf,CALIBRATION,100,250.0,255.0,0.15498605370521545,0.15886285404364267,0,0,None
PN00,PN00/PN00-5.edf,CALIBRATION,101,252.5,257.5,0.16543526947498322,0.16360519329706827,0,0,None
PN00,PN00/PN00-5.edf,CALIBRATION,102,255.0,260.0,0.17039425671100616,0.16784882048765817,0,0,None
PN00,PN00/PN00-5.edf,CALIBRATION,103,257.5,262.5,0.16771693527698517,0.1687717835108439,0,0,None
PN00,PN00/PN00-5.edf,CALIBRATION,104,260.0,265.0,0.1682041585445404,0.16468297441800434,0,0,None
PN00,PN00/PN00-5.edf,CALIBRATION,105,262.5,267.5,0.1581278294324875,0.16355881591637927,0,0,None
PN00,PN00/PN00-5.edf,CALIBRATION,106,265.0,270.0,0.16434445977210999,0.1653977781534195,0,0,None
PN00,PN00/PN00-5.edf,CALIBRATION,107,267.5,272.5,0.173721045255661,0.16711930930614471,0,0,None
PN00,PN00/PN00-5.edf,CALIBRATION,108,270.0,275.0,0.16329242289066315,0.16433952252070108,0,0,None
PN00,PN00/PN00-5.edf,CALIBRATION,109,272.5,277.5,0.1560050994157791,0.1609388639529546,0,0,None
PN00,PN00/PN00-5.edf,CALIBRATION,110,275.0,280.0,0.16351906955242157,0.15959285696347553,0,0,None
PN00,PN00/PN00-5.edf,CALIBRATION,111,277.5,282.5,0.15925440192222595,0.16062673926353455,0,0,None
PN00,PN00/PN00-5.edf,CALIBRATION,112,280.0,285.0,0.15910674631595612,0.1572997321685155,0,0,None
PN00,PN00/PN00-5.edf,CALIBRATION,113,282.5,287.5,0.1535380482673645,0.15535769859949747,0,0,None
PN00,PN00/PN00-5.edf,CALIBRATION,114,285.0,290.0,0.15342830121517181,0.15313206116358438,0,0,None
PN00,PN00/PN00-5.edf,CALIBRATION,115,287.5,292.5,0.15242983400821686,0.1559503972530365,0,0,None
PN00,PN00/PN00-5.edf,CALIBRATION,116,290.0,295.0,0.16199305653572083,0.15907400846481323,0,0,None
PN00,PN00/PN00-5.edf,CALIBRATION,117,292.5,297.5,0.16279913485050201,0.15741661190986633,0,0,None
PN00,PN00/PN00-5.edf,CALIBRATION,118,295.0,300.0,0.14745764434337616,0.15177589654922485,0,0,None
PN00,PN00/PN00-5.edf,CALIBRATION,119,297.5,302.5,0.1450709104537964,0.14513608316580454,0,0,None
PN00,PN00/PN00-5.edf,CALIBRATION,120,300.0,305.0,0.1428796947002411,0.14560861388842264,0,0,None
PN00,PN00/PN00-5.edf,CALIBRATION,121,302.5,307.5,0.14887523651123047,0.1477946639060974,0,0,None
PN00,PN00/PN00-5.edf,CALIBRATION,122,305.0,310.0,0.15162906050682068,0.1508373071750005,0,0,None
PN00,PN00/PN00-5.edf,CALIBRATION,123,307.5,312.5,0.15200762450695038,0.1518806715806325,0,0,None
PN00,PN00/PN00-5.edf,CALIBRATION,124,310.0,315.0,0.15200532972812653,0.15277200937271118,0,0,None
PN00,PN00/PN00-5.edf,CALIBRATION,125,312.5,317.5,0.15430307388305664,0.1513858586549759,0,0,None
PN00,PN00/PN00-5.edf,CALIBRATION,126,315.0,320.0,0.1478491723537445,0.14471227427323657,0,0,None
PN00,PN00/PN00-5.edf,CALIBRATION,127,317.5,322.5,0.13198457658290863,0.13725718359152475,0,0,None
PN00,PN00/PN00-5.edf,CALIBRATION,128,320.0,325.0,0.13193780183792114,0.1338036110003789,0,0,None
PN00,PN00/PN00-5.edf,CALIBRATION,129,322.5,327.5,0.137488454580307,0.13552255928516388,0,0,None
PN00,PN00/PN00-5.edf,CALIBRATION,130,325.0,330.0,0.1371414214372635,0.13701596856117249,0,0,None
PN00,PN00/PN00-5.edf,CALIBRATION,131,327.5,332.5,0.13641802966594696,0.13813072443008423,0,0,None
PN00,PN00/PN00-5.edf,CALIBRATION,132,330.0,335.0,0.14083272218704224,0.13820670545101166,0,0,None
PN00,PN00/PN00-5.edf,CALIBRATION,133,332.5,337.5,0.13736936450004578,0.13886723419030506,0,0,None
PN00,PN00/PN00-5.edf,CALIBRATION,134,335.0,340.0,0.1383996158838272,0.13505973915259042,0,0,None
PN00,PN00/PN00-5.edf,CALIBRATION,135,337.5,342.5,0.12941023707389832,0.12786293029785156,0,0,None
PN00,PN00/PN00-5.edf,CALIBRATION,136,340.0,345.0,0.11577893793582916,0.12223313252131143,0,0,None
PN00,PN00/PN00-5.edf,CALIBRATION,137,342.5,347.5,0.12151022255420685,0.11987292766571044,0,0,None
PN00,PN00/PN00-5.edf,CALIBRATION,138,345.0,350.0,0.12232962250709534,0.1255920628706614,0,0,None
PN00,PN00/PN00-5.edf,CALIBRATION,139,347.5,352.5,0.13293634355068207,0.12904865046342212,0,0,None
PN00,PN00/PN00-5.edf,CALIBRATION,140,350.0,355.0,0.131879985332489,0.13024603327115375,0,0,None
PN00,PN00/PN00-5.edf,CALIBRATION,141,352.5,357.5,0.12592177093029022,0.12751618772745132,0,0,None
PN00,PN00/PN00-5.edf,CALIBRATION,142,355.0,360.0,0.12474680691957474,0.12410593777894972,0,0,None
PN00,PN00/PN00-5.edf,CALIBRATION,143,357.5,362.5,0.12164923548698425,0.12116987009843189,0,0,None
PN00,PN00/PN00-5.edf,CALIBRATION,144,360.0,365.0,0.11711356788873672,0.12024487058321634,0,0,None
PN00,PN00/PN00-5.edf,CALIBRATION,145,362.5,367.5,0.12197180837392807,0.12319406370321909,0,0,None
PN00,PN00/PN00-5.edf,CALIBRATION,146,365.0,370.0,0.1304968148469925,0.12335999061663945,0,0,None
PN00,PN00/PN00-5.edf,CALIBRATION,147,367.5,372.5,0.1176113486289978,0.11647519469261168,0,0,None
PN00,PN00/PN00-5.edf,CALIBRATION,148,370.0,375.0,0.10131742060184479,0.10402502864599227,0,0,None
PN00,PN00/PN00-5.edf,CALIBRATION,149,372.5,377.5,0.09314631670713425,0.09611851225296655,0,0,None
PN00,PN00/PN00-5.edf,CALIBRATION,150,375.0,380.0,0.09389179944992065,0.09826218336820602,0,0,None
PN00,PN00/PN00-5.edf,CALIBRATION,151,377.5,382.5,0.10774843394756317,0.10750671724478403,0,0,None
PN00,PN00/PN00-5.edf,CALIBRATION,152,380.0,385.0,0.12087991833686829,0.11530651648839313,0,0,None
PN00,PN00/PN00-5.edf,CALIBRATION,153,382.5,387.5,0.11729119718074799,0.11643972744544345,0,0,None
PN00,PN00/PN00-5.edf,CALIBRATION,154,385.0,390.0,0.11114806681871414,0.11458132664362589,0,0,None
PN00,PN00/PN00-5.edf,CALIBRATION,155,387.5,392.5,0.11530471593141556,0.11427068461974461,0,0,None
PN00,PN00/PN00-5.edf,CALIBRATION,156,390.0,395.0,0.11635927110910416,0.11197764923175174,0,0,None
PN00,PN00/PN00-5.edf,CALIBRATION,157,392.5,397.5,0.10426896065473557,0.10585955282052358,0,0,None
PN00,PN00/PN00-5.edf,CALIBRATION,158,395.0,400.0,0.09695042669773102,0.09888642529646555,0,0,None
PN00,PN00/PN00-5.edf,CALIBRATION,159,397.5,402.5,0.09543988853693008,0.09641583015521367,0,0,None
PN00,PN00/PN00-5.edf,CALIBRATION,160,400.0,405.0,0.09685717523097992,0.09835771967967351,0,0,None
PN00,PN00/PN00-5.edf,CALIBRATION,161,402.5,407.5,0.10277609527111053,0.10372044642766315,0,0,None
PN00,PN00/PN00-5.edf,CALIBRATION,162,405.0,410.0,0.11152806878089905,0.10980704675118128,0,0,None
PN00,PN00/PN00-5.edf,CALIBRATION,163,407.5,412.5,0.11511697620153427,0.10772245128949483,0,0,None
PN00,PN00/PN00-5.edf,CALIBRATION,164,410.0,415.0,0.09652230888605118,0.1022471636533737,0,0,None
PN00,PN00/PN00-5.edf,CALIBRATION,165,412.5,417.5,0.0951022058725357,0.09782700737317403,0,0,None
PN00,PN00/PN00-5.edf,CALIBRATION,166,415.0,420.0,0.10185650736093521,0.10187309483687082,0,0,None
PN00,PN00/PN00-5.edf,CALIBRATION,167,417.5,422.5,0.10866057127714157,0.1087641790509224,0,0,None
PN00,PN00/PN00-5.edf,CALIBRATION,168,420.0,425.0,0.1157754585146904,0.11311639100313187,0,0,None
PN00,PN00/PN00-5.edf,CALIBRATION,169,422.5,427.5,0.11491314321756363,0.11186160892248152,0,0,None
PN00,PN00/PN00-5.edf,CALIBRATION,170,425.0,430.0,0.10489622503519058,0.1043503979841868,0,0,None
PN00,PN00/PN00-5.edf,CALIBRATION,171,427.5,432.5,0.09324182569980621,0.09669316311677295,0,0,None
PN00,PN00/PN00-5.edf,CALIBRATION,172,430.0,435.0,0.09194143861532211,0.09528632958730061,0,0,None
PN00,PN00/PN00-5.edf,CALIBRATION,173,432.5,437.5,0.10067572444677353,0.09280556937058766,0,0,None
PN00,PN00/PN00-5.edf,CALIBRATION,174,435.0,440.0,0.08579954504966736,0.08659133066733676,0,0,None
PN00,PN00/PN00-5.edf,CALIBRATION,175,437.5,442.5,0.07329872250556946,0.07606631269057591,0,0,None
PN00,PN00/PN00-5.edf,CALIBRATION,176,440.0,445.0,0.06910067051649094,0.07338035355011621,0,0,None
PN00,PN00/PN00-5.edf,CALIBRATION,177,442.5,447.5,0.07774166762828827,0.0772702619433403,0,0,None
PN00,PN00/PN00-5.edf,CALIBRATION,178,445.0,450.0,0.0849684476852417,0.08108101785182953,0,0,None
PN00,PN00/PN00-5.edf,CALIBRATION,179,447.5,452.5,0.08053293824195862,0.08227452635765076,0,0,None
PN00,PN00/PN00-5.edf,CALIBRATION,180,450.0,455.0,0.08132219314575195,0.08318249384562174,0,0,None
PN00,PN00/PN00-5.edf,CALIBRATION,181,452.5,457.5,0.08769235014915466,0.0878691350420316,0,0,None
PN00,PN00/PN00-5.edf,CALIBRATION,182,455.0,460.0,0.0945928618311882,0.09703800330559412,0,0,None
PN00,PN00/PN00-5.edf,CALIBRATION,183,457.5,462.5,0.10882879793643951,0.10490362097819646,0,0,None
PN00,PN00/PN00-5.edf,CALIBRATION,184,460.0,465.0,0.11128920316696167,0.1074048156539599,0,0,None
PN00,PN00/PN00-5.edf,CALIBRATION,185,462.5,467.5,0.10209644585847855,0.10302549600601195,0,0,None
PN00,PN00/PN00-5.edf,CALIBRATION,186,465.0,470.0,0.09569083899259567,0.09707122296094893,0,0,None
PN00,PN00/PN00-5.edf,CALIBRATION,187,467.5,472.5,0.09342638403177261,0.09505570183197656,0,0,None
PN00,PN00/PN00-5.edf,CALIBRATION,188,470.0,475.0,0.09604988247156143,0.09525397916634877,0,0,None
PN00,PN00/PN00-5.edf,CALIBRATION,189,472.5,477.5,0.09628567099571228,0.09942662964264551,0,0,None
PN00,PN00/PN00-5.edf,CALIBRATION,190,475.0,480.0,0.10594433546066284,0.10647513220707575,0,0,None
PN00,PN00/PN00-5.edf,CALIBRATION,191,477.5,482.5,0.11719539016485214,0.1112462853391965,0,0,None
PN00,PN00/PN00-5.edf,CALIBRATION,192,480.0,485.0,0.11059913039207458,0.11228209485610324,0,0,None
PN00,PN00/PN00-5.edf,CALIBRATION,193,482.5,487.5,0.10905176401138306,0.10867837568124135,0,0,None
PN00,PN00/PN00-5.edf,CALIBRATION,194,485.0,490.0,0.10638423264026642,0.10626742243766783,0,0,None
PN00,PN00/PN00-5.edf,CALIBRATION,195,487.5,492.5,0.10336627066135406,0.10181424021720886,0,0,None
PN00,PN00/PN00-5.edf,CALIBRATION,196,490.0,495.0,0.0956922173500061,0.09557044754425684,0,0,None
PN00,PN00/PN00-5.edf,CALIBRATION,197,492.5,497.5,0.08765285462141037,0.08791821698347727,0,0,None
PN00,PN00/PN00-5.edf,CALIBRATION,198,495.0,500.0,0.08040957897901535,0.08531389385461807,0,0,None
PN00,PN00/PN00-5.edf,CALIBRATION,199,497.5,502.5,0.0878792479634285,0.08608111490805943,0,0,None
PN00,PN00/PN00-5.edf,CALIBRATION,200,500.0,505.0,0.08995451778173447,0.0897025465965271,0,0,None
PN00,PN00/PN00-5.edf,CALIBRATION,201,502.5,507.5,0.09127387404441833,0.0878759945432345,0,0,None
PN00,PN00/PN00-5.edf,CALIBRATION,202,505.0,510.0,0.08239959180355072,0.08597852041323979,0,0,None
PN00,PN00/PN00-5.edf,CALIBRATION,203,507.5,512.5,0.08426209539175034,0.0828158880273501,0,0,None
PN00,PN00/PN00-5.edf,CALIBRATION,204,510.0,515.0,0.08178597688674927,0.08211360375086466,0,0,None
PN00,PN00/PN00-5.edf,CALIBRATION,205,512.5,517.5,0.08029273897409439,0.08250694970289865,0,0,None
PN00,PN00/PN00-5.edf,CALIBRATION,206,515.0,520.0,0.08544213324785233,0.0815427949031194,0,0,None
PN00,PN00/PN00-5.edf,CALIBRATION,207,517.5,522.5,0.0788935124874115,0.08309223502874374,0,0,None
PN00,PN00/PN00-5.edf,CALIBRATION,208,520.0,525.0,0.08494105935096741,0.08729701737562814,0,0,None
PN00,PN00/PN00-5.edf,CALIBRATION,209,522.5,527.5,0.09805648028850555,0.09333540499210356,0,0,None
PN00,PN00/PN00-5.edf,CALIBRATION,210,525.0,530.0,0.09700867533683777,0.10063069562117258,0,0,None
PN00,PN00/PN00-5.edf,CALIBRATION,211,527.5,532.5,0.10682693123817444,0.10616405308246613,0,0,None
PN00,PN00/PN00-5.edf,CALIBRATION,212,530.0,535.0,0.11465655267238617,0.11228611816962558,0,0,None
PN00,PN00/PN00-5.edf,CALIBRATION,213,532.5,537.5,0.11537487059831619,0.11361481249332428,0,0,None
PN00,PN00/PN00-5.edf,CALIBRATION,214,535.0,540.0,0.11081301420927048,0.10944369435310364,0,0,None
PN00,PN00/PN00-5.edf,CALIBRATION,215,537.5,542.5,0.10214319825172424,0.11126607159773508,0,0,None
PN00,PN00/PN00-5.edf,CALIBRATION,216,540.0,545.0,0.12084200233221054,0.12443411101897557,0,0,None
PN00,PN00/PN00-5.edf,CALIBRATION,217,542.5,547.5,0.15031713247299194,0.13355532536904016,0,0,None
PN00,PN00/PN00-5.edf,CALIBRATION,218,545.0,550.0,0.12950684130191803,0.12858512997627258,0,0,None
PN00,PN00/PN00-5.edf,CALIBRATION,219,547.5,552.5,0.10593141615390778,0.11054682234923044,0,0,None
PN00,PN00/PN00-5.edf,CALIBRATION,220,550.0,555.0,0.09620220959186554,0.09833410382270812,0,0,None
PN00,PN00/PN00-5.edf,CALIBRATION,221,552.5,557.5,0.09286868572235107,0.09522222230831781,0,0,None
PN00,PN00/PN00-5.edf,CALIBRATION,222,555.0,560.0,0.09659577161073685,0.09959355741739272,0,0,None
PN00,PN00/PN00-5.edf,CALIBRATION,223,557.5,562.5,0.10931621491909027,0.10870046416918436,0,0,None
PN00,PN00/PN00-5.edf,CALIBRATION,224,560.0,565.0,0.12018940597772598,0.1189156249165535,0,0,None
PN00,PN00/PN00-5.edf,CALIBRATION,225,562.5,567.5,0.12724125385284424,0.12850610663493472,0,0,None
PN00,PN00/PN00-5.edf,CALIBRATION,226,565.0,570.0,0.138087660074234,0.13284440835316974,0,0,None
PN00,PN00/PN00-5.edf,CALIBRATION,227,567.5,572.5,0.13320431113243103,0.13426093260447183,0,0,None
PN00,PN00/PN00-5.edf,CALIBRATION,228,570.0,575.0,0.1314908266067505,0.13263153036435443,0,0,None
PN00,PN00/PN00-5.edf,CALIBRATION,229,572.5,577.5,0.13319945335388184,0.13318167626857758,0,0,None
PN00,PN00/PN00-5.edf,CALIBRATION,230,575.0,580.0,0.1348547488451004,0.1357871542374293,0,0,None
PN00,PN00/PN00-5.edf,CALIBRATION,231,577.5,582.5,0.13930726051330566,0.13835974037647247,0,0,None
PN00,PN00/PN00-5.edf,CALIBRATION,232,580.0,585.0,0.14091721177101135,0.1392897665500641,0,0,None
PN00,PN00/PN00-5.edf,CALIBRATION,233,582.5,587.5,0.13764482736587524,0.13877723117669422,0,0,None
PN00,PN00/PN00-5.edf,CALIBRATION,234,585.0,590.0,0.1377696543931961,0.13695325950781503,0,0,None
PN00,PN00/PN00-5.edf,CALIBRATION,235,587.5,592.5,0.13544529676437378,0.13464098175366718,0,0,None
PN00,PN00/PN00-5.edf,CALIBRATION,236,590.0,595.0,0.1307079941034317,0.13233595093091327,0,0,None
PN00,PN00/PN00-5.edf,CALIBRATION,237,592.5,597.5,0.1308545619249344,0.13156019647916156,0,0,None
PN00,PN00/PN00-5.edf,CALIBRATION,238,595.0,600.0,0.13311803340911865,0.13408948977788288,0,0,None
PN00,PN00/PN00-5.edf,CALIBRATION,239,597.5,602.5,0.13829587399959564,0.13945737481117249,0,0,None
PN00,PN00/PN00-5.edf,CALIBRATION,240,600.0,605.0,0.14695821702480316,0.14490278561909992,0,0,None
PN00,PN00/PN00-5.edf,CALIBRATION,241,602.5,607.5,0.149454265832901,0.14777011175950366,0,0,None
PN00,PN00/PN00-5.edf,CALIBRATION,242,605.0,610.0,0.14689785242080688,0.14565321306387582,0,0,None
PN00,PN00/PN00-5.edf,CALIBRATION,243,607.5,612.5,0.14060752093791962,0.14185680449008942,0,0,None
PN00,PN00/PN00-5.edf,CALIBRATION,244,610.0,615.0,0.13806504011154175,0.13970783352851868,0,0,None
PN00,PN00/PN00-5.edf,CALIBRATION,245,612.5,617.5,0.14045093953609467,0.13967651625474292,0,0,None
PN00,PN00/PN00-5.edf,CALIBRATION,246,615.0,620.0,0.1405135691165924,0.13934335609277088,0,0,None
PN00,PN00/PN00-5.edf,CALIBRATION,247,617.5,622.5,0.1370655596256256,0.13604890803496042,0,0,None
PN00,PN00/PN00-5.edf,CALIBRATION,248,620.0,625.0,0.13056759536266327,0.13116276264190674,0,0,None
PN00,PN00/PN00-5.edf,CALIBRATION,249,622.5,627.5,0.12585513293743134,0.12669218331575394,0,0,None
PN00,PN00/PN00-5.edf,CALIBRATION,250,625.0,630.0,0.1236538216471672,0.12227721512317657,0,0,None
PN00,PN00/PN00-5.edf,CALIBRATION,251,627.5,632.5,0.11732269078493118,0.11730766544739404,0,0,None
PN00,PN00/PN00-5.edf,CALIBRATION,252,630.0,635.0,0.11094648391008377,0.11424428721268971,0,0,None
PN00,PN00/PN00-5.edf,CALIBRATION,253,632.5,637.5,0.1144636869430542,0.11506773531436919,0,0,None
PN00,PN00/PN00-5.edf,CALIBRATION,254,635.0,640.0,0.11979303508996964,0.11908831695715585,0,0,None
PN00,PN00/PN00-5.edf,CALIBRATION,255,637.5,642.5,0.12300822883844376,0.12047890325387318,0,0,None
PN00,PN00/PN00-5.edf,CALIBRATION,256,640.0,645.0,0.11863544583320618,0.11981913944085439,0,0,None
PN00,PN00/PN00-5.edf,CALIBRATION,257,642.5,647.5,0.11781374365091324,0.11874002466599146,0,0,None
PN00,PN00/PN00-5.edf,CALIBRATION,258,645.0,650.0,0.11977088451385498,0.11921429634094237,0,0,None
PN00,PN00/PN00-5.edf,CALIBRATION,259,647.5,652.5,0.12005826085805893,0.1152120679616928,0,0,None
PN00,PN00/PN00-5.edf,CALIBRATION,260,650.0,655.0,0.10580705851316452,0.106267973780632,0,0,None
PN00,PN00/PN00-5.edf,CALIBRATION,261,652.5,657.5,0.09293860197067261,0.09455817441145578,0,0,None
PN00,PN00/PN00-5.edf,CALIBRATION,262,655.0,660.0,0.08492886275053024,0.08670684198538461,0,0,None
PN00,PN00/PN00-5.edf,CALIBRATION,263,657.5,662.5,0.08225306123495102,0.0856474240620931,0,0,None
PN00,PN00/PN00-5.edf,CALIBRATION,264,660.0,665.0,0.08976034820079803,0.0863144372900327,0,0,None
PN00,PN00/PN00-5.edf,CALIBRATION,265,662.5,667.5,0.08692990243434906,0.0879722312092781,0,0,None
PN00,PN00/PN00-5.edf,CALIBRATION,266,665.0,670.0,0.08722644299268723,0.08888736367225647,0,0,None
PN00,PN00/PN00-5.edf,CALIBRATION,267,667.5,672.5,0.09250574558973312,0.09238102038701375,0,0,None
PN00,PN00/PN00-5.edf,CALIBRATION,268,670.0,675.0,0.09741087257862091,0.10088496406873067,0,0,None
PN00,PN00/PN00-5.edf,CALIBRATION,269,672.5,677.5,0.11273827403783798,0.10935711612304051,0,0,None
PN00,PN00/PN00-5.edf,CALIBRATION,270,675.0,680.0,0.11792220175266266,0.11523379385471344,0,0,None
PN00,PN00/PN00-5.edf,CALIBRATION,271,677.5,682.5,0.11504090577363968,0.11455045640468597,0,0,None
PN00,PN00/PN00-5.edf,CALIBRATION,272,680.0,685.0,0.11068826168775558,0.11290780206521352,0,0,None
PN00,PN00/PN00-5.edf,CALIBRATION,273,682.5,687.5,0.1129942387342453,0.1115917166074117,0,0,None
PN00,PN00/PN00-5.edf,CALIBRATION,274,685.0,690.0,0.11109264940023422,0.11187925934791565,0,0,None
PN00,PN00/PN00-5.edf,CALIBRATION,275,687.5,692.5,0.11155088990926743,0.11359231670697528,0,0,None
PN00,PN00/PN00-5.edf,CALIBRATION,276,690.0,695.0,0.11813341081142426,0.11075812329848607,0,0,None
PN00,PN00/PN00-5.edf,CALIBRATION,277,692.5,697.5,0.10259006917476654,0.10279090454181034,0,0,None
PN00,PN00/PN00-5.edf,CALIBRATION,278,695.0,700.0,0.08764923363924026,0.09255457669496535,0,0,None
PN00,PN00/PN00-5.edf,CALIBRATION,279,697.5,702.5,0.08742442727088928,0.08731038371721903,0,0,None
PN00,PN00/PN00-5.edf,CALIBRATION,280,700.0,705.0,0.08685749024152756,0.0867026299238205,0,0,None
PN00,PN00/PN00-5.edf,CALIBRATION,281,702.5,707.5,0.08582597225904465,0.08713457981745401,0,0,None
PN00,PN00/PN00-5.edf,CALIBRATION,282,705.0,710.0,0.08872027695178986,0.08864139020442963,0,0,None
PN00,PN00/PN00-5.edf,CALIBRATION,283,707.5,712.5,0.09137792140245438,0.08995740115642548,0,0,None
PN00,PN00/PN00-5.edf,CALIBRATION,284,710.0,715.0,0.0897740051150322,0.09497124701738358,0,0,None
PN00,PN00/PN00-5.edf,CALIBRATION,285,712.5,717.5,0.10376181453466415,0.10064224898815155,0,0,None
PN00,PN00/PN00-5.edf,CALIBRATION,286,715.0,720.0,0.1083909273147583,0.10236327101786931,0,0,None
PN00,PN00/PN00-5.edf,CALIBRATION,287,717.5,722.5,0.09493707120418549,0.09887425601482391,0,0,None
PN00,PN00/PN00-5.edf,CALIBRATION,288,720.0,725.0,0.09329476952552795,0.09449669470389684,0,0,None
PN00,PN00/PN00-5.edf,CALIBRATION,289,722.5,727.5,0.09525824338197708,0.09484315911928812,0,0,None
PN00,PN00/PN00-5.edf,CALIBRATION,290,725.0,730.0,0.09597646445035934,0.09623195230960846,0,0,None
PN00,PN00/PN00-5.edf,CALIBRATION,291,727.5,732.5,0.09746114909648895,0.10038721313079196,0,0,None
PN00,PN00/PN00-5.edf,CALIBRATION,292,730.0,735.0,0.10772402584552765,0.10549596448739368,0,0,None
PN00,PN00/PN00-5.edf,CALIBRATION,293,732.5,737.5,0.11130271852016449,0.10641888280709584,0,0,None
PN00,PN00/PN00-5.edf,CALIBRATION,294,735.0,740.0,0.1002299040555954,0.09971799949804941,0,0,None
PN00,PN00/PN00-5.edf,CALIBRATION,295,737.5,742.5,0.08762137591838837,0.08975936472415924,0,0,None
PN00,PN00/PN00-5.edf,CALIBRATION,296,740.0,745.0,0.08142681419849396,0.08549328645070393,0,0,None
PN00,PN00/PN00-5.edf,CALIBRATION,297,742.5,747.5,0.08743166923522949,0.08665034671624501,0,0,None
PN00,PN00/PN00-5.edf,CALIBRATION,298,745.0,750.0,0.0910925567150116,0.08621478329102197,0,0,None
PN00,PN00/PN00-5.edf,CALIBRATION,299,747.5,752.5,0.08012012392282486,0.08299387743075688,0,0,None
PN00,PN00/PN00-5.edf,CALIBRATION,300,750.0,755.0,0.0777689516544342,0.07742425054311752,0,0,None
PN00,PN00/PN00-5.edf,CALIBRATION,301,752.5,757.5,0.0743836760520935,0.07629997034867604,0,0,None
PN00,PN00/PN00-5.edf,CALIBRATION,302,755.0,760.0,0.07674728333950043,0.07956349601348241,0,0,None
PN00,PN00/PN00-5.edf,CALIBRATION,303,757.5,762.5,0.0875595286488533,0.08577135453621546,0,0,None
PN00,PN00/PN00-5.edf,CALIBRATION,304,760.0,765.0,0.09300725162029266,0.09218622744083405,0,0,None
PN00,PN00/PN00-5.edf,CALIBRATION,305,762.5,767.5,0.09599190205335617,0.09588558475176492,0,0,None
PN00,PN00/PN00-5.edf,CALIBRATION,306,765.0,770.0,0.09865760058164597,0.09541784971952437,0,0,None
PN00,PN00/PN00-5.edf,CALIBRATION,307,767.5,772.5,0.09160404652357101,0.09336193899313608,0,0,None
PN00,PN00/PN00-5.edf,CALIBRATION,308,770.0,775.0,0.08982416987419128,0.09223545342683792,0,0,None
PN00,PN00/PN00-5.edf,CALIBRATION,309,772.5,777.5,0.09527814388275146,0.09405838946501413,0,0,None
PN00,PN00/PN00-5.edf,CALIBRATION,310,775.0,780.0,0.09707285463809967,0.09210148205359776,0,0,None
PN00,PN00/PN00-5.edf,CALIBRATION,311,777.5,782.5,0.08395344763994217,0.08384239673614502,0,0,None
PN00,PN00/PN00-5.edf,CALIBRATION,312,780.0,785.0,0.07050088793039322,0.07602719217538834,0,0,None
PN00,PN00/PN00-5.edf,CALIBRATION,313,782.5,787.5,0.07362724095582962,0.0753098577260971,0,0,None
PN00,PN00/PN00-5.edf,CALIBRATION,314,785.0,790.0,0.08180144429206848,0.08229668686787286,0,0,None
PN00,PN00/PN00-5.edf,CALIBRATION,315,787.5,792.5,0.09146137535572052,0.08602746576070786,0,0,None
PN00,PN00/PN00-5.edf,CALIBRATION,316,790.0,795.0,0.08481957763433456,0.08616934219996134,0,0,None
PN00,PN00/PN00-5.edf,CALIBRATION,317,792.5,797.5,0.08222707360982895,0.08390275637308756,0,0,None
PN00,PN00/PN00-5.edf,CALIBRATION,318,795.0,800.0,0.08466161787509918,0.08356224497159322,0,0,None
PN00,PN00/PN00-5.edf,CALIBRATION,319,797.5,802.5,0.08379804342985153,0.08326391379038492,0,0,None
PN00,PN00/PN00-5.edf,CALIBRATION,320,800.0,805.0,0.08133208006620407,0.08342295388380686,0,0,None
PN00,PN00/PN00-5.edf,CALIBRATION,321,802.5,807.5,0.08513873815536499,0.08629910896221796,0,0,None
PN00,PN00/PN00-5.edf,CALIBRATION,322,805.0,810.0,0.09242650866508484,0.0916557932893435,0,0,None
PN00,PN00/PN00-5.edf,CALIBRATION,323,807.5,812.5,0.09740213304758072,0.09252260128657022,0,0,None
PN00,PN00/PN00-5.edf,CALIBRATION,324,810.0,815.0,0.08773916214704514,0.08771589895089466,0,0,None
PN00,PN00/PN00-5.edf,CALIBRATION,325,812.5,817.5,0.07800640165805817,0.08271504441897073,0,0,None
PN00,PN00/PN00-5.edf,CALIBRATION,326,815.0,820.0,0.08239956945180893,0.08442819863557816,0,0,None
PN00,PN00/PN00-5.edf,CALIBRATION,327,817.5,822.5,0.09287862479686737,0.09244733800490697,0,0,None
PN00,PN00/PN00-5.edf,CALIBRATION,328,820.0,825.0,0.10206381976604462,0.10021174699068068,0,0,None
PN00,PN00/PN00-5.edf,CALIBRATION,329,822.5,827.5,0.1056927964091301,0.10019500056902567,0,0,None
PN00,PN00/PN00-5.edf,CALIBRATION,330,825.0,830.0,0.09282838553190231,0.09358308960994083,0,0,None
PN00,PN00/PN00-5.edf,CALIBRATION,331,827.5,832.5,0.08222808688879013,0.08310067653656006,0,0,None
PN00,PN00/PN00-5.edf,CALIBRATION,332,830.0,835.0,0.07424555718898773,0.07918186982472737,0,0,None
PN00,PN00/PN00-5.edf,CALIBRATION,333,832.5,837.5,0.08107196539640427,0.08045304814974466,0,0,None
PN00,PN00/PN00-5.edf,CALIBRATION,334,835.0,840.0,0.08604162186384201,0.08545407156149545,0,0,None
PN00,PN00/PN00-5.edf,CALIBRATION,335,837.5,842.5,0.08924862742424011,0.09078958133856455,0,0,None
PN00,PN00/PN00-5.edf,CALIBRATION,336,840.0,845.0,0.09707849472761154,0.09262103339036305,0,0,None
PN00,PN00/PN00-5.edf,CALIBRATION,337,842.5,847.5,0.09153597801923752,0.08719230194886525,0,0,None
PN00,PN00/PN00-5.edf,CALIBRATION,338,845.0,850.0,0.0729624330997467,0.08014191438754399,0,0,None
PN00,PN00/PN00-5.edf,CALIBRATION,339,847.5,852.5,0.07592733204364777,0.07561113933722177,0,0,None
PN00,PN00/PN00-5.edf,CALIBRATION,340,850.0,855.0,0.07794365286827087,0.07735148320595422,0,0,None
PN00,PN00/PN00-5.edf,CALIBRATION,341,852.5,857.5,0.07818346470594406,0.07975347091754277,0,0,None
PN00,PN00/PN00-5.edf,CALIBRATION,342,855.0,860.0,0.08313329517841339,0.07870436708132425,0,0,None
PN00,PN00/PN00-5.edf,CALIBRATION,343,857.5,862.5,0.07479634135961533,0.07684314250946045,0,0,None
PN00,PN00/PN00-5.edf,CALIBRATION,344,860.0,865.0,0.07259979099035263,0.08097736040751138,0,0,None
PN00,PN00/PN00-5.edf,CALIBRATION,345,862.5,867.5,0.09553594887256622,0.08947369704643884,0,0,None
PN00,PN00/PN00-5.edf,CALIBRATION,346,865.0,870.0,0.1002853512763977,0.0961207424600919,0,0,None
PN00,PN00/PN00-5.edf,CALIBRATION,347,867.5,872.5,0.0925409272313118,0.092787799735864,0,0,None
PN00,PN00/PN00-5.edf,CALIBRATION,348,870.0,875.0,0.08553712069988251,0.08543562392393747,0,0,None
PN00,PN00/PN00-5.edf,CALIBRATION,349,872.5,877.5,0.07822882384061813,0.0834469348192215,0,0,None
PN00,PN00/PN00-5.edf,CALIBRATION,350,875.0,880.0,0.08657485991716385,0.08805897831916809,0,0,None
PN00,PN00/PN00-5.edf,CALIBRATION,351,877.5,882.5,0.09937325119972229,0.0955092484752337,0,0,None
PN00,PN00/PN00-5.edf,CALIBRATION,352,880.0,885.0,0.100579634308815,0.09840420633554459,0,0,None
PN00,PN00/PN00-5.edf,CALIBRATION,353,882.5,887.5,0.09525973349809647,0.09377101312081018,0,0,None
PN00,PN00/PN00-5.edf,CALIBRATION,354,885.0,890.0,0.0854736715555191,0.08585504939158757,0,0,None
PN00,PN00/PN00-5.edf,CALIBRATION,355,887.5,892.5,0.07683174312114716,0.08064526071151097,0,0,None
PN00,PN00/PN00-5.edf,CALIBRATION,356,890.0,895.0,0.07963036745786667,0.0808322454492251,0,0,None
PN00,PN00/PN00-5.edf,CALIBRATION,357,892.5,897.5,0.0860346257686615,0.08391264826059341,0,0,None
PN00,PN00/PN00-5.edf,CALIBRATION,358,895.0,900.0,0.08607295155525208,0.08685584366321564,0,0,None
PN00,PN00/PN00-5.edf,CALIBRATION,359,897.5,902.5,0.08845995366573334,0.0906538168589274,0,0,None
PN00,PN00/PN00-5.edf,CALIBRATION,360,900.0,905.0,0.09742854535579681,0.08977202822764714,0,0,None
PN00,PN00/PN00-5.edf,CALIBRATION,361,902.5,907.5,0.08342758566141129,0.09341416011253992,0,1,PN00_sz05
PN00,PN00/PN00-5.edf,CALIBRATION,362,905.0,910.0,0.09938634932041168,0.11643740783135095,0,1,PN00_sz05
PN00,PN00/PN00-5.edf,CALIBRATION,363,907.5,912.5,0.16649828851222992,0.15290890634059906,0,1,PN00_sz05
PN00,PN00/PN00-5.edf,CALIBRATION,364,910.0,915.0,0.19284208118915558,0.20412569244702655,0,1,PN00_sz05
PN00,PN00/PN00-5.edf,CALIBRATION,365,912.5,917.5,0.2530367076396942,0.2580993423859278,0,1,PN00_sz05
PN00,PN00/PN00-5.edf,CALIBRATION,366,915.0,920.0,0.3284192383289337,0.34755586584409076,0,1,PN00_sz05
PN00,PN00/PN00-5.edf,CALIBRATION,367,917.5,922.5,0.4612116515636444,0.4426548679669698,0,1,PN00_sz05
PN00,PN00/PN00-5.edf,CALIBRATION,368,920.0,925.0,0.5383337140083313,0.5253551105658213,1,1,PN00_sz05
PN00,PN00/PN00-5.edf,CALIBRATION,369,922.5,927.5,0.5765199661254883,0.5722734530766804,1,1,PN00_sz05
PN00,PN00/PN00-5.edf,CALIBRATION,370,925.0,930.0,0.6019666790962219,0.5933680733044941,1,1,PN00_sz05
PN00,PN00/PN00-5.edf,CALIBRATION,371,927.5,932.5,0.6016175746917725,0.6016846100489298,1,1,PN00_sz05
PN00,PN00/PN00-5.edf,CALIBRATION,372,930.0,935.0,0.6014695763587952,0.5992268721262614,1,1,PN00_sz05
PN00,PN00/PN00-5.edf,CALIBRATION,373,932.5,937.5,0.5945934653282166,0.6041430433591206,1,1,PN00_sz05
PN00,PN00/PN00-5.edf,CALIBRATION,374,935.0,940.0,0.6163660883903503,0.6220609545707703,1,1,PN00_sz05
PN00,PN00/PN00-5.edf,CALIBRATION,375,937.5,942.5,0.6552233099937439,0.6484506924947102,1,1,PN00_sz05
PN00,PN00/PN00-5.edf,CALIBRATION,376,940.0,945.0,0.6737626791000366,0.671277900536855,1,1,PN00_sz05
PN00,PN00/PN00-5.edf,CALIBRATION,377,942.5,947.5,0.6848477125167847,0.6881551345189412,1,1,PN00_sz05
PN00,PN00/PN00-5.edf,CALIBRATION,378,945.0,950.0,0.7058550119400024,0.705241064230601,1,1,PN00_sz05
PN00,PN00/PN00-5.edf,CALIBRATION,379,947.5,952.5,0.7250204682350159,0.7196040948232014,1,1,PN00_sz05
PN00,PN00/PN00-5.edf,CALIBRATION,380,950.0,955.0,0.7279368042945862,0.7331904172897339,1,1,PN00_sz05
PN00,PN00/PN00-5.edf,CALIBRATION,381,952.5,957.5,0.7466139793395996,0.7428799271583557,1,1,PN00_sz05
PN00,PN00/PN00-5.edf,CALIBRATION,382,955.0,960.0,0.7540889978408813,0.7446999748547871,1,1,PN00_sz05
PN00,PN00/PN00-5.edf,CALIBRATION,383,957.5,962.5,0.7333969473838806,0.7383393843968709,1,1,PN00_sz05
PN00,PN00/PN00-5.edf,CALIBRATION,384,960.0,965.0,0.7275322079658508,0.72813747326533,1,1,PN00_sz05
PN00,PN00/PN00-5.edf,CALIBRATION,385,962.5,967.5,0.7234832644462585,0.7195227940877278,1,1,PN00_sz05
PN00,PN00/PN00-5.edf,CALIBRATION,386,965.0,970.0,0.7075529098510742,0.7013424634933472,1,1,PN00_sz05
PN00,PN00/PN00-5.edf,CALIBRATION,387,967.5,972.5,0.6729912161827087,0.6703074177106221,1,1,PN00_sz05
PN00,PN00/PN00-5.edf,CALIBRATION,388,970.0,975.0,0.6303781270980835,0.6323006947835286,1,0,None
PN00,PN00/PN00-5.edf,CALIBRATION,389,972.5,977.5,0.5935327410697937,0.5964243213335673,1,0,None
PN00,PN00/PN00-5.edf,CALIBRATION,390,975.0,980.0,0.5653620958328247,0.5641433596611023,1,0,None
PN00,PN00/PN00-5.edf,CALIBRATION,391,977.5,982.5,0.5335352420806885,0.518301377693812,1,0,None
PN00,PN00/PN00-5.edf,CALIBRATION,392,980.0,985.0,0.456006795167923,0.45159323016802466,0,0,None
PN00,PN00/PN00-5.edf,CALIBRATION,393,982.5,987.5,0.36523765325546265,0.37982223431269324,0,0,None
PN00,PN00/PN00-5.edf,CALIBRATION,394,985.0,990.0,0.3182222545146942,0.33354788025220233,0,0,None
PN00,PN00/PN00-5.edf,CALIBRATION,395,987.5,992.5,0.3171837329864502,0.3168288966019948,0,0,None
PN00,PN00/PN00-5.edf,CALIBRATION,396,990.0,995.0,0.3150807023048401,0.3307348092397054,0,0,None
PN00,PN00/PN00-5.edf,CALIBRATION,397,992.5,997.5,0.3599399924278259,0.3371328512827555,0,0,None
PN00,PN00/PN00-5.edf,CALIBRATION,398,995.0,1000.0,0.3363778591156006,0.31821828087170917,0,0,None
PN00,PN00/PN00-5.edf,CALIBRATION,399,997.5,1002.5,0.25833699107170105,0.2721315622329712,0,0,None
PN00,PN00/PN00-5.edf,CALIBRATION,400,1000.0,1005.0,0.22167983651161194,0.23415044943491617,0,0,None
PN00,PN00/PN00-5.edf,CALIBRATION,401,1002.5,1007.5,0.22243452072143555,0.22112138072649637,0,0,None
PN00,PN00/PN00-5.edf,CALIBRATION,402,1005.0,1010.0,0.21924978494644165,0.21172535916169483,0,0,None
PN00,PN00/PN00-5.edf,CALIBRATION,403,1007.5,1012.5,0.19349177181720734,0.18829497694969174,0,0,None
PN00,PN00/PN00-5.edf,CALIBRATION,404,1010.0,1015.0,0.15214337408542633,0.15399485081434247,0,0,None
PN00,PN00/PN00-5.edf,CALIBRATION,405,1012.5,1017.5,0.11634940654039383,0.12309119602044423,0,0,None
PN00,PN00/PN00-5.edf,CALIBRATION,406,1015.0,1020.0,0.10078080743551254,0.10314931472142536,0,0,None
PN00,PN00/PN00-5.edf,CALIBRATION,407,1017.5,1022.5,0.09231773018836975,0.0927305296063423,0,0,None
PN00,PN00/PN00-5.edf,CALIBRATION,408,1020.0,1025.0,0.08509305119514465,0.08492100238800049,0,0,None
PN00,PN00/PN00-5.edf,CALIBRATION,409,1022.5,1027.5,0.07735222578048706,0.08017992228269577,0,0,None
PN00,PN00/PN00-5.edf,CALIBRATION,410,1025.0,1030.0,0.0780944898724556,0.08141191055377324,0,0,None
PN00,PN00/PN00-5.edf,CALIBRATION,411,1027.5,1032.5,0.08878901600837708,0.08410902321338654,0,0,None
PN00,PN00/PN00-5.edf,CALIBRATION,412,1030.0,1035.0,0.08544356375932693,0.0824648787577947,0,0,None
PN00,PN00/PN00-5.edf,CALIBRATION,413,1032.5,1037.5,0.07316205650568008,0.07447026421626408,0,0,None
PN00,PN00/PN00-5.edf,CALIBRATION,414,1035.0,1040.0,0.06480517238378525,0.06921922167142232,0,0,None
PN00,PN00/PN00-5.edf,CALIBRATION,415,1037.5,1042.5,0.06969043612480164,0.07078483452399571,0,0,None
PN00,PN00/PN00-5.edf,CALIBRATION,416,1040.0,1045.0,0.07785889506340027,0.07487746328115463,0,0,None
PN00,PN00/PN00-5.edf,CALIBRATION,417,1042.5,1047.5,0.077083058655262,0.07929390420516332,0,0,None
PN00,PN00/PN00-5.edf,CALIBRATION,418,1045.0,1050.0,0.0829397588968277,0.08750934153795242,0,0,None
PN00,PN00/PN00-5.edf,CALIBRATION,419,1047.5,1052.5,0.10250520706176758,0.09911762923002243,0,0,None
PN00,PN00/PN00-5.edf,CALIBRATION,420,1050.0,1055.0,0.11190792173147202,0.10734910517930984,0,0,None
PN00,PN00/PN00-5.edf,CALIBRATION,421,1052.5,1057.5,0.10763418674468994,0.11085415134827295,0,0,None
PN00,PN00/PN00-5.edf,CALIBRATION,422,1055.0,1060.0,0.11302034556865692,0.11349303275346756,0,0,None
PN00,PN00/PN00-5.edf,CALIBRATION,423,1057.5,1062.5,0.11982456594705582,0.11320542792479196,0,0,None
PN00,PN00/PN00-5.edf,CALIBRATION,424,1060.0,1065.0,0.10677137225866318,0.10917653640111287,0,0,None
PN00,PN00/PN00-5.edf,CALIBRATION,425,1062.5,1067.5,0.10093367099761963,0.10183857132991153,0,0,None
PN00,PN00/PN00-5.edf,CALIBRATION,426,1065.0,1070.0,0.09781067073345184,0.09947855273882547,0,0,None
PN00,PN00/PN00-5.edf,CALIBRATION,427,1067.5,1072.5,0.09969131648540497,0.09638024369875589,0,0,None
PN00,PN00/PN00-5.edf,CALIBRATION,428,1070.0,1075.0,0.09163874387741089,0.09093137085437775,0,0,None
PN00,PN00/PN00-5.edf,CALIBRATION,429,1072.5,1077.5,0.08146405220031738,0.08476969103018442,0,0,None
PN00,PN00/PN00-5.edf,CALIBRATION,430,1075.0,1080.0,0.08120627701282501,0.08297387758890787,0,0,None
PN00,PN00/PN00-5.edf,CALIBRATION,431,1077.5,1082.5,0.08625130355358124,0.08626671135425568,0,0,None
PN00,PN00/PN00-5.edf,CALIBRATION,432,1080.0,1085.0,0.09134255349636078,0.0902165025472641,0,0,None
PN00,PN00/PN00-5.edf,CALIBRATION,433,1082.5,1087.5,0.09305565059185028,0.09315889080365498,0,0,None
PN00,PN00/PN00-5.edf,CALIBRATION,434,1085.0,1090.0,0.0950784683227539,0.09554099788268407,0,0,None
PN00,PN00/PN00-5.edf,CALIBRATION,435,1087.5,1092.5,0.09848887473344803,0.10298196723063785,0,0,None
PN00,PN00/PN00-5.edf,CALIBRATION,436,1090.0,1095.0,0.11537855863571167,0.1127610628803571,0,0,None
PN00,PN00/PN00-5.edf,CALIBRATION,437,1092.5,1097.5,0.12441575527191162,0.11415351182222366,0,0,None
PN00,PN00/PN00-5.edf,CALIBRATION,438,1095.0,1100.0,0.1026662215590477,0.10601486265659332,0,0,None
PN00,PN00/PN00-5.edf,CALIBRATION,439,1097.5,1102.5,0.09096261113882065,0.09505674739678699,0,0,None
PN00,PN00/PN00-5.edf,CALIBRATION,440,1100.0,1105.0,0.09154140949249268,0.09116461624701817,0,0,None
PN00,PN00/PN00-5.edf,CALIBRATION,441,1102.5,1107.5,0.09098982810974121,0.09071369965871175,0,0,None
PN00,PN00/PN00-5.edf,CALIBRATION,442,1105.0,1110.0,0.08960986137390137,0.08869711806376775,0,0,None
PN00,PN00/PN00-5.edf,CALIBRATION,443,1107.5,1112.5,0.08549166470766068,0.08582899967829385,0,0,None
PN00,PN00/PN00-5.edf,CALIBRATION,444,1110.0,1115.0,0.08238547295331955,0.08237640808025995,0,0,None
PN00,PN00/PN00-5.edf,CALIBRATION,445,1112.5,1117.5,0.07925208657979965,0.08088031907876332,0,0,None
PN00,PN00/PN00-5.edf,CALIBRATION,446,1115.0,1120.0,0.08100339770317078,0.08079684029022852,0,0,None
PN00,PN00/PN00-5.edf,CALIBRATION,447,1117.5,1122.5,0.08213503658771515,0.08275599280993143,0,0,None
PN00,PN00/PN00-5.edf,CALIBRATION,448,1120.0,1125.0,0.08512954413890839,0.08597233891487122,0,0,None
PN00,PN00/PN00-5.edf,CALIBRATION,449,1122.5,1127.5,0.09065243601799011,0.08926504353682199,0,0,None
PN00,PN00/PN00-5.edf,CALIBRATION,450,1125.0,1130.0,0.0920131504535675,0.08874925474325815,0,0,None
PN00,PN00/PN00-5.edf,CALIBRATION,451,1127.5,1132.5,0.08358217775821686,0.0818419059117635,0,0,None
PN00,PN00/PN00-5.edf,CALIBRATION,452,1130.0,1135.0,0.06993038952350616,0.07451830804347992,0,0,None
PN00,PN00/PN00-5.edf,CALIBRATION,453,1132.5,1137.5,0.07004235684871674,0.07010349879662195,0,0,None
PN00,PN00/PN00-5.edf,CALIBRATION,454,1135.0,1140.0,0.07033775001764297,0.07213191191355386,0,0,None
PN00,PN00/PN00-5.edf,CALIBRATION,455,1137.5,1142.5,0.07601562887430191,0.07450520495573679,0,0,None
PN00,PN00/PN00-5.edf,CALIBRATION,456,1140.0,1145.0,0.0771622359752655,0.07476779570182164,0,0,None
PN00,PN00/PN00-5.edf,CALIBRATION,457,1142.5,1147.5,0.07112552225589752,0.0711337998509407,0,0,None
PN00,PN00/PN00-5.edf,CALIBRATION,458,1145.0,1150.0,0.06511364132165909,0.06864407161871591,0,0,None
PN00,PN00/PN00-5.edf,CALIBRATION,459,1147.5,1152.5,0.06969305127859116,0.07198819518089294,0,0,None
PN00,PN00/PN00-5.edf,CALIBRATION,460,1150.0,1155.0,0.08115789294242859,0.07804824660221735,0,0,None
PN00,PN00/PN00-5.edf,CALIBRATION,461,1152.5,1157.5,0.08329379558563232,0.0794212743639946,0,0,None
PN00,PN00/PN00-5.edf,CALIBRATION,462,1155.0,1160.0,0.07381213456392288,0.0761127844452858,0,0,None
PN00,PN00/PN00-5.edf,CALIBRATION,463,1157.5,1162.5,0.07123242318630219,0.0740206887324651,0,0,None
PN00,PN00/PN00-5.edf,CALIBRATION,464,1160.0,1165.0,0.07701750844717026,0.07646626234054565,0,0,None
PN00,PN00/PN00-5.edf,CALIBRATION,465,1162.5,1167.5,0.08114885538816452,0.07984000692764917,0,0,None
PN00,PN00/PN00-5.edf,CALIBRATION,466,1165.0,1170.0,0.08135365694761276,0.08183154960473378,0,0,None
PN00,PN00/PN00-5.edf,CALIBRATION,467,1167.5,1172.5,0.08299213647842407,0.08586147675911585,0,0,None
PN00,PN00/PN00-5.edf,CALIBRATION,468,1170.0,1175.0,0.09323863685131073,0.09641442199548085,0,0,None
PN00,PN00/PN00-5.edf,CALIBRATION,469,1172.5,1177.5,0.11301249265670776,0.11174776156743366,0,0,None
PN00,PN00/PN00-5.edf,CALIBRATION,470,1175.0,1180.0,0.12899215519428253,0.12303437292575836,0,0,None
PN00,PN00/PN00-5.edf,CALIBRATION,471,1177.5,1182.5,0.1270984709262848,0.12638141214847565,0,0,None
PN00,PN00/PN00-5.edf,CALIBRATION,472,1180.0,1185.0,0.12305361032485962,0.12040060510238011,0,0,None
PN00,PN00/PN00-5.edf,CALIBRATION,473,1182.5,1187.5,0.11104973405599594,0.10997834056615828,0,0,None
PN00,PN00/PN00-5.edf,CALIBRATION,474,1185.0,1190.0,0.09583167731761932,0.09714438517888387,0,0,None
PN00,PN00/PN00-5.edf,CALIBRATION,475,1187.5,1192.5,0.08455174416303635,0.08796353141466776,0,0,None
PN00,PN00/PN00-5.edf,CALIBRATION,476,1190.0,1195.0,0.08350717276334763,0.08659220486879349,0,0,None
PN00,PN00/PN00-5.edf,CALIBRATION,477,1192.5,1197.5,0.09171769767999649,0.09033367782831192,0,0,None
PN00,PN00/PN00-5.edf,CALIBRATION,478,1195.0,1200.0,0.09577616304159164,0.09730013459920883,0,0,None
PN00,PN00/PN00-5.edf,CALIBRATION,479,1197.5,1202.5,0.10440654307603836,0.10664616773525873,0,0,None
PN00,PN00/PN00-5.edf,CALIBRATION,480,1200.0,1205.0,0.11975579708814621,0.11570987602074939,0,0,None
PN00,PN00/PN00-5.edf,CALIBRATION,481,1202.5,1207.5,0.12296728789806366,0.12076567361752191,0,0,None
PN00,PN00/PN00-5.edf,CALIBRATION,482,1205.0,1210.0,0.1195739358663559,0.1272831211487452,0,0,None
PN00,PN00/PN00-5.edf,CALIBRATION,483,1207.5,1212.5,0.1393081396818161,0.17303909858067829,0,0,None
PN00,PN00/PN00-5.edf,CALIBRATION,484,1210.0,1215.0,0.2602352201938629,0.22168555359045664,0,0,None
PN00,PN00/PN00-5.edf,CALIBRATION,485,1212.5,1217.5,0.2655133008956909,0.25283101697762805,0,0,None
PN00,PN00/PN00-5.edf,CALIBRATION,486,1215.0,1220.0,0.23274452984333038,0.23292694489161173,0,0,None
PN00,PN00/PN00-5.edf,CALIBRATION,487,1217.5,1222.5,0.2005230039358139,0.1942896842956543,0,0,None
PN00,PN00/PN00-5.edf,CALIBRATION,488,1220.0,1225.0,0.1496015191078186,0.1568823034564654,0,0,None
PN00,PN00/PN00-5.edf,CALIBRATION,489,1222.5,1227.5,0.1205223873257637,0.12596433609724045,0,0,None
PN00,PN00/PN00-5.edf,CALIBRATION,490,1225.0,1230.0,0.10776910185813904,0.10407855610052744,0,0,None
PN00,PN00/PN00-5.edf,CALIBRATION,491,1227.5,1232.5,0.0839441791176796,0.09222426017125447,0,0,None
PN00,PN00/PN00-5.edf,CALIBRATION,492,1230.0,1235.0,0.0849594995379448,0.08412675062815347,0,0,None
PN00,PN00/PN00-5.edf,CALIBRATION,493,1232.5,1237.5,0.08347657322883606,0.085512342552344,0,0,None
PN00,PN00/PN00-5.edf,CALIBRATION,494,1235.0,1240.0,0.08810095489025116,0.08759424835443497,0,0,None
PN00,PN00/PN00-5.edf,CALIBRATION,495,1237.5,1242.5,0.09120521694421768,0.08961248397827148,0,0,None
PN00,PN00/PN00-5.edf,CALIBRATION,496,1240.0,1245.0,0.08953128010034561,0.09057812889417012,0,0,None
PN00,PN00/PN00-5.edf,CALIBRATION,497,1242.5,1247.5,0.09099788963794708,0.0917372852563858,0,0,None
PN00,PN00/PN00-5.edf,CALIBRATION,498,1245.0,1250.0,0.09468268603086472,0.09494505325953165,0,0,None
PN00,PN00/PN00-5.edf,CALIBRATION,499,1247.5,1252.5,0.09915458410978317,0.098537877202034,0,0,None
PN00,PN00/PN00-5.edf,CALIBRATION,500,1250.0,1255.0,0.1017763614654541,0.10189500202735263,0,0,None
PN00,PN00/PN00-5.edf,CALIBRATION,501,1252.5,1257.5,0.10475406050682068,0.10578339298566182,0,0,None
PN00,PN00/PN00-5.edf,CALIBRATION,502,1255.0,1260.0,0.1108197569847107,0.10768995185693103,0,0,None
PN00,PN00/PN00-5.edf,CALIBRATION,503,1257.5,1262.5,0.10749603807926178,0.10938952118158339,0,0,None
PN00,PN00/PN00-5.edf,CALIBRATION,504,1260.0,1265.0,0.10985276848077774,0.10889561722675958,0,0,None
PN00,PN00/PN00-5.edf,CALIBRATION,505,1262.5,1267.5,0.10933804512023926,0.10706841945648193,0,0,None
PN00,PN00/PN00-5.edf,CALIBRATION,506,1265.0,1270.0,0.1020144447684288,0.10630556941032408,0,0,None
PN00,PN00/PN00-5.edf,CALIBRATION,507,1267.5,1272.5,0.10756421834230423,0.11166740953922272,0,0,None
PN00,PN00/PN00-5.edf,CALIBRATION,508,1270.0,1275.0,0.12542356550693512,0.11955375721057256,0,0,None
PN00,PN00/PN00-5.edf,CALIBRATION,509,1272.5,1277.5,0.12567348778247833,0.125717689593633,0,0,None
PN00,PN00/PN00-5.edf,CALIBRATION,510,1275.0,1280.0,0.1260560154914856,0.12499354531367618,0,0,None
PN00,PN00/PN00-5.edf,CALIBRATION,511,1277.5,1282.5,0.12325113266706467,0.12079323083162308,0,0,None
PN00,PN00/PN00-5.edf,CALIBRATION,512,1280.0,1285.0,0.11307254433631897,0.11829971522092818,0,0,None
PN00,PN00/PN00-5.edf,CALIBRATION,513,1282.5,1287.5,0.11857546865940094,0.11874768882989883,0,0,None
PN00,PN00/PN00-5.edf,CALIBRATION,514,1285.0,1290.0,0.12459505349397659,0.12280973543723424,0,0,None
PN00,PN00/PN00-5.edf,CALIBRATION,515,1287.5,1292.5,0.1252586841583252,0.12502454966306686,0,0,None
PN00,PN00/PN00-5.edf,CALIBRATION,516,1290.0,1295.0,0.1252199113368988,0.12743178009986877,0,0,None
PN00,PN00/PN00-5.edf,CALIBRATION,517,1292.5,1297.5,0.13181674480438232,0.13197058935960132,0,0,None
PN00,PN00/PN00-5.edf,CALIBRATION,518,1295.0,1300.0,0.1388751119375229,0.1340245505174001,0,0,None
PN00,PN00/PN00-5.edf,CALIBRATION,519,1297.5,1302.5,0.1313817948102951,0.12999517222245532,0,0,None
PN00,PN00/PN00-5.edf,CALIBRATION,520,1300.0,1305.0,0.11972860991954803,0.12468471129735309,0,0,None
PN00,PN00/PN00-5.edf,CALIBRATION,521,1302.5,1307.5,0.12294372916221619,0.12044581770896912,0,0,None
PN00,PN00/PN00-5.edf,CALIBRATION,522,1305.0,1310.0,0.11866511404514313,0.12227390706539154,0,0,None
PN00,PN00/PN00-5.edf,CALIBRATION,523,1307.5,1312.5,0.1252128779888153,0.12544727822144824,0,0,None
PN00,PN00/PN00-5.edf,CALIBRATION,524,1310.0,1315.0,0.13246384263038635,0.12858474254608154,0,0,None
PN00,PN00/PN00-5.edf,CALIBRATION,525,1312.5,1317.5,0.12807750701904297,0.1305082986752192,0,0,None
PN00,PN00/PN00-5.edf,CALIBRATION,526,1315.0,1320.0,0.13098354637622833,0.1323863367239634,0,0,None
PN00,PN00/PN00-5.edf,CALIBRATION,527,1317.5,1322.5,0.13809795677661896,0.1314447820186615,0,0,None
PN00,PN00/PN00-5.edf,CALIBRATION,528,1320.0,1325.0,0.1252528429031372,0.127656618754069,0,0,None
PN00,PN00/PN00-5.edf,CALIBRATION,529,1322.5,1327.5,0.11961905658245087,0.12563416361808777,0,0,None
PN00,PN00/PN00-5.edf,CALIBRATION,530,1325.0,1330.0,0.13203059136867523,0.1283719837665558,0,0,None
PN00,PN00/PN00-5.edf,CALIBRATION,531,1327.5,1332.5,0.13346630334854126,0.12899736563364664,0,0,None
PN00,PN00/PN00-5.edf,CALIBRATION,532,1330.0,1335.0,0.12149520218372345,0.12401456385850906,0,0,None
PN00,PN00/PN00-5.edf,CALIBRATION,533,1332.5,1337.5,0.11708218604326248,0.1170973926782608,0,0,None
PN00,PN00/PN00-5.edf,CALIBRATION,534,1335.0,1340.0,0.11271478980779648,0.11545488735040028,0,0,None
PN00,PN00/PN00-5.edf,CALIBRATION,535,1337.5,1342.5,0.1165676862001419,0.11898348977168399,0,0,None
PN00,PN00/PN00-5.edf,CALIBRATION,536,1340.0,1345.0,0.12766799330711365,0.13012464344501495,0,0,None
PN00,PN00/PN00-5.edf,CALIBRATION,537,1342.5,1347.5,0.1461382508277893,0.13903290530045825,0,0,None
PN00,PN00/PN00-5.edf,CALIBRATION,538,1345.0,1350.0,0.14329247176647186,0.14471360047658283,0,0,None
PN00,PN00/PN00-5.edf,CALIBRATION,539,1347.5,1352.5,0.14471007883548737,0.14535380403200784,0,0,None
PN00,PN00/PN00-5.edf,CALIBRATION,540,1350.0,1355.0,0.14805886149406433,0.14816336333751678,0,0,None
PN00,PN00/PN00-5.edf,CALIBRATION,541,1352.5,1357.5,0.15172114968299866,0.15290007491906482,0,0,None
PN00,PN00/PN00-5.edf,CALIBRATION,542,1355.0,1360.0,0.15892021358013153,0.15885419646898905,0,0,None
PN00,PN00/PN00-5.edf,CALIBRATION,543,1357.5,1362.5,0.16592122614383698,0.16303451359272003,0,0,None
PN00,PN00/PN00-5.edf,CALIBRATION,544,1360.0,1365.0,0.1642621010541916,0.16123556594053903,0,0,None
PN00,PN00/PN00-5.edf,CALIBRATION,545,1362.5,1367.5,0.15352337062358856,0.15763965249061584,0,0,None
PN00,PN00/PN00-5.edf,CALIBRATION,546,1365.0,1370.0,0.15513348579406738,0.15108688175678253,0,0,None
PN00,PN00/PN00-5.edf,CALIBRATION,547,1367.5,1372.5,0.14460378885269165,0.14398836096127826,0,0,None
PN00,PN00/PN00-5.edf,CALIBRATION,548,1370.0,1375.0,0.1322278082370758,0.13801042238871256,0,0,None
PN00,PN00/PN00-5.edf,CALIBRATION,549,1372.5,1377.5,0.13719967007637024,0.13594220578670502,0,0,None
PN00,PN00/PN00-5.edf,CALIBRATION,550,1375.0,1380.0,0.138399139046669,0.13446009159088135,0,0,None
PN00,PN00/PN00-5.edf,CALIBRATION,551,1377.5,1382.5,0.1277814656496048,0.13147562245527902,0,0,None
PN00,PN00/PN00-5.edf,CALIBRATION,552,1380.0,1385.0,0.1282462626695633,0.1263406202197075,0,0,None
PN00,PN00/PN00-5.edf,CALIBRATION,553,1382.5,1387.5,0.12299413233995438,0.1269283468524615,0,0,None
PN00,PN00/PN00-5.edf,CALIBRATION,554,1385.0,1390.0,0.12954464554786682,0.12898362924655277,0,0,None
PN00,PN00/PN00-5.edf,CALIBRATION,555,1387.5,1392.5,0.13441210985183716,0.13227794567743936,0,0,None
PN00,PN00/PN00-5.edf,CALIBRATION,556,1390.0,1395.0,0.13287708163261414,0.13154068092505136,0,0,None
PN00,PN00/PN00-5.edf,CALIBRATION,557,1392.5,1397.5,0.12733285129070282,0.12708841760953266,0,0,None
PN00,PN00/PN00-5.edf,CALIBRATION,558,1395.0,1400.0,0.12105531990528107,0.12467795113722482,0,0,None
PN00,PN00/PN00-5.edf,CALIBRATION,559,1397.5,1402.5,0.1256456822156906,0.12383033583561578,0,0,None
PN00,PN00/PN00-5.edf,CALIBRATION,560,1400.0,1405.0,0.1247900053858757,0.12877763559420902,0,0,None
PN00,PN00/PN00-5.edf,CALIBRATION,561,1402.5,1407.5,0.1358972191810608,0.1351219192147255,0,0,None
PN00,PN00/PN00-5.edf,CALIBRATION,562,1405.0,1410.0,0.14467853307724,0.14323533078034717,0,0,None
PN00,PN00/PN00-5.edf,CALIBRATION,563,1407.5,1412.5,0.14913024008274078,0.14668402075767517,0,0,None
PN00,PN00/PN00-5.edf,CALIBRATION,564,1410.0,1415.0,0.14624328911304474,0.1436939587195714,0,0,None
PN00,PN00/PN00-5.edf,CALIBRATION,565,1412.5,1417.5,0.13570834696292877,0.14103757341702777,0,0,None
PN00,PN00/PN00-5.edf,CALIBRATION,566,1415.0,1420.0,0.14116108417510986,0.13942851622899372,0,0,None
PN00,PN00/PN00-5.edf,CALIBRATION,567,1417.5,1422.5,0.14141611754894257,0.1385736068089803,0,0,None
PN00,PN00/PN00-5.edf,CALIBRATION,568,1420.0,1425.0,0.1331436187028885,0.1375928819179535,0,0,None
PN00,PN00/PN00-5.edf,CALIBRATION,569,1422.5,1427.5,0.13821890950202942,0.1374521454175313,0,0,None
PN00,PN00/PN00-5.edf,CALIBRATION,570,1425.0,1430.0,0.1409939080476761,0.1387027750412623,0,0,None
PN00,PN00/PN00-5.edf,CALIBRATION,571,1427.5,1432.5,0.13689550757408142,0.13868882755438486,0,0,None
PN00,PN00/PN00-5.edf,CALIBRATION,572,1430.0,1435.0,0.1381770670413971,0.1384495347738266,0,0,None
PN00,PN00/PN00-5.edf,CALIBRATION,573,1432.5,1437.5,0.14027602970600128,0.13871495922406513,0,0,None
PN00,PN00/PN00-5.edf,CALIBRATION,574,1435.0,1440.0,0.13769178092479706,0.1382365624109904,0,0,None
PN00,PN00/PN00-5.edf,CALIBRATION,575,1437.5,1442.5,0.13674187660217285,0.13540570934613544,0,0,None
PN00,PN00/PN00-5.edf,CALIBRATION,576,1440.0,1445.0,0.13178347051143646,0.13328524430592853,0,0,None
PN00,PN00/PN00-5.edf,CALIBRATION,577,1442.5,1447.5,0.13133038580417633,0.1296430081129074,0,0,None
PN00,PN00/PN00-5.edf,CALIBRATION,578,1445.0,1450.0,0.12581516802310944,0.12799549102783203,0,0,None
PN00,PN00/PN00-5.edf,CALIBRATION,579,1447.5,1452.5,0.12684091925621033,0.12452757358551025,0,0,None
PN00,PN00/PN00-5.edf,CALIBRATION,580,1450.0,1455.0,0.120926633477211,0.12320643415053685,0,0,None
PN00,PN00/PN00-5.edf,CALIBRATION,581,1452.5,1457.5,0.12185174971818924,0.12211251258850098,0,0,None
PN00,PN00/PN00-5.edf,CALIBRATION,582,1455.0,1460.0,0.12355915457010269,0.12567933897177377,0,0,None
PN00,PN00/PN00-5.edf,CALIBRATION,583,1457.5,1462.5,0.13162711262702942,0.13483245422442752,0,0,None
PN00,PN00/PN00-5.edf,CALIBRATION,584,1460.0,1465.0,0.1493110954761505,0.1447291076183319,0,0,None
PN00,PN00/PN00-5.edf,CALIBRATION,585,1462.5,1467.5,0.1532491147518158,0.15112410982449848,0,0,None
PN00,PN00/PN00-5.edf,CALIBRATION,586,1465.0,1470.0,0.15081211924552917,0.153951292236646,0,0,None
PN00,PN00/PN00-5.edf,CALIBRATION,587,1467.5,1472.5,0.15779264271259308,0.15504645804564157,0,0,None
PN00,PN00/PN00-5.edf,CALIBRATION,588,1470.0,1475.0,0.1565346121788025,0.15446672836939493,0,0,None
PN00,PN00/PN00-5.edf,CALIBRATION,589,1472.5,1477.5,0.14907293021678925,0.1505011022090912,0,0,None
PN00,PN00/PN00-5.edf,CALIBRATION,590,1475.0,1480.0,0.14589576423168182,0.14699621995290119,0,0,None
PN00,PN00/PN00-5.edf,CALIBRATION,591,1477.5,1482.5,0.14601996541023254,0.14619675278663635,0,0,None
PN00,PN00/PN00-5.edf,CALIBRATION,592,1480.0,1485.0,0.1466745287179947,0.149164617061615,0,0,None
PN00,PN00/PN00-5.edf,CALIBRATION,593,1482.5,1487.5,0.15479935705661774,0.15288802484671274,0,0,None
PN00,PN00/PN00-5.edf,CALIBRATION,594,1485.0,1490.0,0.15719018876552582,0.15430843333403269,0,0,None
PN00,PN00/PN00-5.edf,CALIBRATION,595,1487.5,1492.5,0.15093575417995453,0.1512740502754847,0,0,None
PN00,PN00/PN00-5.edf,CALIBRATION,596,1490.0,1495.0,0.14569620788097382,0.14460534850756326,0,0,None
PN00,PN00/PN00-5.edf,CALIBRATION,597,1492.5,1497.5,0.13718408346176147,0.13945181667804718,0,0,None
PN00,PN00/PN00-5.edf,CALIBRATION,598,1495.0,1500.0,0.13547515869140625,0.1377059817314148,0,0,None
PN00,PN00/PN00-5.edf,CALIBRATION,599,1497.5,1502.5,0.14045870304107666,0.1392300526301066,0,0,None
PN00,PN00/PN00-5.edf,CALIBRATION,600,1500.0,1505.0,0.14175629615783691,0.1413949728012085,0,0,None
PN00,PN00/PN00-5.edf,CALIBRATION,601,1502.5,1507.5,0.14196991920471191,0.14116376141707102,0,0,None
PN00,PN00/PN00-5.edf,CALIBRATION,602,1505.0,1510.0,0.13976506888866425,0.14364499847094217,0,0,None
PN00,PN00/PN00-5.edf,CALIBRATION,603,1507.5,1512.5,0.14920000731945038,0.15035980939865112,0,0,None
PN00,PN00/PN00-5.edf,CALIBRATION,604,1510.0,1515.0,0.16211435198783875,0.15674038728078205,0,0,None
PN00,PN00/PN00-5.edf,CALIBRATION,605,1512.5,1517.5,0.15890680253505707,0.1576682130495707,0,0,None
PN00,PN00/PN00-5.edf,CALIBRATION,606,1515.0,1520.0,0.15198348462581635,0.15549085040887195,0,0,None
PN00,PN00/PN00-5.edf,CALIBRATION,607,1517.5,1522.5,0.1555822640657425,0.15518833696842194,0,0,None
PN00,PN00/PN00-5.edf,CALIBRATION,608,1520.0,1525.0,0.15799926221370697,0.15868801375230152,0,0,None
PN00,PN00/PN00-5.edf,CALIBRATION,609,1522.5,1527.5,0.16248251497745514,0.15974017977714539,0,0,None
PN00,PN00/PN00-5.edf,CALIBRATION,610,1525.0,1530.0,0.15873876214027405,0.15682251751422882,0,0,None
PN00,PN00/PN00-5.edf,CALIBRATION,611,1527.5,1532.5,0.14924627542495728,0.15056849519411722,0,0,None
PN00,PN00/PN00-5.edf,CALIBRATION,612,1530.0,1535.0,0.14372044801712036,0.14405394593874613,0,0,None
PN00,PN00/PN00-5.edf,CALIBRATION,613,1532.5,1537.5,0.13919511437416077,0.140733003616333,0,0,None
PN00,PN00/PN00-5.edf,CALIBRATION,614,1535.0,1540.0,0.1392834484577179,0.13576007386048633,0,0,None
PN00,PN00/PN00-5.edf,CALIBRATION,615,1537.5,1542.5,0.12880165874958038,0.1309205318490664,0,0,None
PN00,PN00/PN00-5.edf,CALIBRATION,616,1540.0,1545.0,0.12467648833990097,0.1270623778303464,0,0,None
PN00,PN00/PN00-5.edf,CALIBRATION,617,1542.5,1547.5,0.12770898640155792,0.1260013754169146,0,0,None
PN00,PN00/PN00-5.edf,CALIBRATION,618,1545.0,1550.0,0.12561865150928497,0.1247102196017901,0,0,None
PN00,PN00/PN00-5.edf,CALIBRATION,619,1547.5,1552.5,0.12080302089452744,0.12266755600770314,0,0,None
PN00,PN00/PN00-5.edf,CALIBRATION,620,1550.0,1555.0,0.12158099561929703,0.12115037441253661,0,0,None
PN00,PN00/PN00-5.edf,CALIBRATION,621,1552.5,1557.5,0.1210671067237854,0.12301186968882877,0,0,None
PN00,PN00/PN00-5.edf,CALIBRATION,622,1555.0,1560.0,0.12638750672340393,0.12542748947938281,0,0,None
PN00,PN00/PN00-5.edf,CALIBRATION,623,1557.5,1562.5,0.12882785499095917,0.12862441440423328,0,0,None
PN00,PN00/PN00-5.edf,CALIBRATION,624,1560.0,1565.0,0.1306578814983368,0.12953953941663104,0,0,None
PN00,PN00/PN00-5.edf,CALIBRATION,625,1562.5,1567.5,0.12913288176059723,0.1307025800148646,0,0,None
PN00,PN00/PN00-5.edf,CALIBRATION,626,1565.0,1570.0,0.1323169767856598,0.13156488041083017,0,0,None
PN00,PN00/PN00-5.edf,CALIBRATION,627,1567.5,1572.5,0.13324478268623352,0.13267533977826435,0,0,None
PN00,PN00/PN00-5.edf,CALIBRATION,628,1570.0,1575.0,0.13246425986289978,0.13180475930372873,0,0,None
PN00,PN00/PN00-5.edf,CALIBRATION,629,1572.5,1577.5,0.12970523536205292,0.12928829093774158,0,0,None
PN00,PN00/PN00-5.edf,CALIBRATION,630,1575.0,1580.0,0.1256953775882721,0.12869347631931305,0,0,None
PN00,PN00/PN00-5.edf,CALIBRATION,631,1577.5,1582.5,0.13067981600761414,0.1317987044652303,0,0,None
PN00,PN00/PN00-5.edf,CALIBRATION,632,1580.0,1585.0,0.1390209197998047,0.1349976658821106,0,0,None
PN00,PN00/PN00-5.edf,CALIBRATION,633,1582.5,1587.5,0.13529226183891296,0.13319167494773865,0,0,None
PN00,PN00/PN00-5.edf,CALIBRATION,634,1585.0,1590.0,0.1252618432044983,0.12682480613390604,0,0,None
PN00,PN00/PN00-5.edf,CALIBRATION,635,1587.5,1592.5,0.11992031335830688,0.12179467578728993,0,0,None
PN00,PN00/PN00-5.edf,CALIBRATION,636,1590.0,1595.0,0.12020187079906464,0.12122615675131479,0,0,None
PN00,PN00/PN00-5.edf,CALIBRATION,637,1592.5,1597.5,0.12355628609657288,0.12396464248498279,0,0,None
PN00,PN00/PN00-5.edf,CALIBRATION,638,1595.0,1600.0,0.1281357705593109,0.127959743142128,0,0,None
PN00,PN00/PN00-5.edf,CALIBRATION,639,1597.5,1602.5,0.13218717277050018,0.129449059565862,0,0,None
PN00,PN00/PN00-5.edf,CALIBRATION,640,1600.0,1605.0,0.12802423536777496,0.1280820568402608,0,0,None
PN00,PN00/PN00-5.edf,CALIBRATION,641,1602.5,1607.5,0.12403476238250732,0.1247895856698354,0,0,None
PN00,PN00/PN00-5.edf,CALIBRATION,642,1605.0,1610.0,0.12230975925922394,0.12042160580555597,0,0,None
PN00,PN00/PN00-5.edf,CALIBRATION,643,1607.5,1612.5,0.11492029577493668,0.11858479678630829,0,0,None
PN00,PN00/PN00-5.edf,CALIBRATION,644,1610.0,1615.0,0.11852433532476425,0.11768047014872232,0,0,None
PN00,PN00/PN00-5.edf,CALIBRATION,645,1612.5,1617.5,0.11959677934646606,0.12150559077660242,0,0,None
PN00,PN00/PN00-5.edf,CALIBRATION,646,1615.0,1620.0,0.12639565765857697,0.12435011565685271,0,0,None
PN00,PN00/PN00-5.edf,CALIBRATION,647,1617.5,1622.5,0.12705790996551514,0.1264558931191762,0,0,None
PN00,PN00/PN00-5.edf,CALIBRATION,648,1620.0,1625.0,0.12591411173343658,0.12568463881810504,0,0,None
PN00,PN00/PN00-5.edf,CALIBRATION,649,1622.5,1627.5,0.12408189475536346,0.12437485655148824,0,0,None
PN00,PN00/PN00-5.edf,CALIBRATION,650,1625.0,1630.0,0.12312856316566467,0.12459581593672434,0,0,None
PN00,PN00/PN00-5.edf,CALIBRATION,651,1627.5,1632.5,0.1265769898891449,0.12417633086442946,0,0,None
PN00,PN00/PN00-5.edf,CALIBRATION,652,1630.0,1635.0,0.12282343953847885,0.12244198222955066,0,0,None
PN00,PN00/PN00-5.edf,CALIBRATION,653,1632.5,1637.5,0.11792551726102829,0.11687980343898137,0,0,None
PN00,PN00/PN00-5.edf,CALIBRATION,654,1635.0,1640.0,0.10989045351743698,0.11179941147565842,0,0,None
PN00,PN00/PN00-5.edf,CALIBRATION,655,1637.5,1642.5,0.10758226364850998,0.10916942109664281,0,0,None
PN00,PN00/PN00-5.edf,CALIBRATION,656,1640.0,1645.0,0.11003554612398148,0.10967403898636499,0,0,None
PN00,PN00/PN00-5.edf,CALIBRATION,657,1642.5,1647.5,0.11140430718660355,0.1112612411379814,0,0,None
PN00,PN00/PN00-5.edf,CALIBRATION,658,1645.0,1650.0,0.11234387010335922,0.11329426119724909,0,0,None
PN00,PN00/PN00-5.edf,CALIBRATION,659,1647.5,1652.5,0.11613460630178452,0.1163786252339681,0,0,None
PN00,PN00/PN00-5.edf,CALIBRATION,660,1650.0,1655.0,0.12065739929676056,0.12016547719637552,0,0,None
PN00,PN00/PN00-5.edf,CALIBRATION,661,1652.5,1657.5,0.12370442599058151,0.12558064609766006,0,0,None
PN00,PN00/PN00-5.edf,CALIBRATION,662,1655.0,1660.0,0.13238011300563812,0.1289830282330513,0,0,None
PN00,PN00/PN00-5.edf,CALIBRATION,663,1657.5,1662.5,0.13086454570293427,0.12964380780855814,0,0,None
PN00,PN00/PN00-5.edf,CALIBRATION,664,1660.0,1665.0,0.12568676471710205,0.12705140809218088,0,0,None
PN00,PN00/PN00-5.edf,CALIBRATION,665,1662.5,1667.5,0.12460291385650635,0.12582501769065857,0,0,None
PN00,PN00/PN00-5.edf,CALIBRATION,666,1665.0,1670.0,0.1271853744983673,0.12825524310270944,0,0,None
PN00,PN00/PN00-5.edf,CALIBRATION,667,1667.5,1672.5,0.1329774409532547,0.1301032304763794,0,0,None
PN00,PN00/PN00-5.edf,CALIBRATION,668,1670.0,1675.0,0.13014687597751617,0.12954325477282205,0,0,None
PN00,PN00/PN00-5.edf,CALIBRATION,669,1672.5,1677.5,0.1255054473876953,0.12494315455357233,0,0,None
PN00,PN00/PN00-5.edf,CALIBRATION,670,1675.0,1680.0,0.11917714029550552,0.12173530211051305,0,0,None
PN00,PN00/PN00-5.edf,CALIBRATION,671,1677.5,1682.5,0.12052331864833832,0.12035140146811803,0,0,None
PN00,PN00/PN00-5.edf,CALIBRATION,672,1680.0,1685.0,0.12135374546051025,0.12214898814757665,0,0,None
PN00,PN00/PN00-5.edf,CALIBRATION,673,1682.5,1687.5,0.12456990033388138,0.1237922782699267,0,0,None
PN00,PN00/PN00-5.edf,CALIBRATION,674,1685.0,1690.0,0.1254531890153885,0.12402572731177011,0,0,None
PN00,PN00/PN00-5.edf,CALIBRATION,675,1687.5,1692.5,0.1220540925860405,0.12161087493101755,0,0,None
PN00,PN00/PN00-5.edf,CALIBRATION,676,1690.0,1695.0,0.11732534319162369,0.1224565307299296,0,0,None
PN00,PN00/PN00-5.edf,CALIBRATION,677,1692.5,1697.5,0.12799015641212463,0.12549460182587305,0,0,None
PN00,PN00/PN00-5.edf,CALIBRATION,678,1695.0,1700.0,0.13116830587387085,0.1286645084619522,0,0,None
PN00,PN00/PN00-5.edf,CALIBRATION,679,1697.5,1702.5,0.12683506309986115,0.12800800800323486,0,0,None
PN00,PN00/PN00-5.edf,CALIBRATION,680,1700.0,1705.0,0.1260206550359726,0.12596580882867175,0,0,None
PN00,PN00/PN00-5.edf,CALIBRATION,681,1702.5,1707.5,0.12504170835018158,0.12358511984348297,0,0,None
PN00,PN00/PN00-5.edf,CALIBRATION,682,1705.0,1710.0,0.11969299614429474,0.12073579678932825,0,0,None
PN00,PN00/PN00-5.edf,CALIBRATION,683,1707.5,1712.5,0.11747268587350845,0.11902488768100739,0,0,None
PN00,PN00/PN00-5.edf,CALIBRATION,684,1710.0,1715.0,0.11990898102521896,0.11950870603322983,0,0,None
PN00,PN00/PN00-5.edf,CALIBRATION,685,1712.5,1717.5,0.12114445120096207,0.12190163880586624,0,0,None
PN00,PN00/PN00-5.edf,CALIBRATION,686,1715.0,1720.0,0.1246514841914177,0.12407343089580536,0,0,None
PN00,PN00/PN00-5.edf,CALIBRATION,687,1717.5,1722.5,0.12642435729503632,0.1258818581700325,0,0,None
PN00,PN00/PN00-5.edf,CALIBRATION,688,1720.0,1725.0,0.1265697330236435,0.12371788918972015,0,0,None
PN00,PN00/PN00-5.edf,CALIBRATION,689,1722.5,1727.5,0.11815957725048065,0.11902262518803278,0,0,None
PN00,PN00/PN00-5.edf,CALIBRATION,690,1725.0,1730.0,0.11233856528997421,0.11471046259005863,0,0,None
PN00,PN00/PN00-5.edf,CALIBRATION,691,1727.5,1732.5,0.11363324522972107,0.10992683470249176,0,0,None
PN00,PN00/PN00-5.edf,CALIBRATION,692,1730.0,1735.0,0.10380869358778,0.10641160110632578,0,0,None
PN00,PN00/PN00-5.edf,CALIBRATION,693,1732.5,1737.5,0.10179286450147629,0.10411858807007471,0,0,None
PN00,PN00/PN00-5.edf,CALIBRATION,694,1735.0,1740.0,0.10675420612096786,0.10597475121418634,0,0,None
PN00,PN00/PN00-5.edf,CALIBRATION,695,1737.5,1742.5,0.1093771830201149,0.10853198667367299,0,0,None
PN00,PN00/PN00-5.edf,CALIBRATION,696,1740.0,1745.0,0.10946457087993622,0.11286900440851846,0,0,None
PN00,PN00/PN00-5.edf,CALIBRATION,697,1742.5,1747.5,0.1197652593255043,0.11717777202526727,0,0,None
PN00,PN00/PN00-5.edf,CALIBRATION,698,1745.0,1750.0,0.12230348587036133,0.1216105818748474,0,0,None
PN00,PN00/PN00-5.edf,CALIBRATION,699,1747.5,1752.5,0.1227630004286766,0.12155680358409882,0,0,None
PN00,PN00/PN00-5.edf,CALIBRATION,700,1750.0,1755.0,0.11960392445325851,0.12112376093864441,0,0,None
PN00,PN00/PN00-5.edf,CALIBRATION,701,1752.5,1757.5,0.12100435793399811,0.12129516899585722,0,0,None
PN00,PN00/PN00-5.edf,CALIBRATION,702,1755.0,1760.0,0.1232772246003151,0.12226811051368713,0,0,None
PN00,PN00/PN00-5.edf,CALIBRATION,703,1757.5,1762.5,0.1225227490067482,0.11962998161713281,0,0,None
PN00,PN00/PN00-5.edf,CALIBRATION,704,1760.0,1765.0,0.11308997124433517,0.11387981474399567,0,0,None
PN00,PN00/PN00-5.edf,CALIBRATION,705,1762.5,1767.5,0.10602672398090363,0.11000905682643254,0,0,None
PN00,PN00/PN00-5.edf,CALIBRATION,706,1765.0,1770.0,0.11091047525405884,0.11000856508811314,0,0,None
PN00,PN00/PN00-5.edf,CALIBRATION,707,1767.5,1772.5,0.11308849602937698,0.11601401368776956,0,0,None
PN00,PN00/PN00-5.edf,CALIBRATION,708,1770.0,1775.0,0.1240430697798729,0.11947466681400934,0,0,None
PN00,PN00/PN00-5.edf,CALIBRATION,709,1772.5,1777.5,0.12129243463277817,0.11881386737028757,0,0,None
PN00,PN00/PN00-5.edf,CALIBRATION,710,1775.0,1780.0,0.11110609769821167,0.11631202946106592,0,0,None
PN00,PN00/PN00-5.edf,CALIBRATION,711,1777.5,1782.5,0.11653755605220795,0.11609046161174774,0,0,None
PN00,PN00/PN00-5.edf,CALIBRATION,712,1780.0,1785.0,0.12062773108482361,0.12132935225963591,0,0,None
PN00,PN00/PN00-5.edf,CALIBRATION,713,1782.5,1787.5,0.12682276964187622,0.12420088549455006,0,0,None
PN00,PN00/PN00-5.edf,CALIBRATION,714,1785.0,1790.0,0.12515215575695038,0.1226543883482615,0,0,None
PN00,PN00/PN00-5.edf,CALIBRATION,715,1787.5,1792.5,0.11598823964595795,0.11791322380304337,0,0,None
PN00,PN00/PN00-5.edf,CALIBRATION,716,1790.0,1795.0,0.11259927600622177,0.11469081044197081,0,0,None
PN00,PN00/PN00-5.edf,CALIBRATION,717,1792.5,1797.5,0.11548491567373276,0.11381996423006058,0,0,None
PN00,PN00/PN00-5.edf,CALIBRATION,718,1795.0,1800.0,0.1133757010102272,0.11209940661986668,0,0,None
PN00,PN00/PN00-5.edf,CALIBRATION,719,1797.5,1802.5,0.1074376031756401,0.1104913850625356,0,0,None
PN00,PN00/PN00-5.edf,CALIBRATION,720,1800.0,1805.0,0.1106608510017395,0.10961361726125081,0,0,None
PN00,PN00/PN00-5.edf,CALIBRATION,721,1802.5,1807.5,0.11074239760637283,0.11012128988901773,0,0,None
PN00,PN00/PN00-5.edf,CALIBRATION,722,1805.0,1810.0,0.10896062105894089,0.11063089470068613,0,0,None
PN00,PN00/PN00-5.edf,CALIBRATION,723,1807.5,1812.5,0.11218966543674469,0.11130415399869281,0,0,None
PN00,PN00/PN00-5.edf,CALIBRATION,724,1810.0,1815.0,0.11276217550039291,0.1108497828245163,0,0,None
PN00,PN00/PN00-5.edf,CALIBRATION,725,1812.5,1817.5,0.10759750753641129,0.10682708521684009,0,0,None
PN00,PN00/PN00-5.edf,CALIBRATION,726,1815.0,1820.0,0.10012157261371613,0.10314469536145526,0,0,None
PN00,PN00/PN00-5.edf,CALIBRATION,727,1817.5,1822.5,0.10171500593423843,0.10298834492762883,0,0,None
PN00,PN00/PN00-5.edf,CALIBRATION,728,1820.0,1825.0,0.10712845623493195,0.10595710823933283,0,0,None
PN00,PN00/PN00-5.edf,CALIBRATION,729,1822.5,1827.5,0.10902786254882812,0.10965818415085474,0,0,None
PN00,PN00/PN00-5.edf,CALIBRATION,730,1825.0,1830.0,0.11281823366880417,0.11106606076161066,0,0,None
PN00,PN00/PN00-5.edf,CALIBRATION,731,1827.5,1832.5,0.11135208606719971,0.10980726778507231,0,0,None
PN00,PN00/PN00-5.edf,CALIBRATION,732,1830.0,1835.0,0.1052514836192131,0.10771889984607697,0,0,None
PN00,PN00/PN00-5.edf,CALIBRATION,733,1832.5,1837.5,0.10655312985181808,0.10906944672266641,0,0,None
PN00,PN00/PN00-5.edf,CALIBRATION,734,1835.0,1840.0,0.11540372669696808,0.11279660960038503,0,0,None
PN00,PN00/PN00-5.edf,CALIBRATION,735,1837.5,1842.5,0.11643297225236893,0.11392298340797423,0,0,None
PN00,PN00/PN00-5.edf,CALIBRATION,736,1840.0,1845.0,0.10993225127458572,0.10711588462193807,0,0,None
PN00,PN00/PN00-5.edf,CALIBRATION,737,1842.5,1847.5,0.09498243033885956,0.09677713364362717,0,0,None
PN00,PN00/PN00-5.edf,CALIBRATION,738,1845.0,1850.0,0.08541671931743622,0.08765976130962372,0,0,None
PN00,PN00/PN00-5.edf,CALIBRATION,739,1847.5,1852.5,0.08258013427257538,0.08187555273373921,0,0,None
PN00,PN00/PN00-5.edf,CALIBRATION,740,1850.0,1855.0,0.07762980461120605,0.07926764339208603,0,0,None
PN00,PN00/PN00-5.edf,CALIBRATION,741,1852.5,1857.5,0.07759299129247665,0.0804259330034256,0,0,None
PN00,PN00/PN00-5.edf,CALIBRATION,742,1855.0,1860.0,0.08605500310659409,0.08408686518669128,0,0,None
PN00,PN00/PN00-5.edf,CALIBRATION,743,1857.5,1862.5,0.08861260116100311,0.08557117730379105,0,0,None
PN00,PN00/PN00-5.edf,CALIBRATION,744,1860.0,1865.0,0.08204592764377594,0.08514430622259775,0,0,None
PN00,PN00/PN00-5.edf,CALIBRATION,745,1862.5,1867.5,0.08477438986301422,0.08738840371370316,0,0,None
PN00,PN00/PN00-5.edf,CALIBRATION,746,1865.0,1870.0,0.0953448936343193,0.09138151754935582,0,0,None
PN00,PN00/PN00-5.edf,CALIBRATION,747,1867.5,1872.5,0.09402526915073395,0.09586929778258005,0,0,None
PN00,PN00/PN00-5.edf,CALIBRATION,748,1870.0,1875.0,0.09823773056268692,0.09893669933080673,0,0,None
PN00,PN00/PN00-5.edf,CALIBRATION,749,1872.5,1877.5,0.10454709827899933,0.09943124403556187,0,0,None
PN00,PN00/PN00-5.edf,CALIBRATION,750,1875.0,1880.0,0.09550890326499939,0.0996519923210144,0,0,None
PN00,PN00/PN00-5.edf,CALIBRATION,751,1877.5,1882.5,0.0988999754190445,0.0977606972058614,0,0,None
PN00,PN00/PN00-5.edf,CALIBRATION,752,1880.0,1885.0,0.09887321293354034,0.09683936089277267,0,0,None
PN00,PN00/PN00-5.edf,CALIBRATION,753,1882.5,1887.5,0.09274489432573318,0.09424945712089539,0,0,None
PN00,PN00/PN00-5.edf,CALIBRATION,754,1885.0,1890.0,0.09113026410341263,0.09446310251951218,0,0,None
PN00,PN00/PN00-5.edf,CALIBRATION,755,1887.5,1892.5,0.09951414912939072,0.09892956912517548,0,0,None
PN00,PN00/PN00-5.edf,CALIBRATION,756,1890.0,1895.0,0.10614429414272308,0.1019687553246816,0,0,None
PN00,PN00/PN00-5.edf,CALIBRATION,757,1892.5,1897.5,0.100247822701931,0.10208337505658467,0,0,None
PN00,PN00/PN00-5.edf,CALIBRATION,758,1895.0,1900.0,0.09985800832509995,0.10005816817283629,0,0,None
PN00,PN00/PN00-5.edf,CALIBRATION,759,1897.5,1902.5,0.10006867349147797,0.09959836304187773,0,0,None
PN00,PN00/PN00-5.edf,CALIBRATION,760,1900.0,1905.0,0.09886840730905533,0.10128180931011835,0,0,None
PN00,PN00/PN00-5.edf,CALIBRATION,761,1902.5,1907.5,0.10490834712982178,0.10193224251270294,0,0,None
PN00,PN00/PN00-5.edf,CALIBRATION,762,1905.0,1910.0,0.10201997309923172,0.10186883062124251,0,0,None
PN00,PN00/PN00-5.edf,CALIBRATION,763,1907.5,1912.5,0.09867817163467407,0.0973251461982727,0,0,None
PN00,PN00/PN00-5.edf,CALIBRATION,764,1910.0,1915.0,0.09127729386091232,0.09071233371893564,0,0,None
PN00,PN00/PN00-5.edf,CALIBRATION,765,1912.5,1917.5,0.08218153566122055,0.08388366798559824,0,0,None
PN00,PN00/PN00-5.edf,CALIBRATION,766,1915.0,1920.0,0.07819217443466187,0.07808631658554077,0,0,None
PN00,PN00/PN00-5.edf,CALIBRATION,767,1917.5,1922.5,0.0738852396607399,0.07363808651765187,0,0,None
PN00,PN00/PN00-5.edf,CALIBRATION,768,1920.0,1925.0,0.06883684545755386,0.07156383991241455,0,0,None
PN00,PN00/PN00-5.edf,CALIBRATION,769,1922.5,1927.5,0.07196943461894989,0.07292969276507695,0,0,None
PN00,PN00/PN00-5.edf,CALIBRATION,770,1925.0,1930.0,0.07798279821872711,0.07640879352887471,0,0,None
PN00,PN00/PN00-5.edf,CALIBRATION,771,1927.5,1932.5,0.07927414774894714,0.07799105594555536,0,0,None
PN00,PN00/PN00-5.edf,CALIBRATION,772,1930.0,1935.0,0.07671622186899185,0.07943293203910191,0,0,None
PN00,PN00/PN00-5.edf,CALIBRATION,773,1932.5,1937.5,0.08230842649936676,0.08295022944609323,0,0,None
PN00,PN00/PN00-5.edf,CALIBRATION,774,1935.0,1940.0,0.08982603996992111,0.08891451358795166,0,0,None
PN00,PN00/PN00-5.edf,CALIBRATION,775,1937.5,1942.5,0.09460907429456711,0.09162168701489766,0,0,None
PN00,PN00/PN00-5.edf,CALIBRATION,776,1940.0,1945.0,0.09042994678020477,0.09029946227868398,0,0,None
PN00,PN00/PN00-5.edf,CALIBRATION,777,1942.5,1947.5,0.08585936576128006,0.08268127838770548,0,0,None
PN00,PN00/PN00-5.edf,CALIBRATION,778,1945.0,1950.0,0.07175452262163162,0.07579808930555978,0,0,None
PN00,PN00/PN00-5.edf,CALIBRATION,779,1947.5,1952.5,0.0697803795337677,0.07272327691316605,0,0,None
PN00,PN00/PN00-5.edf,CALIBRATION,780,1950.0,1955.0,0.07663492858409882,0.07743183026711145,0,0,None
PN00,PN00/PN00-5.edf,CALIBRATION,781,1952.5,1957.5,0.08588018268346786,0.0840672105550766,0,0,None
PN00,PN00/PN00-5.edf,CALIBRATION,782,1955.0,1960.0,0.08968652039766312,0.08963630100091298,0,0,None
PN00,PN00/PN00-5.edf,CALIBRATION,783,1957.5,1962.5,0.09334219992160797,0.0917920470237732,0,0,None
PN00,PN00/PN00-5.edf,CALIBRATION,784,1960.0,1965.0,0.09234742075204849,0.0966332380970319,0,0,None
PN00,PN00/PN00-5.edf,CALIBRATION,785,1962.5,1967.5,0.10421009361743927,0.10195377717415491,0,0,None
PN00,PN00/PN00-5.edf,CALIBRATION,786,1965.0,1970.0,0.10930381715297699,0.10856745888789494,0,0,None
PN00,PN00/PN00-5.edf,CALIBRATION,787,1967.5,1972.5,0.11218846589326859,0.11308255046606064,0,0,None
PN00,PN00/PN00-5.edf,CALIBRATION,788,1970.0,1975.0,0.11775536835193634,0.1134950096408526,0,0,None
PN00,PN00/PN00-5.edf,CALIBRATION,789,1972.5,1977.5,0.1105411946773529,0.10933855175971983,0,0,None
PN00,PN00/PN00-5.edf,CALIBRATION,790,1975.0,1980.0,0.0997190922498703,0.10225047916173935,0,0,None
PN00,PN00/PN00-5.edf,CALIBRATION,791,1977.5,1982.5,0.09649115055799484,0.09811565528313318,0,0,None
PN00,PN00/PN00-5.edf,CALIBRATION,792,1980.0,1985.0,0.09813672304153442,0.09743099162975946,0,0,None
PN00,PN00/PN00-5.edf,CALIBRATION,793,1982.5,1987.5,0.09766510128974915,0.09610624363025028,0,0,None
PN00,PN00/PN00-5.edf,CALIBRATION,794,1985.0,1990.0,0.09251690655946732,0.0905421699086825,0,0,None
PN00,PN00/PN00-5.edf,CALIBRATION,795,1987.5,1992.5,0.08144450187683105,0.08335085213184357,0,0,None
PN00,PN00/PN00-5.edf,CALIBRATION,796,1990.0,1995.0,0.07609114795923233,0.07841045409440994,0,0,None
PN00,PN00/PN00-5.edf,CALIBRATION,797,1992.5,1997.5,0.07769571244716644,0.0802940825621287,0,0,None
PN00,PN00/PN00-5.edf,CALIBRATION,798,1995.0,2000.0,0.08709538727998734,0.08559110760688782,0,0,None
PN00,PN00/PN00-5.edf,CALIBRATION,799,1997.5,2002.5,0.09198222309350967,0.0918258378903071,0,0,None
PN00,PN00/PN00-5.edf,CALIBRATION,800,2000.0,2005.0,0.09639990329742432,0.09579150875409444,0,0,None
PN00,PN00/PN00-5.edf,CALIBRATION,801,2002.5,2007.5,0.09899239987134933,0.10207873086134592,0,0,None
PN00,PN00/PN00-5.edf,CALIBRATION,802,2005.0,2010.0,0.11084388941526413,0.10702397674322128,0,0,None
PN00,PN00/PN00-5.edf,CALIBRATION,803,2007.5,2012.5,0.11123564094305038,0.1096311385432879,0,0,None
PN00,PN00/PN00-5.edf,CALIBRATION,804,2010.0,2015.0,0.10681388527154922,0.10894855856895447,0,0,None
PN00,PN00/PN00-5.edf,CALIBRATION,805,2012.5,2017.5,0.1087961494922638,0.10355898241202036,0,0,None
PN00,PN00/PN00-5.edf,CALIBRATION,806,2015.0,2020.0,0.09506691247224808,0.0955249344309171,0,0,None
PN00,PN00/PN00-5.edf,CALIBRATION,807,2017.5,2022.5,0.08271174132823944,0.08426822721958159,0,0,None
PN00,PN00/PN00-5.edf,CALIBRATION,808,2020.0,2025.0,0.0750260278582573,0.0779501919945081,0,0,None
PN00,PN00/PN00-5.edf,CALIBRATION,809,2022.5,2027.5,0.07611280679702759,0.07601229846477509,0,0,None
PN00,PN00/PN00-5.edf,CALIBRATION,810,2025.0,2030.0,0.07689806073904037,0.07907887548208237,0,0,None
PN00,PN00/PN00-5.edf,CALIBRATION,811,2027.5,2032.5,0.08422575891017914,0.08011569827795029,0,0,None
PN00,PN00/PN00-5.edf,CALIBRATION,812,2030.0,2035.0,0.07922327518463135,0.07853319495916367,0,0,None
PN00,PN00/PN00-5.edf,CALIBRATION,813,2032.5,2037.5,0.07215055078268051,0.07829881956179936,0,0,None
PN00,PN00/PN00-5.edf,CALIBRATION,814,2035.0,2040.0,0.08352263271808624,0.08219580352306366,0,0,None
PN00,PN00/PN00-5.edf,CALIBRATION,815,2037.5,2042.5,0.09091422706842422,0.09004651258389154,0,0,None
PN00,PN00/PN00-5.edf,CALIBRATION,816,2040.0,2045.0,0.09570267796516418,0.09412151823441187,0,0,None
PN00,PN00/PN00-5.edf,CALIBRATION,817,2042.5,2047.5,0.09574764966964722,0.09454927841822305,0,0,None
PN00,PN00/PN00-5.edf,CALIBRATION,818,2045.0,2050.0,0.09219750761985779,0.09267966200908025,0,0,None
PN00,PN00/PN00-5.edf,CALIBRATION,819,2047.5,2052.5,0.09009382873773575,0.08863442639509836,0,0,None
PN00,PN00/PN00-5.edf,CALIBRATION,820,2050.0,2055.0,0.08361194282770157,0.08463051666816075,0,0,None
PN00,PN00/PN00-5.edf,CALIBRATION,821,2052.5,2057.5,0.08018577843904495,0.07732517768939336,0,0,None
PN00,PN00/PN00-5.edf,CALIBRATION,822,2055.0,2060.0,0.06817781180143356,0.07026907553275426,0,0,None
PN00,PN00/PN00-5.edf,CALIBRATION,823,2057.5,2062.5,0.06244363635778427,0.06472581873337427,0,0,None
PN00,PN00/PN00-5.edf,CALIBRATION,824,2060.0,2065.0,0.063556008040905,0.06317636370658875,0,0,None
PN00,PN00/PN00-5.edf,CALIBRATION,825,2062.5,2067.5,0.06352944672107697,0.0643163522084554,0,0,None
PN00,PN00/PN00-5.edf,CALIBRATION,826,2065.0,2070.0,0.06586360186338425,0.06509094933668771,0,0,None
PN00,PN00/PN00-5.edf,CALIBRATION,827,2067.5,2072.5,0.06587979942560196,0.06642340868711472,0,0,None
PN00,PN00/PN00-5.edf,CALIBRATION,828,2070.0,2075.0,0.06752682477235794,0.06906157235304514,0,0,None
PN00,PN00/PN00-5.edf,CALIBRATION,829,2072.5,2077.5,0.07377809286117554,0.07190732906262079,0,0,None
PN00,PN00/PN00-5.edf,CALIBRATION,830,2075.0,2080.0,0.07441706955432892,0.07533847292264302,0,0,None
PN00,PN00/PN00-5.edf,CALIBRATION,831,2077.5,2082.5,0.07782025635242462,0.07707364112138748,0,0,None
PN00,PN00/PN00-5.edf,CALIBRATION,832,2080.0,2085.0,0.0789835974574089,0.08011215925216675,0,0,None
PN00,PN00/PN00-5.edf,CALIBRATION,833,2082.5,2087.5,0.08353262394666672,0.08128644526004791,0,0,None
PN00,PN00/PN00-5.edf,CALIBRATION,834,2085.0,2090.0,0.08134311437606812,0.0802503377199173,0,0,None
PN00,PN00/PN00-5.edf,CALIBRATION,835,2087.5,2092.5,0.07587527483701706,0.07702530672152837,0,0,None
PN00,PN00/PN00-5.edf,CALIBRATION,836,2090.0,2095.0,0.07385753095149994,0.07423739631970723,0,0,None
PN00,PN00/PN00-5.edf,CALIBRATION,837,2092.5,2097.5,0.0729793831706047,0.07511710872252782,0,0,None
PN00,PN00/PN00-5.edf,CALIBRATION,838,2095.0,2100.0,0.07851441204547882,0.07903637985388437,0,0,None
PN00,PN00/PN00-5.edf,CALIBRATION,839,2097.5,2102.5,0.08561534434556961,0.08307373027006784,0,0,None
PN00,PN00/PN00-5.edf,CALIBRATION,840,2100.0,2105.0,0.08509143441915512,0.0862788458665212,0,0,None
PN00,PN00/PN00-5.edf,CALIBRATION,841,2102.5,2107.5,0.08812975883483887,0.08578279117743173,0,0,None
PN00,PN00/PN00-5.edf,CALIBRATION,842,2105.0,2110.0,0.08412718027830124,0.08500239501396814,0,0,None
PN00,PN00/PN00-5.edf,CALIBRATION,843,2107.5,2112.5,0.08275024592876434,0.08455093950033188,0,0,None
PN00,PN00/PN00-5.edf,CALIBRATION,844,2110.0,2115.0,0.08677539229393005,0.08311635007460912,0,0,None
PN00,PN00/PN00-5.edf,CALIBRATION,845,2112.5,2117.5,0.07982341200113297,0.07785505801439285,0,0,None
PN00,PN00/PN00-5.edf,CALIBRATION,846,2115.0,2120.0,0.06696636974811554,0.07088433454434076,0,0,None
PN00,PN00/PN00-5.edf,CALIBRATION,847,2117.5,2122.5,0.0658632218837738,0.0687900682290395,0,0,None
PN00,PN00/PN00-5.edf,CALIBRATION,848,2120.0,2125.0,0.07354061305522919,0.07318226744731267,0,0,None
PN00,PN00/PN00-5.edf,CALIBRATION,849,2122.5,2127.5,0.08014296740293503,0.08054234087467194,0,0,None
PN00,PN00/PN00-5.edf,CALIBRATION,850,2125.0,2130.0,0.08794344216585159,0.08175468693176904,0,0,None
PN00,PN00/PN00-5.edf,CALIBRATION,851,2127.5,2132.5,0.07717765122652054,0.07737235228220621,0,0,None
PN00,PN00/PN00-5.edf,CALIBRATION,852,2130.0,2135.0,0.06699596345424652,0.0695666472117106,0,0,None
PN00,PN00/PN00-5.edf,CALIBRATION,853,2132.5,2137.5,0.06452632695436478,0.06457846239209175,0,0,None
PN00,PN00/PN00-5.edf,CALIBRATION,854,2135.0,2140.0,0.062213096767663956,0.06441389893492062,0,0,None
PN00,PN00/PN00-5.edf,CALIBRATION,855,2137.5,2142.5,0.06650227308273315,0.0429051232834657,0,0,None
PN12,PN12/PN12-3.edf,TEST,0,0.0,5.0,0.20502085983753204,0.1340100715557734,0,0,None
PN12,PN12/PN12-3.edf,TEST,1,2.5,7.5,0.1970093548297882,0.1954997330904007,0,0,None
PN12,PN12/PN12-3.edf,TEST,2,5.0,10.0,0.18446898460388184,0.18353795011838275,0,0,None
PN12,PN12/PN12-3.edf,TEST,3,7.5,12.5,0.16913551092147827,0.16966949899991352,0,0,None
PN12,PN12/PN12-3.edf,TEST,4,10.0,15.0,0.1554040014743805,0.15538425743579865,0,0,None
PN12,PN12/PN12-3.edf,TEST,5,12.5,17.5,0.14161325991153717,0.14315506319204965,0,0,None
PN12,PN12/PN12-3.edf,TEST,6,15.0,20.0,0.13244792819023132,0.13315254946549732,0,0,None
PN12,PN12/PN12-3.edf,TEST,7,17.5,22.5,0.1253964602947235,0.12685034920771915,0,0,None
PN12,PN12/PN12-3.edf,TEST,8,20.0,25.0,0.12270665913820267,0.12048797061045964,0,0,None
PN12,PN12/PN12-3.edf,TEST,9,22.5,27.5,0.11336079239845276,0.11243304858605066,0,0,None
PN12,PN12/PN12-3.edf,TEST,10,25.0,30.0,0.10123169422149658,0.10205467790365218,0,0,None
PN12,PN12/PN12-3.edf,TEST,11,27.5,32.5,0.09157154709100723,0.09553582221269608,0,0,None
PN12,PN12/PN12-3.edf,TEST,12,30.0,35.0,0.09380422532558441,0.09309888382752736,0,0,None
PN12,PN12/PN12-3.edf,TEST,13,32.5,37.5,0.09392087906599045,0.09169483184814453,0,0,None
PN12,PN12/PN12-3.edf,TEST,14,35.0,40.0,0.08735939115285873,0.08799907813469568,0,0,None
PN12,PN12/PN12-3.edf,TEST,15,37.5,42.5,0.08271696418523788,0.08377401034037271,0,0,None
PN12,PN12/PN12-3.edf,TEST,16,40.0,45.0,0.08124567568302155,0.08045899619658788,0,0,None
PN12,PN12/PN12-3.edf,TEST,17,42.5,47.5,0.07741434872150421,0.07814858108758926,0,0,None
PN12,PN12/PN12-3.edf,TEST,18,45.0,50.0,0.07578571885824203,0.07543365408976872,0,0,None
PN12,PN12/PN12-3.edf,TEST,19,47.5,52.5,0.07310089468955994,0.072357306877772,0,0,None
PN12,PN12/PN12-3.edf,TEST,20,50.0,55.0,0.06818530708551407,0.06804491331179936,0,0,None
PN12,PN12/PN12-3.edf,TEST,21,52.5,57.5,0.0628485381603241,0.06504288812478383,0,0,None
PN12,PN12/PN12-3.edf,TEST,22,55.0,60.0,0.06409481912851334,0.06342404832442601,0,0,None
PN12,PN12/PN12-3.edf,TEST,23,57.5,62.5,0.06332878768444061,0.06184379508097966,0,0,None
PN12,PN12/PN12-3.edf,TEST,24,60.0,65.0,0.058107778429985046,0.06217786421378453,0,0,None
PN12,PN12/PN12-3.edf,TEST,25,62.5,67.5,0.06509702652692795,0.06387581676244736,0,0,None
PN12,PN12/PN12-3.edf,TEST,26,65.0,70.0,0.06842264533042908,0.06604135533173879,0,0,None
PN12,PN12/PN12-3.edf,TEST,27,67.5,72.5,0.06460439413785934,0.0823590358098348,0,0,None
PN12,PN12/PN12-3.edf,TEST,28,70.0,75.0,0.11405006796121597,0.09230156242847441,0,0,None
PN12,PN12/PN12-3.edf,TEST,29,72.5,77.5,0.09825022518634796,0.09357593456904092,0,0,None
PN12,PN12/PN12-3.edf,TEST,30,75.0,80.0,0.06842751055955887,0.0728626400232315,0,0,None
PN12,PN12/PN12-3.edf,TEST,31,77.5,82.5,0.05191018432378769,0.055839601904153824,0,0,None
PN12,PN12/PN12-3.edf,TEST,32,80.0,85.0,0.047181110829114914,0.04956569770971934,0,0,None
PN12,PN12/PN12-3.edf,TEST,33,82.5,87.5,0.04960579797625542,0.05065806955099106,0,0,None
PN12,PN12/PN12-3.edf,TEST,34,85.0,90.0,0.055187299847602844,0.05641232058405876,0,0,None
PN12,PN12/PN12-3.edf,TEST,35,87.5,92.5,0.06444386392831802,0.06441883246103922,0,0,None
PN12,PN12/PN12-3.edf,TEST,36,90.0,95.0,0.07362533360719681,0.08067215730746587,0,0,None
PN12,PN12/PN12-3.edf,TEST,37,92.5,97.5,0.10394727438688278,0.10274947683016458,0,0,None
PN12,PN12/PN12-3.edf,TEST,38,95.0,100.0,0.13067582249641418,0.1254546418786049,0,0,None
PN12,PN12/PN12-3.edf,TEST,39,97.5,102.5,0.1417408287525177,0.14110649128754932,0,0,None
PN12,PN12/PN12-3.edf,TEST,40,100.0,105.0,0.15090282261371613,0.15186501542727152,0,0,None
PN12,PN12/PN12-3.edf,TEST,41,102.5,107.5,0.16295139491558075,0.16219096382459003,0,0,None
PN12,PN12/PN12-3.edf,TEST,42,105.0,110.0,0.17271867394447327,0.1706331173578898,0,0,None
PN12,PN12/PN12-3.edf,TEST,43,107.5,112.5,0.17622928321361542,0.1747867465019226,0,0,None
PN12,PN12/PN12-3.edf,TEST,44,110.0,115.0,0.17541228234767914,0.1705164760351181,0,0,None
PN12,PN12/PN12-3.edf,TEST,45,112.5,117.5,0.15990786254405975,0.16585940619309741,0,0,None
PN12,PN12/PN12-3.edf,TEST,46,115.0,120.0,0.1622580736875534,0.16290084024270374,0,0,None
PN12,PN12/PN12-3.edf,TEST,47,117.5,122.5,0.1665365844964981,0.16589245200157166,0,0,None
PN12,PN12/PN12-3.edf,TEST,48,120.0,125.0,0.16888269782066345,0.16357755661010742,0,0,None
PN12,PN12/PN12-3.edf,TEST,49,122.5,127.5,0.1553133875131607,0.162278950214386,0,0,None
PN12,PN12/PN12-3.edf,TEST,50,125.0,130.0,0.1626407653093338,0.16061921417713165,0,0,None
PN12,PN12/PN12-3.edf,TEST,51,127.5,132.5,0.16390348970890045,0.16547591984272003,0,0,None
PN12,PN12/PN12-3.edf,TEST,52,130.0,135.0,0.16988350450992584,0.1698197325070699,0,0,None
PN12,PN12/PN12-3.edf,TEST,53,132.5,137.5,0.17567220330238342,0.17324861387411752,0,0,None
PN12,PN12/PN12-3.edf,TEST,54,135.0,140.0,0.17419013381004333,0.17438499629497528,0,0,None
PN12,PN12/PN12-3.edf,TEST,55,137.5,142.5,0.17329265177249908,0.17294941842556,0,0,None
PN12,PN12/PN12-3.edf,TEST,56,140.0,145.0,0.17136546969413757,0.1719959278901418,0,0,None
PN12,PN12/PN12-3.edf,TEST,57,142.5,147.5,0.17132966220378876,0.1620619148015976,0,0,None
PN12,PN12/PN12-3.edf,TEST,58,145.0,150.0,0.14349061250686646,0.1501593142747879,0,0,None
PN12,PN12/PN12-3.edf,TEST,59,147.5,152.5,0.1356576681137085,0.1432448923587799,0,0,None
PN12,PN12/PN12-3.edf,TEST,60,150.0,155.0,0.15058639645576477,0.1453020522991816,0,0,None
PN12,PN12/PN12-3.edf,TEST,61,152.5,157.5,0.1496620923280716,0.14191155632336933,0,0,None
PN12,PN12/PN12-3.edf,TEST,62,155.0,160.0,0.12548618018627167,0.13387707372506458,0,0,None
PN12,PN12/PN12-3.edf,TEST,63,157.5,162.5,0.12648294866085052,0.13162192702293396,0,0,None
PN12,PN12/PN12-3.edf,TEST,64,160.0,165.0,0.1428966522216797,0.13044525682926178,0,0,None
PN12,PN12/PN12-3.edf,TEST,65,162.5,167.5,0.12195616960525513,0.11722405254840851,0,0,None
PN12,PN12/PN12-3.edf,TEST,66,165.0,170.0,0.08681933581829071,0.0928737868865331,0,0,None
PN12,PN12/PN12-3.edf,TEST,67,167.5,172.5,0.06984585523605347,0.07439522196849187,0,0,None
PN12,PN12/PN12-3.edf,TEST,68,170.0,175.0,0.06652047485113144,0.06540219485759735,0,0,None
PN12,PN12/PN12-3.edf,TEST,69,172.5,177.5,0.05984025448560715,0.062400766958793,0,0,None
PN12,PN12/PN12-3.edf,TEST,70,175.0,180.0,0.06084157153964043,0.06772305195530255,0,0,None
PN12,PN12/PN12-3.edf,TEST,71,177.5,182.5,0.0824873298406601,0.08435542757312456,0,0,None
PN12,PN12/PN12-3.edf,TEST,72,180.0,185.0,0.10973738133907318,0.0912472108999888,0,0,None
PN12,PN12/PN12-3.edf,TEST,73,182.5,187.5,0.08151692152023315,0.08671951542297998,0,0,None
PN12,PN12/PN12-3.edf,TEST,74,185.0,190.0,0.06890424340963364,0.07320928325255711,0,0,None
PN12,PN12/PN12-3.edf,TEST,75,187.5,192.5,0.06920668482780457,0.07232762376467386,0,0,None
PN12,PN12/PN12-3.edf,TEST,76,190.0,195.0,0.0788719430565834,0.0809129923582077,0,0,None
PN12,PN12/PN12-3.edf,TEST,77,192.5,197.5,0.09466034919023514,0.08968846996625264,0,0,None
PN12,PN12/PN12-3.edf,TEST,78,195.0,200.0,0.09553311765193939,0.09823007384936014,0,0,None
PN12,PN12/PN12-3.edf,TEST,79,197.5,202.5,0.10449675470590591,0.10612311959266663,0,0,None
PN12,PN12/PN12-3.edf,TEST,80,200.0,205.0,0.11833948642015457,0.11881422499815622,0,0,None
PN12,PN12/PN12-3.edf,TEST,81,202.5,207.5,0.1336064338684082,0.15301894893248874,0,0,None
PN12,PN12/PN12-3.edf,TEST,82,205.0,210.0,0.2071109265089035,0.17430143058300018,0,0,None
PN12,PN12/PN12-3.edf,TEST,83,207.5,212.5,0.18218693137168884,0.17550515631834665,0,0,None
PN12,PN12/PN12-3.edf,TEST,84,210.0,215.0,0.13721761107444763,0.14019183069467545,0,0,None
PN12,PN12/PN12-3.edf,TEST,85,212.5,217.5,0.10117094963788986,0.10567453255256017,0,0,None
PN12,PN12/PN12-3.edf,TEST,86,215.0,220.0,0.07863503694534302,0.08287743479013443,0,0,None
PN12,PN12/PN12-3.edf,TEST,87,217.5,222.5,0.06882631778717041,0.07624899595975876,0,0,None
PN12,PN12/PN12-3.edf,TEST,88,220.0,225.0,0.08128563314676285,0.07247921576102574,0,0,None
PN12,PN12/PN12-3.edf,TEST,89,222.5,227.5,0.06732569634914398,0.06812556833028793,0,0,None
PN12,PN12/PN12-3.edf,TEST,90,225.0,230.0,0.05576537549495697,0.05996296306451161,0,0,None
PN12,PN12/PN12-3.edf,TEST,91,227.5,232.5,0.0567978173494339,0.054979017625252403,0,0,None
PN12,PN12/PN12-3.edf,TEST,92,230.0,235.0,0.05237386003136635,0.05211279789606729,0,0,None
PN12,PN12/PN12-3.edf,TEST,93,232.5,237.5,0.04716671630740166,0.04847690959771474,0,0,None
PN12,PN12/PN12-3.edf,TEST,94,235.0,240.0,0.04589015245437622,0.04987493405739466,0,0,None
PN12,PN12/PN12-3.edf,TEST,95,237.5,242.5,0.05656793341040611,0.05361909170945485,0,0,None
PN12,PN12/PN12-3.edf,TEST,96,240.0,245.0,0.05839918926358223,0.05728303889433543,0,0,None
PN12,PN12/PN12-3.edf,TEST,97,242.5,247.5,0.056881994009017944,0.057205989956855774,0,0,None
PN12,PN12/PN12-3.edf,TEST,98,245.0,250.0,0.05633678659796715,0.0639380949238936,0,0,None
PN12,PN12/PN12-3.edf,TEST,99,247.5,252.5,0.07859550416469574,0.0770916057129701,0,0,None
PN12,PN12/PN12-3.edf,TEST,100,250.0,255.0,0.0963425263762474,0.09520456194877625,0,0,None
PN12,PN12/PN12-3.edf,TEST,101,252.5,257.5,0.11067565530538559,0.10719751566648483,0,0,None
PN12,PN12/PN12-3.edf,TEST,102,255.0,260.0,0.1145743653178215,0.11008472243944803,0,0,None
PN12,PN12/PN12-3.edf,TEST,103,257.5,262.5,0.10500414669513702,0.10383485009272891,0,0,None
PN12,PN12/PN12-3.edf,TEST,104,260.0,265.0,0.09192603826522827,0.09331389764944711,0,0,None
PN12,PN12/PN12-3.edf,TEST,105,262.5,267.5,0.08301150798797607,0.0860506072640419,0,0,None
PN12,PN12/PN12-3.edf,TEST,106,265.0,270.0,0.08321427553892136,0.08205261578162511,0,0,None
PN12,PN12/PN12-3.edf,TEST,107,267.5,272.5,0.0799320638179779,0.07841443022092183,0,0,None
PN12,PN12/PN12-3.edf,TEST,108,270.0,275.0,0.07209695130586624,0.07670623064041138,0,0,None
PN12,PN12/PN12-3.edf,TEST,109,272.5,277.5,0.07808967679738998,0.07843411962191263,0,0,None
PN12,PN12/PN12-3.edf,TEST,110,275.0,280.0,0.08511573076248169,0.08125491191943486,0,0,None
PN12,PN12/PN12-3.edf,TEST,111,277.5,282.5,0.08055932819843292,0.08352295060952504,0,0,None
PN12,PN12/PN12-3.edf,TEST,112,280.0,285.0,0.08489379286766052,0.08871532728274663,0,0,None
PN12,PN12/PN12-3.edf,TEST,113,282.5,287.5,0.10069286078214645,0.10160783429940541,0,0,None
PN12,PN12/PN12-3.edf,TEST,114,285.0,290.0,0.11923684924840927,0.10581860442956288,0,0,None
PN12,PN12/PN12-3.edf,TEST,115,287.5,292.5,0.09752610325813293,0.09375803917646407,0,0,None
PN12,PN12/PN12-3.edf,TEST,116,290.0,295.0,0.06451116502285004,0.07405606284737587,0,0,None
PN12,PN12/PN12-3.edf,TEST,117,292.5,297.5,0.06013092026114464,0.06554153934121132,0,0,None
PN12,PN12/PN12-3.edf,TEST,118,295.0,300.0,0.07198253273963928,0.07468777522444725,0,0,None
PN12,PN12/PN12-3.edf,TEST,119,297.5,302.5,0.09194987267255783,0.09231032927831014,0,0,None
PN12,PN12/PN12-3.edf,TEST,120,300.0,305.0,0.1129985824227333,0.1130469391743342,0,0,None
PN12,PN12/PN12-3.edf,TEST,121,302.5,307.5,0.1341923624277115,0.13508384178082147,0,0,None
PN12,PN12/PN12-3.edf,TEST,122,305.0,310.0,0.15806058049201965,0.15642323593298593,0,0,None
PN12,PN12/PN12-3.edf,TEST,123,307.5,312.5,0.17701676487922668,0.17214256525039673,0,0,None
PN12,PN12/PN12-3.edf,TEST,124,310.0,315.0,0.18135035037994385,0.18143995106220245,0,0,None
PN12,PN12/PN12-3.edf,TEST,125,312.5,317.5,0.18595273792743683,0.17923252284526825,0,0,None
PN12,PN12/PN12-3.edf,TEST,126,315.0,320.0,0.17039448022842407,0.1857978453238805,0,0,None
PN12,PN12/PN12-3.edf,TEST,127,317.5,322.5,0.20104631781578064,0.1903461714585622,0,0,None
PN12,PN12/PN12-3.edf,TEST,128,320.0,325.0,0.19959771633148193,0.18563674390316007,0,0,None
PN12,PN12/PN12-3.edf,TEST,129,322.5,327.5,0.1562661975622177,0.16717650989691415,0,0,None
PN12,PN12/PN12-3.edf,TEST,130,325.0,330.0,0.14566561579704285,0.150602454940478,0,0,None
PN12,PN12/PN12-3.edf,TEST,131,327.5,332.5,0.14987555146217346,0.15291446944077808,0,0,None
PN12,PN12/PN12-3.edf,TEST,132,330.0,335.0,0.16320224106311798,0.14434250940879184,0,0,None
PN12,PN12/PN12-3.edf,TEST,133,332.5,337.5,0.11994973570108414,0.12285165737072626,0,0,None
PN12,PN12/PN12-3.edf,TEST,134,335.0,340.0,0.08540299534797668,0.09461278716723123,0,0,None
PN12,PN12/PN12-3.edf,TEST,135,337.5,342.5,0.0784856304526329,0.08188964674870172,0,0,None
PN12,PN12/PN12-3.edf,TEST,136,340.0,345.0,0.0817803144454956,0.08271525303522745,0,0,None
PN12,PN12/PN12-3.edf,TEST,137,342.5,347.5,0.08787981420755386,0.08845973511536916,0,0,None
PN12,PN12/PN12-3.edf,TEST,138,345.0,350.0,0.09571907669305801,0.09624565641085306,0,0,None
PN12,PN12/PN12-3.edf,TEST,139,347.5,352.5,0.10513807833194733,0.10591600090265274,0,0,None
PN12,PN12/PN12-3.edf,TEST,140,350.0,355.0,0.11689084768295288,0.11786936223506927,0,0,None
PN12,PN12/PN12-3.edf,TEST,141,352.5,357.5,0.13157916069030762,0.12888001402219135,0,0,None
PN12,PN12/PN12-3.edf,TEST,142,355.0,360.0,0.1381700336933136,0.14862155417601267,0,0,None
PN12,PN12/PN12-3.edf,TEST,143,357.5,362.5,0.1761154681444168,0.17628481487433115,0,0,None
PN12,PN12/PN12-3.edf,TEST,144,360.0,365.0,0.21456894278526306,0.18879228830337522,0,0,None
PN12,PN12/PN12-3.edf,TEST,145,362.5,367.5,0.17569245398044586,0.1755886822938919,0,0,None
PN12,PN12/PN12-3.edf,TEST,146,365.0,370.0,0.1365046501159668,0.14263053238391876,0,0,None
PN12,PN12/PN12-3.edf,TEST,147,367.5,372.5,0.11569449305534363,0.11833114176988602,0,0,None
PN12,PN12/PN12-3.edf,TEST,148,370.0,375.0,0.10279428213834763,0.10711394995450972,0,0,None
PN12,PN12/PN12-3.edf,TEST,149,372.5,377.5,0.10285307466983795,0.09583931664625803,0,0,None
PN12,PN12/PN12-3.edf,TEST,150,375.0,380.0,0.08187059313058853,0.08172178516785303,0,0,None
PN12,PN12/PN12-3.edf,TEST,151,377.5,382.5,0.06044168770313263,0.06424405177434285,0,0,None
PN12,PN12/PN12-3.edf,TEST,152,380.0,385.0,0.050419874489307404,0.052449202785889305,0,0,None
PN12,PN12/PN12-3.edf,TEST,153,382.5,387.5,0.04648604616522789,0.04940171415607134,0,0,None
PN12,PN12/PN12-3.edf,TEST,154,385.0,390.0,0.05129922181367874,0.05225226407249768,0,0,None
PN12,PN12/PN12-3.edf,TEST,155,387.5,392.5,0.058971524238586426,0.05995226403077443,0,0,None
PN12,PN12/PN12-3.edf,TEST,156,390.0,395.0,0.06958604604005814,0.07161021480957666,0,0,None
PN12,PN12/PN12-3.edf,TEST,157,392.5,397.5,0.08627307415008545,0.0893581360578537,0,0,None
PN12,PN12/PN12-3.edf,TEST,158,395.0,400.0,0.11221528798341751,0.10983447482188542,0,0,None
PN12,PN12/PN12-3.edf,TEST,159,397.5,402.5,0.13101506233215332,0.13446693370739618,0,0,None
PN12,PN12/PN12-3.edf,TEST,160,400.0,405.0,0.16017045080661774,0.16319021582603455,0,0,None
PN12,PN12/PN12-3.edf,TEST,161,402.5,407.5,0.19838513433933258,0.1897568702697754,0,0,None
PN12,PN12/PN12-3.edf,TEST,162,405.0,410.0,0.21071502566337585,0.1913820852835973,0,0,None
PN12,PN12/PN12-3.edf,TEST,163,407.5,412.5,0.1650460958480835,0.1638721724351247,0,0,None
PN12,PN12/PN12-3.edf,TEST,164,410.0,415.0,0.1158553957939148,0.12319196512301762,0,0,None
PN12,PN12/PN12-3.edf,TEST,165,412.5,417.5,0.0886744037270546,0.0925324261188507,0,0,None
PN12,PN12/PN12-3.edf,TEST,166,415.0,420.0,0.07306747883558273,0.07400925333301225,0,0,None
PN12,PN12/PN12-3.edf,TEST,167,417.5,422.5,0.06028587743639946,0.06256293257077535,0,0,None
PN12,PN12/PN12-3.edf,TEST,168,420.0,425.0,0.05433544144034386,0.0552271269261837,0,0,None
PN12,PN12/PN12-3.edf,TEST,169,422.5,427.5,0.051060061901807785,0.05174861351648966,0,0,None
PN12,PN12/PN12-3.edf,TEST,170,425.0,430.0,0.04985033720731735,0.05064404507478078,0,0,None
PN12,PN12/PN12-3.edf,TEST,171,427.5,432.5,0.05102173611521721,0.05109592154622077,0,0,None
PN12,PN12/PN12-3.edf,TEST,172,430.0,435.0,0.05241569131612778,0.05165435870488484,0,0,None
PN12,PN12/PN12-3.edf,TEST,173,432.5,437.5,0.051525648683309555,0.05155311400691668,0,0,None
PN12,PN12/PN12-3.edf,TEST,174,435.0,440.0,0.050718002021312714,0.051380044470230736,0,0,None
PN12,PN12/PN12-3.edf,TEST,175,437.5,442.5,0.051896482706069946,0.05137113605936368,0,0,None
PN12,PN12/PN12-3.edf,TEST,176,440.0,445.0,0.05149892345070839,0.05278564989566802,0,0,None
PN12,PN12/PN12-3.edf,TEST,177,442.5,447.5,0.054961543530225754,0.05577857544024785,0,0,None
PN12,PN12/PN12-3.edf,TEST,178,445.0,450.0,0.06087525933980942,0.07005533700188,0,0,None
PN12,PN12/PN12-3.edf,TEST,179,447.5,452.5,0.09432920813560486,0.0818357765674591,0,0,None
PN12,PN12/PN12-3.edf,TEST,180,450.0,455.0,0.09030286222696304,0.0866346185406049,0,0,None
PN12,PN12/PN12-3.edf,TEST,181,452.5,457.5,0.07527178525924683,0.09686943143606186,0,0,None
PN12,PN12/PN12-3.edf,TEST,182,455.0,460.0,0.1250336468219757,0.11253091692924498,0,0,None
PN12,PN12/PN12-3.edf,TEST,183,457.5,462.5,0.13728731870651245,0.11871170004208881,0,0,None
PN12,PN12/PN12-3.edf,TEST,184,460.0,465.0,0.09381413459777832,0.11570884535710016,0,0,None
PN12,PN12/PN12-3.edf,TEST,185,462.5,467.5,0.11602508276700974,0.1165933683514595,0,0,None
PN12,PN12/PN12-3.edf,TEST,186,465.0,470.0,0.13994088768959045,0.13130778819322586,0,0,None
PN12,PN12/PN12-3.edf,TEST,187,467.5,472.5,0.1379573941230774,0.1351766635974248,0,0,None
PN12,PN12/PN12-3.edf,TEST,188,470.0,475.0,0.12763170897960663,0.13619368771711984,0,0,None
PN12,PN12/PN12-3.edf,TEST,189,472.5,477.5,0.14299196004867554,0.14615109066168466,0,0,None
PN12,PN12/PN12-3.edf,TEST,190,475.0,480.0,0.16782960295677185,0.15112847089767456,0,0,None
PN12,PN12/PN12-3.edf,TEST,191,477.5,482.5,0.1425638496875763,0.13545500487089157,0,0,None
PN12,PN12/PN12-3.edf,TEST,192,480.0,485.0,0.09597156196832657,0.1080906018614769,0,0,None
PN12,PN12/PN12-3.edf,TEST,193,482.5,487.5,0.08573639392852783,0.10001511871814728,0,0,None
PN12,PN12/PN12-3.edf,TEST,194,485.0,490.0,0.11833740025758743,0.10979718714952469,0,0,None
PN12,PN12/PN12-3.edf,TEST,195,487.5,492.5,0.1253177672624588,0.11976575354735056,0,0,None
PN12,PN12/PN12-3.edf,TEST,196,490.0,495.0,0.11564209312200546,0.11404946198066075,0,0,None
PN12,PN12/PN12-3.edf,TEST,197,492.5,497.5,0.101188525557518,0.10052747031052907,0,0,None
PN12,PN12/PN12-3.edf,TEST,198,495.0,500.0,0.08475179225206375,0.09249756981929143,0,0,None
PN12,PN12/PN12-3.edf,TEST,199,497.5,502.5,0.09155239164829254,0.08651939779520035,0,0,None
PN12,PN12/PN12-3.edf,TEST,200,500.0,505.0,0.08325400948524475,0.08164416501919428,0,0,None
PN12,PN12/PN12-3.edf,TEST,201,502.5,507.5,0.07012609392404556,0.07328833391269048,0,0,None
PN12,PN12/PN12-3.edf,TEST,202,505.0,510.0,0.06648489832878113,0.068819855650266,0,0,None
PN12,PN12/PN12-3.edf,TEST,203,507.5,512.5,0.06984857469797134,0.06429214278856912,0,0,None
PN12,PN12/PN12-3.edf,TEST,204,510.0,515.0,0.056542955338954926,0.06028788536787033,0,0,None
PN12,PN12/PN12-3.edf,TEST,205,512.5,517.5,0.05447212606668472,0.0556772102912267,0,0,None
PN12,PN12/PN12-3.edf,TEST,206,515.0,520.0,0.056016549468040466,0.05500337978204091,0,0,None
PN12,PN12/PN12-3.edf,TEST,207,517.5,522.5,0.05452146381139755,0.05507805322607358,0,0,None
PN12,PN12/PN12-3.edf,TEST,208,520.0,525.0,0.05469614639878273,0.05384221300482749,0,0,None
PN12,PN12/PN12-3.edf,TEST,209,522.5,527.5,0.052309028804302216,0.05401027078429858,0,0,None
PN12,PN12/PN12-3.edf,TEST,210,525.0,530.0,0.05502563714981079,0.05522302786509195,0,0,None
PN12,PN12/PN12-3.edf,TEST,211,527.5,532.5,0.05833441764116287,0.055511172860860825,0,0,None
PN12,PN12/PN12-3.edf,TEST,212,530.0,535.0,0.05317346379160881,0.0554990197221438,0,0,None
PN12,PN12/PN12-3.edf,TEST,213,532.5,537.5,0.054989177733659744,0.058598722020785005,0,0,None
PN12,PN12/PN12-3.edf,TEST,214,535.0,540.0,0.06763352453708649,0.06260674570997556,0,0,None
PN12,PN12/PN12-3.edf,TEST,215,537.5,542.5,0.06519753485918045,0.06591762602329254,0,0,None
PN12,PN12/PN12-3.edf,TEST,216,540.0,545.0,0.06492181867361069,0.06959977746009827,0,0,None
PN12,PN12/PN12-3.edf,TEST,217,542.5,547.5,0.07867997884750366,0.07546904683113098,0,0,None
PN12,PN12/PN12-3.edf,TEST,218,545.0,550.0,0.0828053429722786,0.07968314985434213,0,0,None
PN12,PN12/PN12-3.edf,TEST,219,547.5,552.5,0.07756412774324417,0.07847141474485397,0,0,None
PN12,PN12/PN12-3.edf,TEST,220,550.0,555.0,0.07504477351903915,0.07391663392384847,0,0,None
PN12,PN12/PN12-3.edf,TEST,221,552.5,557.5,0.06914100050926208,0.07199979325135548,0,0,None
PN12,PN12/PN12-3.edf,TEST,222,555.0,560.0,0.07181360572576523,0.07125002145767212,0,0,None
PN12,PN12/PN12-3.edf,TEST,223,557.5,562.5,0.07279545813798904,0.0760964627067248,0,0,None
PN12,PN12/PN12-3.edf,TEST,224,560.0,565.0,0.08368032425642014,0.07974043240149815,0,0,None
PN12,PN12/PN12-3.edf,TEST,225,562.5,567.5,0.0827455148100853,0.0793028473854065,0,0,None
PN12,PN12/PN12-3.edf,TEST,226,565.0,570.0,0.07148270308971405,0.07356474051872888,0,0,None
PN12,PN12/PN12-3.edf,TEST,227,567.5,572.5,0.06646600365638733,0.06866835802793503,0,0,None
PN12,PN12/PN12-3.edf,TEST,228,570.0,575.0,0.0680563673377037,0.06648908307154973,0,0,None
PN12,PN12/PN12-3.edf,TEST,229,572.5,577.5,0.06494487822055817,0.06403826549649239,0,0,None
PN12,PN12/PN12-3.edf,TEST,230,575.0,580.0,0.059113550931215286,0.06129644562800725,0,0,None
PN12,PN12/PN12-3.edf,TEST,231,577.5,582.5,0.059830907732248306,0.06266645590464273,0,0,None
PN12,PN12/PN12-3.edf,TEST,232,580.0,585.0,0.06905490905046463,0.06796613211433092,0,0,None
PN12,PN12/PN12-3.edf,TEST,233,582.5,587.5,0.07501257956027985,0.07304410636425018,0,0,None
PN12,PN12/PN12-3.edf,TEST,234,585.0,590.0,0.07506483048200607,0.07560348759094873,0,0,None
PN12,PN12/PN12-3.edf,TEST,235,587.5,592.5,0.0767330527305603,0.07581331580877304,0,0,None
PN12,PN12/PN12-3.edf,TEST,236,590.0,595.0,0.07564206421375275,0.07785743474960327,0,0,None
PN12,PN12/PN12-3.edf,TEST,237,592.5,597.5,0.08119718730449677,0.09054158131281534,0,0,None
PN12,PN12/PN12-3.edf,TEST,238,595.0,600.0,0.11478549242019653,0.10346961269776025,0,0,None
PN12,PN12/PN12-3.edf,TEST,239,597.5,602.5,0.1144261583685875,0.10875542710224786,0,0,None
PN12,PN12/PN12-3.edf,TEST,240,600.0,605.0,0.0970546305179596,0.09903281678756076,0,0,None
PN12,PN12/PN12-3.edf,TEST,241,602.5,607.5,0.08561766147613525,0.08776612828175226,0,0,None
PN12,PN12/PN12-3.edf,TEST,242,605.0,610.0,0.08062609285116196,0.08461533983548482,0,0,None
PN12,PN12/PN12-3.edf,TEST,243,607.5,612.5,0.08760226517915726,0.0910890499750773,0,0,None
PN12,PN12/PN12-3.edf,TEST,244,610.0,615.0,0.10503879189491272,0.11772277702887853,0,0,None
PN12,PN12/PN12-3.edf,TEST,245,612.5,617.5,0.1605272740125656,0.1450715313355128,0,0,None
PN12,PN12/PN12-3.edf,TEST,246,615.0,620.0,0.16964852809906006,0.15917744735876718,0,0,None
PN12,PN12/PN12-3.edf,TEST,247,617.5,622.5,0.1473565399646759,0.15473435322443643,0,0,None
PN12,PN12/PN12-3.edf,TEST,248,620.0,625.0,0.14719799160957336,0.15072813630104065,0,0,None
PN12,PN12/PN12-3.edf,TEST,249,622.5,627.5,0.15762987732887268,0.1547832489013672,0,0,None
PN12,PN12/PN12-3.edf,TEST,250,625.0,630.0,0.15952187776565552,0.15818690756956735,0,0,None
PN12,PN12/PN12-3.edf,TEST,251,627.5,632.5,0.1574089676141739,0.1583731671174367,0,0,None
PN12,PN12/PN12-3.edf,TEST,252,630.0,635.0,0.15818865597248077,0.16157583395640054,0,0,None
PN12,PN12/PN12-3.edf,TEST,253,632.5,637.5,0.169129878282547,0.16872671743233997,0,0,None
PN12,PN12/PN12-3.edf,TEST,254,635.0,640.0,0.1788616180419922,0.17505519092082977,0,0,None
PN12,PN12/PN12-3.edf,TEST,255,637.5,642.5,0.17717407643795013,0.17819959421952564,0,0,None
PN12,PN12/PN12-3.edf,TEST,256,640.0,645.0,0.17856308817863464,0.18219641844431558,0,0,None
PN12,PN12/PN12-3.edf,TEST,257,642.5,647.5,0.190852090716362,0.21490182975927988,0,0,None
PN12,PN12/PN12-3.edf,TEST,258,645.0,650.0,0.275290310382843,0.23802971839904785,0,0,None
PN12,PN12/PN12-3.edf,TEST,259,647.5,652.5,0.24794675409793854,0.23531581461429596,0,0,None
PN12,PN12/PN12-3.edf,TEST,260,650.0,655.0,0.18271037936210632,0.18929180006186166,0,0,None
PN12,PN12/PN12-3.edf,TEST,261,652.5,657.5,0.13721826672554016,0.14470190306504566,0,0,None
PN12,PN12/PN12-3.edf,TEST,262,655.0,660.0,0.11417706310749054,0.11491692811250687,0,0,None
PN12,PN12/PN12-3.edf,TEST,263,657.5,662.5,0.0933554545044899,0.09909503410259882,0,0,None
PN12,PN12/PN12-3.edf,TEST,264,660.0,665.0,0.08975258469581604,0.1036595677336057,0,0,None
PN12,PN12/PN12-3.edf,TEST,265,662.5,667.5,0.12787066400051117,0.11277751127878824,0,0,None
PN12,PN12/PN12-3.edf,TEST,266,665.0,670.0,0.12070928514003754,0.11371367424726486,0,0,None
PN12,PN12/PN12-3.edf,TEST,267,667.5,672.5,0.09256107360124588,0.09675105909506479,0,0,None
PN12,PN12/PN12-3.edf,TEST,268,670.0,675.0,0.07698281854391098,0.08066471666097641,0,0,None
PN12,PN12/PN12-3.edf,TEST,269,672.5,677.5,0.07245025783777237,0.07555132359266281,0,0,None
PN12,PN12/PN12-3.edf,TEST,270,675.0,680.0,0.07722089439630508,0.07823108385006586,0,0,None
PN12,PN12/PN12-3.edf,TEST,271,677.5,682.5,0.08502209931612015,0.08221535633007684,0,0,None
PN12,PN12/PN12-3.edf,TEST,272,680.0,685.0,0.08440307527780533,0.08436320970455805,0,0,None
PN12,PN12/PN12-3.edf,TEST,273,682.5,687.5,0.08366445451974869,0.09322172651688257,0,0,None
PN12,PN12/PN12-3.edf,TEST,274,685.0,690.0,0.11159764975309372,0.10777829587459564,0,0,None
PN12,PN12/PN12-3.edf,TEST,275,687.5,692.5,0.12807278335094452,0.12840217103560764,0,0,None
PN12,PN12/PN12-3.edf,TEST,276,690.0,695.0,0.14553608000278473,0.14060530563195545,0,0,None
PN12,PN12/PN12-3.edf,TEST,277,692.5,697.5,0.14820705354213715,0.14575018485387164,0,0,None
PN12,PN12/PN12-3.edf,TEST,278,695.0,700.0,0.14350742101669312,0.13946453233559925,0,0,None
PN12,PN12/PN12-3.edf,TEST,279,697.5,702.5,0.12667912244796753,0.1318410187959671,0,0,None
PN12,PN12/PN12-3.edf,TEST,280,700.0,705.0,0.12533651292324066,0.12770171960194904,0,0,None
PN12,PN12/PN12-3.edf,TEST,281,702.5,707.5,0.13108952343463898,0.12856387098630268,0,0,None
PN12,PN12/PN12-3.edf,TEST,282,705.0,710.0,0.12926557660102844,0.1252973477045695,0,0,None
PN12,PN12/PN12-3.edf,TEST,283,707.5,712.5,0.11553694307804108,0.10949238141377765,0,0,None
PN12,PN12/PN12-3.edf,TEST,284,710.0,715.0,0.08367462456226349,0.09024741748968759,0,0,None
PN12,PN12/PN12-3.edf,TEST,285,712.5,717.5,0.07153068482875824,0.0772341713309288,0,0,None
PN12,PN12/PN12-3.edf,TEST,286,715.0,720.0,0.07649720460176468,0.07649273673693338,0,0,None
PN12,PN12/PN12-3.edf,TEST,287,717.5,722.5,0.08145032078027725,0.08303776631752649,0,0,None
PN12,PN12/PN12-3.edf,TEST,288,720.0,725.0,0.09116577357053757,0.093814417719841,0,0,None
PN12,PN12/PN12-3.edf,TEST,289,722.5,727.5,0.10882715880870819,0.11102672666311263,0,0,None
PN12,PN12/PN12-3.edf,TEST,290,725.0,730.0,0.13308724761009216,0.13086757063865662,0,0,None
PN12,PN12/PN12-3.edf,TEST,291,727.5,732.5,0.1506883054971695,0.14636530478795368,0,0,None
PN12,PN12/PN12-3.edf,TEST,292,730.0,735.0,0.15532036125659943,0.15046867728233337,0,0,None
PN12,PN12/PN12-3.edf,TEST,293,732.5,737.5,0.1453973650932312,0.15214296678702036,0,0,None
PN12,PN12/PN12-3.edf,TEST,294,735.0,740.0,0.15571117401123047,0.15463280181090036,0,0,None
PN12,PN12/PN12-3.edf,TEST,295,737.5,742.5,0.16278986632823944,0.16253171364466348,0,0,None
PN12,PN12/PN12-3.edf,TEST,296,740.0,745.0,0.16909410059452057,0.16784100234508514,0,0,None
PN12,PN12/PN12-3.edf,TEST,297,742.5,747.5,0.17163904011249542,0.17111870149771372,0,0,None
PN12,PN12/PN12-3.edf,TEST,298,745.0,750.0,0.17262296378612518,0.17339492340882617,0,0,None
PN12,PN12/PN12-3.edf,TEST,299,747.5,752.5,0.17592276632785797,0.1857299953699112,0,0,None
PN12,PN12/PN12-3.edf,TEST,300,750.0,755.0,0.20864425599575043,0.21893054246902466,0,0,None
PN12,PN12/PN12-3.edf,TEST,301,752.5,757.5,0.2722246050834656,0.24974134067694342,0,0,None
PN12,PN12/PN12-3.edf,TEST,302,755.0,760.0,0.2683551609516144,0.25069569051265717,0,0,None
PN12,PN12/PN12-3.edf,TEST,303,757.5,762.5,0.21150730550289154,0.21382233997186023,0,0,None
PN12,PN12/PN12-3.edf,TEST,304,760.0,765.0,0.16160455346107483,0.16425596425930658,0,0,None
PN12,PN12/PN12-3.edf,TEST,305,762.5,767.5,0.1196560338139534,0.12046843767166138,0,0,None
PN12,PN12/PN12-3.edf,TEST,306,765.0,770.0,0.0801447257399559,0.08836738516887029,0,0,None
PN12,PN12/PN12-3.edf,TEST,307,767.5,772.5,0.06530139595270157,0.07018548995256424,0,0,None
PN12,PN12/PN12-3.edf,TEST,308,770.0,775.0,0.06511034816503525,0.06790682425101598,0,1,PN12_sz03
PN12,PN12/PN12-3.edf,TEST,309,772.5,777.5,0.07330872863531113,0.08175467451413472,0,1,PN12_sz03
PN12,PN12/PN12-3.edf,TEST,310,775.0,780.0,0.1068449467420578,0.17473427702983219,0,1,PN12_sz03
PN12,PN12/PN12-3.edf,TEST,311,777.5,782.5,0.3440491557121277,0.3247966915369034,0,1,PN12_sz03
PN12,PN12/PN12-3.edf,TEST,312,780.0,785.0,0.5234959721565247,0.4838427702585856,0,1,PN12_sz03
PN12,PN12/PN12-3.edf,TEST,313,782.5,787.5,0.5839831829071045,0.5804974635442097,1,1,PN12_sz03
PN12,PN12/PN12-3.edf,TEST,314,785.0,790.0,0.6340132355690002,0.6146592497825623,1,1,PN12_sz03
PN12,PN12/PN12-3.edf,TEST,315,787.5,792.5,0.625981330871582,0.6192051966985066,1,1,PN12_sz03
PN12,PN12/PN12-3.edf,TEST,316,790.0,795.0,0.5976210236549377,0.6093194087346394,1,1,PN12_sz03
PN12,PN12/PN12-3.edf,TEST,317,792.5,797.5,0.6043558716773987,0.5986055731773376,1,1,PN12_sz03
PN12,PN12/PN12-3.edf,TEST,318,795.0,800.0,0.5938398241996765,0.5869621237119038,1,1,PN12_sz03
PN12,PN12/PN12-3.edf,TEST,319,797.5,802.5,0.5626906752586365,0.5513022740681965,1,1,PN12_sz03
PN12,PN12/PN12-3.edf,TEST,320,800.0,805.0,0.49737632274627686,0.4972944060961405,0,1,PN12_sz03
PN12,PN12/PN12-3.edf,TEST,321,802.5,807.5,0.4318162202835083,0.44448649883270264,0,1,PN12_sz03
PN12,PN12/PN12-3.edf,TEST,322,805.0,810.0,0.40426695346832275,0.4021619160970052,0,1,PN12_sz03
PN12,PN12/PN12-3.edf,TEST,323,807.5,812.5,0.37040257453918457,0.37348813811937964,0,1,PN12_sz03
PN12,PN12/PN12-3.edf,TEST,324,810.0,815.0,0.3457948863506317,0.360326478878657,0,1,PN12_sz03
PN12,PN12/PN12-3.edf,TEST,325,812.5,817.5,0.3647819757461548,0.36761489510536194,0,1,PN12_sz03
PN12,PN12/PN12-3.edf,TEST,326,815.0,820.0,0.3922678232192993,0.3844442268212636,0,1,PN12_sz03
PN12,PN12/PN12-3.edf,TEST,327,817.5,822.5,0.3962828814983368,0.3717146118481953,0,1,PN12_sz03
PN12,PN12/PN12-3.edf,TEST,328,820.0,825.0,0.3265931308269501,0.33082315325737,0,1,PN12_sz03
PN12,PN12/PN12-3.edf,TEST,329,822.5,827.5,0.2695934474468231,0.2831311722596486,0,1,PN12_sz03
PN12,PN12/PN12-3.edf,TEST,330,825.0,830.0,0.25320693850517273,0.24298134942849475,0,1,PN12_sz03
PN12,PN12/PN12-3.edf,TEST,331,827.5,832.5,0.20614366233348846,0.20286686221758524,0,1,PN12_sz03
PN12,PN12/PN12-3.edf,TEST,332,830.0,835.0,0.14924998581409454,0.159344437221686,0,1,PN12_sz03
PN12,PN12/PN12-3.edf,TEST,333,832.5,837.5,0.12263966351747513,0.1301601305603981,0,1,PN12_sz03
PN12,PN12/PN12-3.edf,TEST,334,835.0,840.0,0.11859074234962463,0.13378285616636276,0,1,PN12_sz03
PN12,PN12/PN12-3.edf,TEST,335,837.5,842.5,0.16011816263198853,0.15006735920906067,0,1,PN12_sz03
PN12,PN12/PN12-3.edf,TEST,336,840.0,845.0,0.17149317264556885,0.17100266118844348,0,1,PN12_sz03
PN12,PN12/PN12-3.edf,TEST,337,842.5,847.5,0.18139664828777313,0.19246844947338104,0,1,PN12_sz03
PN12,PN12/PN12-3.edf,TEST,338,845.0,850.0,0.22451552748680115,0.2069425086180369,0,1,PN12_sz03
PN12,PN12/PN12-3.edf,TEST,339,847.5,852.5,0.21491535007953644,0.2168798595666885,0,1,PN12_sz03
PN12,PN12/PN12-3.edf,TEST,340,850.0,855.0,0.21120870113372803,0.20661974946657816,0,1,PN12_sz03
PN12,PN12/PN12-3.edf,TEST,341,852.5,857.5,0.19373519718647003,0.20374115804831186,0,1,PN12_sz03
PN12,PN12/PN12-3.edf,TEST,342,855.0,860.0,0.20627957582473755,0.2065704862276713,0,1,PN12_sz03
PN12,PN12/PN12-3.edf,TEST,343,857.5,862.5,0.21969668567180634,0.19897469878196716,0,1,PN12_sz03
PN12,PN12/PN12-3.edf,TEST,344,860.0,865.0,0.1709478348493576,0.18182883659998575,0,1,PN12_sz03
PN12,PN12/PN12-3.edf,TEST,345,862.5,867.5,0.15484198927879333,0.16974906623363495,0,1,PN12_sz03
PN12,PN12/PN12-3.edf,TEST,346,865.0,870.0,0.1834573745727539,0.17355019350846607,0,1,PN12_sz03
PN12,PN12/PN12-3.edf,TEST,347,867.5,872.5,0.182351216673851,0.16685376067956287,0,0,None
PN12,PN12/PN12-3.edf,TEST,348,870.0,875.0,0.13475269079208374,0.1447019726037979,0,0,None
PN12,PN12/PN12-3.edf,TEST,349,872.5,877.5,0.11700201034545898,0.11901764820019403,0,0,None
PN12,PN12/PN12-3.edf,TEST,350,875.0,880.0,0.1052982434630394,0.10994130869706471,0,0,None
PN12,PN12/PN12-3.edf,TEST,351,877.5,882.5,0.10752367228269577,0.10647791624069212,0,0,None
PN12,PN12/PN12-3.edf,TEST,352,880.0,885.0,0.10661183297634125,0.10720333456993102,0,0,None
PN12,PN12/PN12-3.edf,TEST,353,882.5,887.5,0.10747449845075607,0.1068840647737185,0,0,None
PN12,PN12/PN12-3.edf,TEST,354,885.0,890.0,0.10656586289405823,0.11174801488717397,0,0,None
PN12,PN12/PN12-3.edf,TEST,355,887.5,892.5,0.12120368331670761,0.12580404927333194,0,0,None
PN12,PN12/PN12-3.edf,TEST,356,890.0,895.0,0.14964260160923004,0.14147592335939407,0,0,None
PN12,PN12/PN12-3.edf,TEST,357,892.5,897.5,0.15358148515224457,0.13674453397591907,0,0,None
PN12,PN12/PN12-3.edf,TEST,358,895.0,900.0,0.10700951516628265,0.11827016125122705,0,0,None
PN12,PN12/PN12-3.edf,TEST,359,897.5,902.5,0.09421948343515396,0.11100690811872482,0,0,None
PN12,PN12/PN12-3.edf,TEST,360,900.0,905.0,0.13179172575473785,0.11663336555163065,0,0,None
PN12,PN12/PN12-3.edf,TEST,361,902.5,907.5,0.12388888746500015,0.12237408012151718,0,0,None
PN12,PN12/PN12-3.edf,TEST,362,905.0,910.0,0.11144162714481354,0.10949511329332987,0,0,None
PN12,PN12/PN12-3.edf,TEST,363,907.5,912.5,0.09315482527017593,0.09206362813711165,0,0,None
PN12,PN12/PN12-3.edf,TEST,364,910.0,915.0,0.07159443199634552,0.07506663600603738,0,0,None
PN12,PN12/PN12-3.edf,TEST,365,912.5,917.5,0.06045065075159073,0.07004156957070032,0,0,None
PN12,PN12/PN12-3.edf,TEST,366,915.0,920.0,0.07807962596416473,0.08608871201674143,0,0,None
PN12,PN12/PN12-3.edf,TEST,367,917.5,922.5,0.11973585933446884,0.10100295891364415,0,0,None
PN12,PN12/PN12-3.edf,TEST,368,920.0,925.0,0.10519339144229889,0.10350673645734786,0,0,None
PN12,PN12/PN12-3.edf,TEST,369,922.5,927.5,0.08559095859527588,0.09626842290163039,0,0,None
PN12,PN12/PN12-3.edf,TEST,370,925.0,930.0,0.09802091866731644,0.10556933035453159,0,0,None
PN12,PN12/PN12-3.edf,TEST,371,927.5,932.5,0.1330961138010025,0.1178138479590416,0,0,None
PN12,PN12/PN12-3.edf,TEST,372,930.0,935.0,0.12232451140880585,0.12425121913353601,0,0,None
PN12,PN12/PN12-3.edf,TEST,373,932.5,937.5,0.11733303219079971,0.12446920822064081,0,0,None
PN12,PN12/PN12-3.edf,TEST,374,935.0,940.0,0.1337500810623169,0.12869859486818314,0,0,None
PN12,PN12/PN12-3.edf,TEST,375,937.5,942.5,0.1350126713514328,0.12949703882137933,0,0,None
PN12,PN12/PN12-3.edf,TEST,376,940.0,945.0,0.11972836405038834,0.1192126249273618,0,0,None
PN12,PN12/PN12-3.edf,TEST,377,942.5,947.5,0.10289683938026428,0.1036103864510854,0,0,None
PN12,PN12/PN12-3.edf,TEST,378,945.0,950.0,0.08820595592260361,0.09479621549447376,0,0,None
PN12,PN12/PN12-3.edf,TEST,379,947.5,952.5,0.09328585118055344,0.09901531785726547,0,0,None
PN12,PN12/PN12-3.edf,TEST,380,950.0,955.0,0.11555414646863937,0.109343317647775,0,0,None
PN12,PN12/PN12-3.edf,TEST,381,952.5,957.5,0.11918995529413223,0.11699724197387694,0,0,None
PN12,PN12/PN12-3.edf,TEST,382,955.0,960.0,0.11624762415885925,0.1319566840926806,0,0,None
PN12,PN12/PN12-3.edf,TEST,383,957.5,962.5,0.16043247282505035,0.1520237773656845,0,0,None
PN12,PN12/PN12-3.edf,TEST,384,960.0,965.0,0.17939123511314392,0.16204202671845752,0,0,None
PN12,PN12/PN12-3.edf,TEST,385,962.5,967.5,0.14630237221717834,0.15680141746997833,0,0,None
PN12,PN12/PN12-3.edf,TEST,386,965.0,970.0,0.14471064507961273,0.15214959780375162,0,0,None
PN12,PN12/PN12-3.edf,TEST,387,967.5,972.5,0.1654357761144638,0.15961401164531708,0,0,None
PN12,PN12/PN12-3.edf,TEST,388,970.0,975.0,0.1686956137418747,0.15882520377635956,0,0,None
PN12,PN12/PN12-3.edf,TEST,389,972.5,977.5,0.14234422147274017,0.14983635147412616,0,0,None
PN12,PN12/PN12-3.edf,TEST,390,975.0,980.0,0.13846921920776367,0.13436816136042276,0,0,None
PN12,PN12/PN12-3.edf,TEST,391,977.5,982.5,0.12229104340076447,0.1163198227683703,0,0,None
PN12,PN12/PN12-3.edf,TEST,392,980.0,985.0,0.0881992056965828,0.09649410595496494,0,0,None
PN12,PN12/PN12-3.edf,TEST,393,982.5,987.5,0.07899206876754761,0.0817995990316073,0,0,None
PN12,PN12/PN12-3.edf,TEST,394,985.0,990.0,0.07820752263069153,0.0784790019194285,0,0,None
PN12,PN12/PN12-3.edf,TEST,395,987.5,992.5,0.07823741436004639,0.08314972122510274,0,0,None
PN12,PN12/PN12-3.edf,TEST,396,990.0,995.0,0.09300422668457031,0.08788729707400003,0,0,None
PN12,PN12/PN12-3.edf,TEST,397,992.5,997.5,0.09242025017738342,0.08467878649632135,0,0,None
PN12,PN12/PN12-3.edf,TEST,398,995.0,1000.0,0.06861188262701035,0.0806269496679306,0,0,None
PN12,PN12/PN12-3.edf,TEST,399,997.5,1002.5,0.08084871619939804,0.0843986024459203,0,0,None
PN12,PN12/PN12-3.edf,TEST,400,1000.0,1005.0,0.10373520851135254,0.09605728834867477,0,0,None
PN12,PN12/PN12-3.edf,TEST,401,1002.5,1007.5,0.10358794033527374,0.10322221368551254,0,0,None
PN12,PN12/PN12-3.edf,TEST,402,1005.0,1010.0,0.10234349220991135,0.1021699731548627,0,0,None
PN12,PN12/PN12-3.edf,TEST,403,1007.5,1012.5,0.10057848691940308,0.10065165410439172,0,0,None
PN12,PN12/PN12-3.edf,TEST,404,1010.0,1015.0,0.09903298318386078,0.10078250616788864,0,0,None
PN12,PN12/PN12-3.edf,TEST,405,1012.5,1017.5,0.10273604840040207,0.1159351443250974,0,0,None
PN12,PN12/PN12-3.edf,TEST,406,1015.0,1020.0,0.14603640139102936,0.14017068594694138,0,0,None
PN12,PN12/PN12-3.edf,TEST,407,1017.5,1022.5,0.1717396080493927,0.1547040194272995,0,0,None
PN12,PN12/PN12-3.edf,TEST,408,1020.0,1025.0,0.14633604884147644,0.1412899966041247,0,0,None
PN12,PN12/PN12-3.edf,TEST,409,1022.5,1027.5,0.10579433292150497,0.11506207038958866,0,0,None
PN12,PN12/PN12-3.edf,TEST,410,1025.0,1030.0,0.0930558294057846,0.09435173372427622,0,0,None
PN12,PN12/PN12-3.edf,TEST,411,1027.5,1032.5,0.08420503884553909,0.08426765849192937,0,0,None
PN12,PN12/PN12-3.edf,TEST,412,1030.0,1035.0,0.07554210722446442,0.07800092796484628,0,0,None
PN12,PN12/PN12-3.edf,TEST,413,1032.5,1037.5,0.07425563782453537,0.0751266007622083,0,0,None
PN12,PN12/PN12-3.edf,TEST,414,1035.0,1040.0,0.07558205723762512,0.08349472781022389,0,0,None
PN12,PN12/PN12-3.edf,TEST,415,1037.5,1042.5,0.1006464883685112,0.10119238744179407,0,0,None
PN12,PN12/PN12-3.edf,TEST,416,1040.0,1045.0,0.1273486167192459,0.12038845568895339,0,0,None
PN12,PN12/PN12-3.edf,TEST,417,1042.5,1047.5,0.1331702619791031,0.12587473293145496,0,0,None
PN12,PN12/PN12-3.edf,TEST,418,1045.0,1050.0,0.11710532009601593,0.11860077331463495,0,0,None
PN12,PN12/PN12-3.edf,TEST,419,1047.5,1052.5,0.10552673786878586,0.10501468181610107,0,0,None
PN12,PN12/PN12-3.edf,TEST,420,1050.0,1055.0,0.09241198748350143,0.09334679196278253,0,0,None
PN12,PN12/PN12-3.edf,TEST,421,1052.5,1057.5,0.08210165053606033,0.0854310467839241,0,0,None
PN12,PN12/PN12-3.edf,TEST,422,1055.0,1060.0,0.08177950233221054,0.08390143513679504,0,0,None
PN12,PN12/PN12-3.edf,TEST,423,1057.5,1062.5,0.08782315254211426,0.0921392465631167,0,0,None
PN12,PN12/PN12-3.edf,TEST,424,1060.0,1065.0,0.10681508481502533,0.11269851525624591,0,0,None
PN12,PN12/PN12-3.edf,TEST,425,1062.5,1067.5,0.1434573084115982,0.12958434224128723,0,0,None
PN12,PN12/PN12-3.edf,TEST,426,1065.0,1070.0,0.13848063349723816,0.13597989082336426,0,0,None
PN12,PN12/PN12-3.edf,TEST,427,1067.5,1072.5,0.1260017305612564,0.1296372041106224,0,0,None
PN12,PN12/PN12-3.edf,TEST,428,1070.0,1075.0,0.12442924827337265,0.12755950540304184,0,0,None
PN12,PN12/PN12-3.edf,TEST,429,1072.5,1077.5,0.13224753737449646,0.1305832987030347,0,0,None
PN12,PN12/PN12-3.edf,TEST,430,1075.0,1080.0,0.13507311046123505,0.13783306876818338,0,0,None
PN12,PN12/PN12-3.edf,TEST,431,1077.5,1082.5,0.14617855846881866,0.15813692410786945,0,0,None
PN12,PN12/PN12-3.edf,TEST,432,1080.0,1085.0,0.1931591033935547,0.1868815372387568,0,0,None
PN12,PN12/PN12-3.edf,TEST,433,1082.5,1087.5,0.2213069498538971,0.21544752518335977,0,0,None
PN12,PN12/PN12-3.edf,TEST,434,1085.0,1090.0,0.23187652230262756,0.22023919224739075,0,0,None
PN12,PN12/PN12-3.edf,TEST,435,1087.5,1092.5,0.20753410458564758,0.19707722961902616,0,0,None
PN12,PN12/PN12-3.edf,TEST,436,1090.0,1095.0,0.1518210619688034,0.15683534989754358,0,0,None
PN12,PN12/PN12-3.edf,TEST,437,1092.5,1097.5,0.11115088313817978,0.1157658447821935,0,0,None
PN12,PN12/PN12-3.edf,TEST,438,1095.0,1100.0,0.08432558923959732,0.08937063564856845,0,0,None
PN12,PN12/PN12-3.edf,TEST,439,1097.5,1102.5,0.07263543456792831,0.08107108622789383,0,0,None
PN12,PN12/PN12-3.edf,TEST,440,1100.0,1105.0,0.08625223487615585,0.0861516719063123,0,0,None
PN12,PN12/PN12-3.edf,TEST,441,1102.5,1107.5,0.09956734627485275,0.09087459991375604,0,0,None
PN12,PN12/PN12-3.edf,TEST,442,1105.0,1110.0,0.08680421859025955,0.09727683166662851,0,0,None
PN12,PN12/PN12-3.edf,TEST,443,1107.5,1112.5,0.10545893013477325,0.10937976092100143,0,0,None
PN12,PN12/PN12-3.edf,TEST,444,1110.0,1115.0,0.1358761340379715,0.12515477339426676,0,0,None
PN12,PN12/PN12-3.edf,TEST,445,1112.5,1117.5,0.13412925601005554,0.1325175364812215,0,0,None
PN12,PN12/PN12-3.edf,TEST,446,1115.0,1120.0,0.1275472193956375,0.1267335588733355,0,0,None
PN12,PN12/PN12-3.edf,TEST,447,1117.5,1122.5,0.11852420121431351,0.12435390303532282,0,0,None
PN12,PN12/PN12-3.edf,TEST,448,1120.0,1125.0,0.12699028849601746,0.12972482293844223,0,0,None
PN12,PN12/PN12-3.edf,TEST,449,1122.5,1127.5,0.14365997910499573,0.1290850614507993,0,0,None
PN12,PN12/PN12-3.edf,TEST,450,1125.0,1130.0,0.11660491675138474,0.12061972419420877,0,0,None
PN12,PN12/PN12-3.edf,TEST,451,1127.5,1132.5,0.10159427672624588,0.10583884517351785,0,0,None
PN12,PN12/PN12-3.edf,TEST,452,1130.0,1135.0,0.09931734204292297,0.09771124025185902,0,0,None
PN12,PN12/PN12-3.edf,TEST,453,1132.5,1137.5,0.09222210198640823,0.09246035168568292,0,0,None
PN12,PN12/PN12-3.edf,TEST,454,1135.0,1140.0,0.08584161102771759,0.08798818538586298,0,0,None
PN12,PN12/PN12-3.edf,TEST,455,1137.5,1142.5,0.08590084314346313,0.08501392602920532,0,0,None
PN12,PN12/PN12-3.edf,TEST,456,1140.0,1145.0,0.08329932391643524,0.08209196974833806,0,0,None
PN12,PN12/PN12-3.edf,TEST,457,1142.5,1147.5,0.07707574218511581,0.08290600528319676,0,0,None
PN12,PN12/PN12-3.edf,TEST,458,1145.0,1150.0,0.08834294974803925,0.08731274803479512,0,0,None
PN12,PN12/PN12-3.edf,TEST,459,1147.5,1152.5,0.09651955217123032,0.09785365064938861,0,0,None
PN12,PN12/PN12-3.edf,TEST,460,1150.0,1155.0,0.10869845002889633,0.10781666388114293,0,0,None
PN12,PN12/PN12-3.edf,TEST,461,1152.5,1157.5,0.11823198944330215,0.12494317690531412,0,0,None
PN12,PN12/PN12-3.edf,TEST,462,1155.0,1160.0,0.1478990912437439,0.14358460158109665,0,0,None
PN12,PN12/PN12-3.edf,TEST,463,1157.5,1162.5,0.1646227240562439,0.1600328485171,0,0,None
PN12,PN12/PN12-3.edf,TEST,464,1160.0,1165.0,0.16757673025131226,0.16485863427321115,0,0,None
PN12,PN12/PN12-3.edf,TEST,465,1162.5,1167.5,0.16237644851207733,0.16311639547348022,0,0,None
PN12,PN12/PN12-3.edf,TEST,466,1165.0,1170.0,0.1593960076570511,0.1511514236529668,0,0,None
PN12,PN12/PN12-3.edf,TEST,467,1167.5,1172.5,0.13168181478977203,0.136231429874897,0,0,None
PN12,PN12/PN12-3.edf,TEST,468,1170.0,1175.0,0.11761646717786789,0.11886249730984369,0,0,None
PN12,PN12/PN12-3.edf,TEST,469,1172.5,1177.5,0.10728920996189117,0.10869452357292175,0,0,None
PN12,PN12/PN12-3.edf,TEST,470,1175.0,1180.0,0.1011778935790062,0.10171819726626077,0,0,None
PN12,PN12/PN12-3.edf,TEST,471,1177.5,1182.5,0.09668748825788498,0.09699230144421259,0,0,None
PN12,PN12/PN12-3.edf,TEST,472,1180.0,1185.0,0.09311152249574661,0.0964058885971705,0,0,None
PN12,PN12/PN12-3.edf,TEST,473,1182.5,1187.5,0.09941865503787994,0.10020003716150919,0,0,None
PN12,PN12/PN12-3.edf,TEST,474,1185.0,1190.0,0.10806993395090103,0.10937570283810297,0,0,None
PN12,PN12/PN12-3.edf,TEST,475,1187.5,1192.5,0.12063851952552795,0.11920604358116785,0,0,None
PN12,PN12/PN12-3.edf,TEST,476,1190.0,1195.0,0.12890967726707458,0.1295996904373169,0,0,None
PN12,PN12/PN12-3.edf,TEST,477,1192.5,1197.5,0.13925087451934814,0.13376465439796448,0,0,None
PN12,PN12/PN12-3.edf,TEST,478,1195.0,1200.0,0.1331334114074707,0.132631113131841,0,0,None
PN12,PN12/PN12-3.edf,TEST,479,1197.5,1202.5,0.12550905346870422,0.13417273263136545,0,0,None
PN12,PN12/PN12-3.edf,TEST,480,1200.0,1205.0,0.14387573301792145,0.16006837785243988,0,0,None
PN12,PN12/PN12-3.edf,TEST,481,1202.5,1207.5,0.21082034707069397,0.17603172361850739,0,0,None
PN12,PN12/PN12-3.edf,TEST,482,1205.0,1210.0,0.17339909076690674,0.18373768031597135,0,0,None
PN12,PN12/PN12-3.edf,TEST,483,1207.5,1212.5,0.16699360311031342,0.1612546642621358,0,0,None
PN12,PN12/PN12-3.edf,TEST,484,1210.0,1215.0,0.14337129890918732,0.14704885085423786,0,0,None
PN12,PN12/PN12-3.edf,TEST,485,1212.5,1217.5,0.1307816505432129,0.13412488003571826,0,0,None
PN12,PN12/PN12-3.edf,TEST,486,1215.0,1220.0,0.12822169065475464,0.1263400117556254,0,0,None
PN12,PN12/PN12-3.edf,TEST,487,1217.5,1222.5,0.12001669406890869,0.11109367758035658,0,0,None
PN12,PN12/PN12-3.edf,TEST,488,1220.0,1225.0,0.08504264801740646,0.09391182164351145,0,0,None
PN12,PN12/PN12-3.edf,TEST,489,1222.5,1227.5,0.07667612284421921,0.08081102619568506,0,0,None
PN12,PN12/PN12-3.edf,TEST,490,1225.0,1230.0,0.08071430772542953,0.08449731767177582,0,0,None
PN12,PN12/PN12-3.edf,TEST,491,1227.5,1232.5,0.09610152244567871,0.0909804254770279,0,0,None
PN12,PN12/PN12-3.edf,TEST,492,1230.0,1235.0,0.09612544625997543,0.08937071512142816,0,0,None
PN12,PN12/PN12-3.edf,TEST,493,1232.5,1237.5,0.07588517665863037,0.07605427876114845,0,0,None
PN12,PN12/PN12-3.edf,TEST,494,1235.0,1240.0,0.056152213364839554,0.06438986957073212,0,0,None
PN12,PN12/PN12-3.edf,TEST,495,1237.5,1242.5,0.061132218688726425,0.06085657576719919,0,0,None
PN12,PN12/PN12-3.edf,TEST,496,1240.0,1245.0,0.06528529524803162,0.062100593000650406,0,0,None
PN12,PN12/PN12-3.edf,TEST,497,1242.5,1247.5,0.059884265065193176,0.059595571209987,0,0,None
PN12,PN12/PN12-3.edf,TEST,498,1245.0,1250.0,0.05361715331673622,0.05630449205636978,0,0,None
PN12,PN12/PN12-3.edf,TEST,499,1247.5,1252.5,0.05541205778717995,0.061377632121245064,0,0,None
PN12,PN12/PN12-3.edf,TEST,500,1250.0,1255.0,0.07510368525981903,0.07318246240417162,0,0,None
PN12,PN12/PN12-3.edf,TEST,501,1252.5,1257.5,0.0890316441655159,0.0834971343477567,0,0,None
PN12,PN12/PN12-3.edf,TEST,502,1255.0,1260.0,0.08635607361793518,0.08434461057186127,0,0,None
PN12,PN12/PN12-3.edf,TEST,503,1257.5,1262.5,0.07764611393213272,0.0827719196677208,0,0,None
PN12,PN12/PN12-3.edf,TEST,504,1260.0,1265.0,0.08431357145309448,0.08658879746993382,0,0,None
PN12,PN12/PN12-3.edf,TEST,505,1262.5,1267.5,0.09780670702457428,0.10386533538500467,0,0,None
PN12,PN12/PN12-3.edf,TEST,506,1265.0,1270.0,0.12947572767734528,0.1321538637081782,0,0,None
PN12,PN12/PN12-3.edf,TEST,507,1267.5,1272.5,0.16917915642261505,0.1576002538204193,0,0,None
PN12,PN12/PN12-3.edf,TEST,508,1270.0,1275.0,0.1741458773612976,0.1715013136466344,0,0,None
PN12,PN12/PN12-3.edf,TEST,509,1272.5,1277.5,0.1711789071559906,0.16140522062778473,0,0,None
PN12,PN12/PN12-3.edf,TEST,510,1275.0,1280.0,0.13889087736606598,0.13607268780469894,0,0,None
PN12,PN12/PN12-3.edf,TEST,511,1277.5,1282.5,0.09814827889204025,0.10797793169816333,0,0,None
PN12,PN12/PN12-3.edf,TEST,512,1280.0,1285.0,0.08689463883638382,0.08981359750032425,0,0,None
PN12,PN12/PN12-3.edf,TEST,513,1282.5,1287.5,0.08439787477254868,0.08023770898580551,0,0,None
PN12,PN12/PN12-3.edf,TEST,514,1285.0,1290.0,0.06942061334848404,0.07034066319465637,0,0,None
PN12,PN12/PN12-3.edf,TEST,515,1287.5,1292.5,0.0572035014629364,0.06389320145050684,0,0,None
PN12,PN12/PN12-3.edf,TEST,516,1290.0,1295.0,0.0650554895401001,0.06620748837788899,0,0,None
PN12,PN12/PN12-3.edf,TEST,517,1292.5,1297.5,0.0763634741306305,0.0711535761753718,0,0,None
PN12,PN12/PN12-3.edf,TEST,518,1295.0,1300.0,0.07204176485538483,0.07109222561120987,0,0,None
PN12,PN12/PN12-3.edf,TEST,519,1297.5,1302.5,0.06487143784761429,0.0666979302962621,0,0,None
PN12,PN12/PN12-3.edf,TEST,520,1300.0,1305.0,0.0631805881857872,0.0650614375869433,0,0,None
PN12,PN12/PN12-3.edf,TEST,521,1302.5,1307.5,0.06713228672742844,0.06534891575574875,0,0,None
PN12,PN12/PN12-3.edf,TEST,522,1305.0,1310.0,0.06573387235403061,0.06800565868616104,0,0,None
PN12,PN12/PN12-3.edf,TEST,523,1307.5,1312.5,0.07115081697702408,0.07103260358174641,0,0,None
PN12,PN12/PN12-3.edf,TEST,524,1310.0,1315.0,0.07621312141418457,0.07011560102303822,0,0,None
PN12,PN12/PN12-3.edf,TEST,525,1312.5,1317.5,0.06298286467790604,0.06505330776174863,0,0,None
PN12,PN12/PN12-3.edf,TEST,526,1315.0,1320.0,0.05596393719315529,0.059958477814992264,0,0,None
PN12,PN12/PN12-3.edf,TEST,527,1317.5,1322.5,0.06092863157391548,0.05907563244303067,0,0,None
PN12,PN12/PN12-3.edf,TEST,528,1320.0,1325.0,0.060334328562021255,0.060069431861241654,0,0,None
PN12,PN12/PN12-3.edf,TEST,529,1322.5,1327.5,0.05894533544778824,0.060262447843949,0,0,None
PN12,PN12/PN12-3.edf,TEST,530,1325.0,1330.0,0.061507679522037506,0.06507236758867899,0,0,None
PN12,PN12/PN12-3.edf,TEST,531,1327.5,1332.5,0.07476408779621124,0.07585286597410837,0,0,None
PN12,PN12/PN12-3.edf,TEST,532,1330.0,1335.0,0.09128683060407639,0.08991653472185135,0,0,None
PN12,PN12/PN12-3.edf,TEST,533,1332.5,1337.5,0.10369868576526642,0.11621997505426405,0,0,None
PN12,PN12/PN12-3.edf,TEST,534,1335.0,1340.0,0.1536744087934494,0.1504266063372294,0,0,None
PN12,PN12/PN12-3.edf,TEST,535,1337.5,1342.5,0.1939067244529724,0.1720463583866755,0,0,None
PN12,PN12/PN12-3.edf,TEST,536,1340.0,1345.0,0.16855794191360474,0.17596736053625742,0,0,None
PN12,PN12/PN12-3.edf,TEST,537,1342.5,1347.5,0.16543741524219513,0.15596737464269,0,0,None
PN12,PN12/PN12-3.edf,TEST,538,1345.0,1350.0,0.1339067667722702,0.13425295303265253,0,0,None
PN12,PN12/PN12-3.edf,TEST,539,1347.5,1352.5,0.10341467708349228,0.10982776929934819,0,0,None
PN12,PN12/PN12-3.edf,TEST,540,1350.0,1355.0,0.0921618640422821,0.0843202012280623,0,0,None
PN12,PN12/PN12-3.edf,TEST,541,1352.5,1357.5,0.05738406255841255,0.06614164138833681,0,0,None
PN12,PN12/PN12-3.edf,TEST,542,1355.0,1360.0,0.048878997564315796,0.05448572337627411,0,0,None
PN12,PN12/PN12-3.edf,TEST,543,1357.5,1362.5,0.05719411000609398,0.05507575596372286,0,0,None
PN12,PN12/PN12-3.edf,TEST,544,1360.0,1365.0,0.05915416032075882,0.06071033701300621,0,0,None
PN12,PN12/PN12-3.edf,TEST,545,1362.5,1367.5,0.06578274071216583,0.07042814294497171,0,0,None
PN12,PN12/PN12-3.edf,TEST,546,1365.0,1370.0,0.08634752780199051,0.08588637908299764,0,0,None
PN12,PN12/PN12-3.edf,TEST,547,1367.5,1372.5,0.10552886873483658,0.10046767195065816,0,0,None
PN12,PN12/PN12-3.edf,TEST,548,1370.0,1375.0,0.1095266193151474,0.10890642801920572,0,0,None
PN12,PN12/PN12-3.edf,TEST,549,1372.5,1377.5,0.11166379600763321,0.10819275428851445,0,0,None
PN12,PN12/PN12-3.edf,TEST,550,1375.0,1380.0,0.10338784754276276,0.09986793994903564,0,0,None
PN12,PN12/PN12-3.edf,TEST,551,1377.5,1382.5,0.08455217629671097,0.08667068928480147,0,0,None
PN12,PN12/PN12-3.edf,TEST,552,1380.0,1385.0,0.07207204401493073,0.07693873097499211,0,0,None
PN12,PN12/PN12-3.edf,TEST,553,1382.5,1387.5,0.07419197261333466,0.07533859461545944,0,0,None
PN12,PN12/PN12-3.edf,TEST,554,1385.0,1390.0,0.07975176721811295,0.0812880794207255,0,0,None
PN12,PN12/PN12-3.edf,TEST,555,1387.5,1392.5,0.08992049843072891,0.0893708790342013,0,0,None
PN12,PN12/PN12-3.edf,TEST,556,1390.0,1395.0,0.09844037145376205,0.112162580092748,0,0,None
PN12,PN12/PN12-3.edf,TEST,557,1392.5,1397.5,0.14812687039375305,0.15310648828744888,0,0,None
PN12,PN12/PN12-3.edf,TEST,558,1395.0,1400.0,0.21275222301483154,0.20275106529394785,0,0,None
PN12,PN12/PN12-3.edf,TEST,559,1397.5,1402.5,0.24737410247325897,0.2326122522354126,0,0,None
PN12,PN12/PN12-3.edf,TEST,560,1400.0,1405.0,0.23771043121814728,0.22182477513949073,0,0,None
PN12,PN12/PN12-3.edf,TEST,561,1402.5,1407.5,0.18038979172706604,0.1848179499308268,0,0,None
PN12,PN12/PN12-3.edf,TEST,562,1405.0,1410.0,0.13635362684726715,0.13956311593453088,0,0,None
PN12,PN12/PN12-3.edf,TEST,563,1407.5,1412.5,0.10194592922925949,0.11200626691182454,0,0,None
PN12,PN12/PN12-3.edf,TEST,564,1410.0,1415.0,0.09771924465894699,0.10632631679375966,0,0,None
PN12,PN12/PN12-3.edf,TEST,565,1412.5,1417.5,0.11931377649307251,0.10666772971550623,0,0,None
PN12,PN12/PN12-3.edf,TEST,566,1415.0,1420.0,0.1029701679944992,0.10289499908685683,0,0,None
PN12,PN12/PN12-3.edf,TEST,567,1417.5,1422.5,0.08640105277299881,0.08893368889888127,0,0,None
PN12,PN12/PN12-3.edf,TEST,568,1420.0,1425.0,0.07742984592914581,0.08084179957707723,0,0,None
PN12,PN12/PN12-3.edf,TEST,569,1422.5,1427.5,0.07869450002908707,0.0798654779791832,0,0,None
PN12,PN12/PN12-3.edf,TEST,570,1425.0,1430.0,0.08347208797931671,0.08327683309713999,0,0,None
PN12,PN12/PN12-3.edf,TEST,571,1427.5,1432.5,0.0876639112830162,0.0877820129195849,0,0,None
PN12,PN12/PN12-3.edf,TEST,572,1430.0,1435.0,0.09221003949642181,0.09765811016162236,0,0,None
PN12,PN12/PN12-3.edf,TEST,573,1432.5,1437.5,0.11310037970542908,0.11386542022228241,0,0,None
PN12,PN12/PN12-3.edf,TEST,574,1435.0,1440.0,0.13628584146499634,0.12979461749394733,0,0,None
PN12,PN12/PN12-3.edf,TEST,575,1437.5,1442.5,0.13999763131141663,0.1357414573431015,0,0,None
PN12,PN12/PN12-3.edf,TEST,576,1440.0,1445.0,0.13094089925289154,0.13921111822128296,0,0,None
PN12,PN12/PN12-3.edf,TEST,577,1442.5,1447.5,0.1466948240995407,0.1388256698846817,0,0,None
PN12,PN12/PN12-3.edf,TEST,578,1445.0,1450.0,0.13884128630161285,0.13781348864237467,0,0,None
PN12,PN12/PN12-3.edf,TEST,579,1447.5,1452.5,0.12790435552597046,0.1338200867176056,0,0,None
PN12,PN12/PN12-3.edf,TEST,580,1450.0,1455.0,0.13471461832523346,0.13639046748479206,0,0,None
PN12,PN12/PN12-3.edf,TEST,581,1452.5,1457.5,0.1465524286031723,0.1410827785730362,0,0,None
PN12,PN12/PN12-3.edf,TEST,582,1455.0,1460.0,0.14198128879070282,0.13292979697386423,0,0,None
PN12,PN12/PN12-3.edf,TEST,583,1457.5,1462.5,0.11025567352771759,0.11055229604244232,0,0,None
PN12,PN12/PN12-3.edf,TEST,584,1460.0,1465.0,0.07941992580890656,0.08731316775083542,0,0,None
PN12,PN12/PN12-3.edf,TEST,585,1462.5,1467.5,0.07226390391588211,0.0761541798710823,0,0,None
PN12,PN12/PN12-3.edf,TEST,586,1465.0,1470.0,0.07677870988845825,0.07767783353726068,0,0,None
PN12,PN12/PN12-3.edf,TEST,587,1467.5,1472.5,0.08399088680744171,0.09039983401695886,0,0,None
PN12,PN12/PN12-3.edf,TEST,588,1470.0,1475.0,0.11042990535497665,0.12378256271282831,0,0,None
PN12,PN12/PN12-3.edf,TEST,589,1472.5,1477.5,0.1769268959760666,0.17955927302440006,0,0,None
PN12,PN12/PN12-3.edf,TEST,590,1475.0,1480.0,0.251321017742157,0.22209689517815906,0,0,None
PN12,PN12/PN12-3.edf,TEST,591,1477.5,1482.5,0.23804277181625366,0.22402194142341614,0,0,None
PN12,PN12/PN12-3.edf,TEST,592,1480.0,1485.0,0.18270203471183777,0.18807725608348846,0,0,None
PN12,PN12/PN12-3.edf,TEST,593,1482.5,1487.5,0.14348696172237396,0.1488152320186297,0,0,None
PN12,PN12/PN12-3.edf,TEST,594,1485.0,1490.0,0.1202566996216774,0.12145877877871195,0,0,None
PN12,PN12/PN12-3.edf,TEST,595,1487.5,1492.5,0.1006326749920845,0.10417376955350238,0,0,None
PN12,PN12/PN12-3.edf,TEST,596,1490.0,1495.0,0.0916319340467453,0.09414871782064438,0,0,None
PN12,PN12/PN12-3.edf,TEST,597,1492.5,1497.5,0.09018154442310333,0.09731986622015634,0,0,None
PN12,PN12/PN12-3.edf,TEST,598,1495.0,1500.0,0.11014612019062042,0.09836358577013016,0,0,None
PN12,PN12/PN12-3.edf,TEST,599,1497.5,1502.5,0.09476309269666672,0.09545172254244486,0,0,None
PN12,PN12/PN12-3.edf,TEST,600,1500.0,1505.0,0.08144595474004745,0.08557648211717606,0,0,None
PN12,PN12/PN12-3.edf,TEST,601,1502.5,1507.5,0.080520398914814,0.0795995220541954,0,0,None
PN12,PN12/PN12-3.edf,TEST,602,1505.0,1510.0,0.07683221250772476,0.0778604174653689,0,0,None
PN12,PN12/PN12-3.edf,TEST,603,1507.5,1512.5,0.07622864097356796,0.08220371355613072,0,0,None
PN12,PN12/PN12-3.edf,TEST,604,1510.0,1515.0,0.09355028718709946,0.09779434899489084,0,0,None
PN12,PN12/PN12-3.edf,TEST,605,1512.5,1517.5,0.12360411882400513,0.11870668083429337,0,0,None
PN12,PN12/PN12-3.edf,TEST,606,1515.0,1520.0,0.1389656364917755,0.12957454721132913,0,0,None
PN12,PN12/PN12-3.edf,TEST,607,1517.5,1522.5,0.1261538863182068,0.12528403600056964,0,0,None
PN12,PN12/PN12-3.edf,TEST,608,1520.0,1525.0,0.11073258519172668,0.10966999332110086,0,0,None
PN12,PN12/PN12-3.edf,TEST,609,1522.5,1527.5,0.09212350845336914,0.09480950236320496,0,0,None
PN12,PN12/PN12-3.edf,TEST,610,1525.0,1530.0,0.08157241344451904,0.08355702211459477,0,0,None
PN12,PN12/PN12-3.edf,TEST,611,1527.5,1532.5,0.07697514444589615,0.08394580582777658,0,0,None
PN12,PN12/PN12-3.edf,TEST,612,1530.0,1535.0,0.09328985959291458,0.1117560068766276,0,0,None
PN12,PN12/PN12-3.edf,TEST,613,1532.5,1537.5,0.16500301659107208,0.14553517351547876,0,0,None
PN12,PN12/PN12-3.edf,TEST,614,1535.0,1540.0,0.17831264436244965,0.1678816129763921,0,0,None
PN12,PN12/PN12-3.edf,TEST,615,1537.5,1542.5,0.1603291779756546,0.1805718143781026,0,0,None
PN12,PN12/PN12-3.edf,TEST,616,1540.0,1545.0,0.2030736207962036,0.17921998600165048,0,0,None
PN12,PN12/PN12-3.edf,TEST,617,1542.5,1547.5,0.17425715923309326,0.16664317498604456,0,0,None
PN12,PN12/PN12-3.edf,TEST,618,1545.0,1550.0,0.12259874492883682,0.13461553553740183,0,0,None
PN12,PN12/PN12-3.edf,TEST,619,1547.5,1552.5,0.10699070245027542,0.10741593688726425,0,0,None
PN12,PN12/PN12-3.edf,TEST,620,1550.0,1555.0,0.09265836328268051,0.09989870836337407,0,0,None
PN12,PN12/PN12-3.edf,TEST,621,1552.5,1557.5,0.10004705935716629,0.10561980307102203,0,0,None
PN12,PN12/PN12-3.edf,TEST,622,1555.0,1560.0,0.1241539865732193,0.11503081520398457,0,0,None
PN12,PN12/PN12-3.edf,TEST,623,1557.5,1562.5,0.12089139968156815,0.12076439956823984,0,0,None
PN12,PN12/PN12-3.edf,TEST,624,1560.0,1565.0,0.1172478124499321,0.12308858335018158,0,0,None
PN12,PN12/PN12-3.edf,TEST,625,1562.5,1567.5,0.1311265379190445,0.13144933929045993,0,0,None
PN12,PN12/PN12-3.edf,TEST,626,1565.0,1570.0,0.14597366750240326,0.13331569482882816,0,0,None
PN12,PN12/PN12-3.edf,TEST,627,1567.5,1572.5,0.12284687906503677,0.12119141221046448,0,0,None
PN12,PN12/PN12-3.edf,TEST,628,1570.0,1575.0,0.0947536900639534,0.10186137755711873,0,0,None
PN12,PN12/PN12-3.edf,TEST,629,1572.5,1577.5,0.08798356354236603,0.09214050819476445,0,0,None
PN12,PN12/PN12-3.edf,TEST,630,1575.0,1580.0,0.09368427097797394,0.08987473944822946,0,0,None
PN12,PN12/PN12-3.edf,TEST,631,1577.5,1582.5,0.08795638382434845,0.08919013539950052,0,0,None
PN12,PN12/PN12-3.edf,TEST,632,1580.0,1585.0,0.0859297513961792,0.08666635304689407,0,0,None
PN12,PN12/PN12-3.edf,TEST,633,1582.5,1587.5,0.08611292392015457,0.08938755840063095,0,0,None
PN12,PN12/PN12-3.edf,TEST,634,1585.0,1590.0,0.09611999988555908,0.09634359429279962,0,0,None
PN12,PN12/PN12-3.edf,TEST,635,1587.5,1592.5,0.10679785907268524,0.10491799563169478,0,0,None
PN12,PN12/PN12-3.edf,TEST,636,1590.0,1595.0,0.11183612793684006,0.10764118780692418,0,0,None
PN12,PN12/PN12-3.edf,TEST,637,1592.5,1597.5,0.10428957641124725,0.10726716617743173,0,0,None
PN12,PN12/PN12-3.edf,TEST,638,1595.0,1600.0,0.10567579418420792,0.11026362826426823,0,0,None
PN12,PN12/PN12-3.edf,TEST,639,1597.5,1602.5,0.12082551419734955,0.1124026079972585,0,0,None
PN12,PN12/PN12-3.edf,TEST,640,1600.0,1605.0,0.11070651561021805,0.10872867951790491,0,0,None
PN12,PN12/PN12-3.edf,TEST,641,1602.5,1607.5,0.09465400874614716,0.09317974497874576,0,0,None
PN12,PN12/PN12-3.edf,TEST,642,1605.0,1610.0,0.07417871057987213,0.0787361611922582,0,0,None
PN12,PN12/PN12-3.edf,TEST,643,1607.5,1612.5,0.06737576425075531,0.0748506709933281,0,0,None
PN12,PN12/PN12-3.edf,TEST,644,1610.0,1615.0,0.08299753814935684,0.08709652721881866,0,0,None
PN12,PN12/PN12-3.edf,TEST,645,1612.5,1617.5,0.11091627925634384,0.10414316505193709,0,0,None
PN12,PN12/PN12-3.edf,TEST,646,1615.0,1620.0,0.11851567775011063,0.10593569527069727,0,0,None
PN12,PN12/PN12-3.edf,TEST,647,1617.5,1622.5,0.08837512880563736,0.096773790816466,0,0,None
PN12,PN12/PN12-3.edf,TEST,648,1620.0,1625.0,0.08343056589365005,0.08603762338558832,0,0,None
PN12,PN12/PN12-3.edf,TEST,649,1622.5,1627.5,0.08630717545747757,0.08556598673264185,0,0,None
PN12,PN12/PN12-3.edf,TEST,650,1625.0,1630.0,0.08696021884679794,0.08662409335374832,0,0,None
PN12,PN12/PN12-3.edf,TEST,651,1627.5,1632.5,0.08660488575696945,0.0860705425341924,0,0,None
PN12,PN12/PN12-3.edf,TEST,652,1630.0,1635.0,0.08464652299880981,0.08690411845842996,0,0,None
PN12,PN12/PN12-3.edf,TEST,653,1632.5,1637.5,0.08946094661951065,0.09102065364519754,0,0,None
PN12,PN12/PN12-3.edf,TEST,654,1635.0,1640.0,0.09895449131727219,0.10035166392723718,0,0,None
PN12,PN12/PN12-3.edf,TEST,655,1637.5,1642.5,0.11263955384492874,0.121358851591746,0,0,None
PN12,PN12/PN12-3.edf,TEST,656,1640.0,1645.0,0.1524825096130371,0.14179906000693637,0,0,None
PN12,PN12/PN12-3.edf,TEST,657,1642.5,1647.5,0.16027511656284332,0.14946572482585907,0,0,None
PN12,PN12/PN12-3.edf,TEST,658,1645.0,1650.0,0.13563954830169678,0.14167604347070056,0,0,None
PN12,PN12/PN12-3.edf,TEST,659,1647.5,1652.5,0.12911346554756165,0.13304664691289264,0,0,None
PN12,PN12/PN12-3.edf,TEST,660,1650.0,1655.0,0.13438692688941956,0.12130473305781682,0,0,None
PN12,PN12/PN12-3.edf,TEST,661,1652.5,1657.5,0.10041380673646927,0.10405190785725911,0,0,None
PN12,PN12/PN12-3.edf,TEST,662,1655.0,1660.0,0.07735498994588852,0.07904412845770517,0,0,None
PN12,PN12/PN12-3.edf,TEST,663,1657.5,1662.5,0.05936358869075775,0.0619142490128676,0,0,None
PN12,PN12/PN12-3.edf,TEST,664,1660.0,1665.0,0.04902416840195656,0.05332915609081586,0,0,None
PN12,PN12/PN12-3.edf,TEST,665,1662.5,1667.5,0.051599711179733276,0.055017616599798196,0,0,None
PN12,PN12/PN12-3.edf,TEST,666,1665.0,1670.0,0.06442897021770477,0.060433998703956604,0,0,None
PN12,PN12/PN12-3.edf,TEST,667,1667.5,1672.5,0.06527331471443176,0.0640878975391388,0,0,None
PN12,PN12/PN12-3.edf,TEST,668,1670.0,1675.0,0.06256140768527985,0.06529291222492853,0,0,None
PN12,PN12/PN12-3.edf,TEST,669,1672.5,1677.5,0.068044014275074,0.0715320458014806,0,0,None
PN12,PN12/PN12-3.edf,TEST,670,1675.0,1680.0,0.08399071544408798,0.08393847942352295,0,0,None
PN12,PN12/PN12-3.edf,TEST,671,1677.5,1682.5,0.09978070855140686,0.09972941130399704,0,0,None
PN12,PN12/PN12-3.edf,TEST,672,1680.0,1685.0,0.11541680991649628,0.10428964098294576,0,0,None
PN12,PN12/PN12-3.edf,TEST,673,1682.5,1687.5,0.09767140448093414,0.09385816007852553,0,0,None
PN12,PN12/PN12-3.edf,TEST,674,1685.0,1690.0,0.06848626583814621,0.07276655485232669,0,0,None
PN12,PN12/PN12-3.edf,TEST,675,1687.5,1692.5,0.05214199423789978,0.05274876703818639,0,0,None
PN12,PN12/PN12-3.edf,TEST,676,1690.0,1695.0,0.037618041038513184,0.04104126617312431,0,0,None
PN12,PN12/PN12-3.edf,TEST,677,1692.5,1697.5,0.033363763242959976,0.03666284804542859,0,0,None
PN12,PN12/PN12-3.edf,TEST,678,1695.0,1700.0,0.03900673985481262,0.03983305891354878,0,0,None
PN12,PN12/PN12-3.edf,TEST,679,1697.5,1702.5,0.047128673642873764,0.04653129105766614,0,0,None
PN12,PN12/PN12-3.edf,TEST,680,1700.0,1705.0,0.05345845967531204,0.0525643341243267,0,0,None
PN12,PN12/PN12-3.edf,TEST,681,1702.5,1707.5,0.05710586905479431,0.060250441233317055,0,0,None
PN12,PN12/PN12-3.edf,TEST,682,1705.0,1710.0,0.07018699496984482,0.07077026615540186,0,0,None
PN12,PN12/PN12-3.edf,TEST,683,1707.5,1712.5,0.08501793444156647,0.09162239730358124,0,0,None
PN12,PN12/PN12-3.edf,TEST,684,1710.0,1715.0,0.11966226249933243,0.11320490390062332,0,0,None
PN12,PN12/PN12-3.edf,TEST,685,1712.5,1717.5,0.13493451476097107,0.12690817068020502,0,0,None
PN12,PN12/PN12-3.edf,TEST,686,1715.0,1720.0,0.12612773478031158,0.1260463794072469,0,0,None
PN12,PN12/PN12-3.edf,TEST,687,1717.5,1722.5,0.11707688868045807,0.11591612299283345,0,0,None
PN12,PN12/PN12-3.edf,TEST,688,1720.0,1725.0,0.10454374551773071,0.1132613494992256,0,0,None
PN12,PN12/PN12-3.edf,TEST,689,1722.5,1727.5,0.11816341429948807,0.11838594824075699,0,0,None
PN12,PN12/PN12-3.edf,TEST,690,1725.0,1730.0,0.13245068490505219,0.1171372483174006,0,0,None
PN12,PN12/PN12-3.edf,TEST,691,1727.5,1732.5,0.10079764574766159,0.10106820861498514,0,0,None
PN12,PN12/PN12-3.edf,TEST,692,1730.0,1735.0,0.06995629519224167,0.08617950727542241,0,0,None
PN12,PN12/PN12-3.edf,TEST,693,1732.5,1737.5,0.08778458088636398,0.07682399700085321,0,0,None
PN12,PN12/PN12-3.edf,TEST,694,1735.0,1740.0,0.07273111492395401,0.07460043827692667,0,0,None
PN12,PN12/PN12-3.edf,TEST,695,1737.5,1742.5,0.06328561902046204,0.06347416465481122,0,0,None
PN12,PN12/PN12-3.edf,TEST,696,1740.0,1745.0,0.054405760020017624,0.05464907611409822,0,0,None
PN12,PN12/PN12-3.edf,TEST,697,1742.5,1747.5,0.04625584930181503,0.05159098406632741,0,0,None
PN12,PN12/PN12-3.edf,TEST,698,1745.0,1750.0,0.05411134287714958,0.05056896060705184,0,0,None
PN12,PN12/PN12-3.edf,TEST,699,1747.5,1752.5,0.05133968964219093,0.060249000787734985,0,0,None
PN12,PN12/PN12-3.edf,TEST,700,1750.0,1755.0,0.07529596984386444,0.08424007023374239,0,0,None
PN12,PN12/PN12-3.edf,TEST,701,1752.5,1757.5,0.12608455121517181,0.11091152330239613,0,0,None
PN12,PN12/PN12-3.edf,TEST,702,1755.0,1760.0,0.13135404884815216,0.12809558709462482,0,0,None
PN12,PN12/PN12-3.edf,TEST,703,1757.5,1762.5,0.12684816122055054,0.13126622140407562,0,0,None
PN12,PN12/PN12-3.edf,TEST,704,1760.0,1765.0,0.13559645414352417,0.1376063972711563,0,0,None
PN12,PN12/PN12-3.edf,TEST,705,1762.5,1767.5,0.15037457644939423,0.1479388078053792,0,0,None
PN12,PN12/PN12-3.edf,TEST,706,1765.0,1770.0,0.1578453928232193,0.1490809420744578,0,0,None
PN12,PN12/PN12-3.edf,TEST,707,1767.5,1772.5,0.1390228569507599,0.1363074630498886,0,0,None
PN12,PN12/PN12-3.edf,TEST,708,1770.0,1775.0,0.11205413937568665,0.11816946417093277,0,0,None
PN12,PN12/PN12-3.edf,TEST,709,1772.5,1777.5,0.10343139618635178,0.10378415137529373,0,0,None
PN12,PN12/PN12-3.edf,TEST,710,1775.0,1780.0,0.09586691856384277,0.09825211763381958,0,0,None
PN12,PN12/PN12-3.edf,TEST,711,1777.5,1782.5,0.09545803815126419,0.09936076899369557,0,0,None
PN12,PN12/PN12-3.edf,TEST,712,1780.0,1785.0,0.10675735026597977,0.10504176467657088,0,0,None
PN12,PN12/PN12-3.edf,TEST,713,1782.5,1787.5,0.11290990561246872,0.1091012954711914,0,0,None
PN12,PN12/PN12-3.edf,TEST,714,1785.0,1790.0,0.10763663053512573,0.11119762559731801,0,0,None
PN12,PN12/PN12-3.edf,TEST,715,1787.5,1792.5,0.11304634064435959,0.1136859804391861,0,0,None
PN12,PN12/PN12-3.edf,TEST,716,1790.0,1795.0,0.12037497013807297,0.1168653592467308,0,0,None
PN12,PN12/PN12-3.edf,TEST,717,1792.5,1797.5,0.11717476695775986,0.11953081935644148,0,0,None
PN12,PN12/PN12-3.edf,TEST,718,1795.0,1800.0,0.12104272097349167,0.11940759420394897,0,0,None
PN12,PN12/PN12-3.edf,TEST,719,1797.5,1802.5,0.1200052946805954,0.11881684760252634,0,0,None
PN12,PN12/PN12-3.edf,TEST,720,1800.0,1805.0,0.11540252715349197,0.11428478856881459,0,0,None
PN12,PN12/PN12-3.edf,TEST,721,1802.5,1807.5,0.10744654387235641,0.11206902315219243,0,0,None
PN12,PN12/PN12-3.edf,TEST,722,1805.0,1810.0,0.11335799843072891,0.11266165971755981,0,0,None
PN12,PN12/PN12-3.edf,TEST,723,1807.5,1812.5,0.11718043684959412,0.11059903353452682,0,0,None
PN12,PN12/PN12-3.edf,TEST,724,1810.0,1815.0,0.10125866532325745,0.09840826690196991,0,0,None
PN12,PN12/PN12-3.edf,TEST,725,1812.5,1817.5,0.07678569853305817,0.08434246728817621,0,0,None
PN12,PN12/PN12-3.edf,TEST,726,1815.0,1820.0,0.07498303800821304,0.08342156062523523,0,0,None
PN12,PN12/PN12-3.edf,TEST,727,1817.5,1822.5,0.09849594533443451,0.09104615449905396,0,0,None
PN12,PN12/PN12-3.edf,TEST,728,1820.0,1825.0,0.09965948015451431,0.10326966643333435,0,0,None
PN12,PN12/PN12-3.edf,TEST,729,1822.5,1827.5,0.11165357381105423,0.11581156154473622,0,0,None
PN12,PN12/PN12-3.edf,TEST,730,1825.0,1830.0,0.13612163066864014,0.12289309253295262,0,0,None
PN12,PN12/PN12-3.edf,TEST,731,1827.5,1832.5,0.12090407311916351,0.1198158636689186,0,0,None
PN12,PN12/PN12-3.edf,TEST,732,1830.0,1835.0,0.10242188721895218,0.10724145174026488,0,0,None
PN12,PN12/PN12-3.edf,TEST,733,1832.5,1837.5,0.09839839488267899,0.10520863533020018,0,0,None
PN12,PN12/PN12-3.edf,TEST,734,1835.0,1840.0,0.11480562388896942,0.11808532724777857,0,0,None
PN12,PN12/PN12-3.edf,TEST,735,1837.5,1842.5,0.14105196297168732,0.13589678208033243,0,0,None
PN12,PN12/PN12-3.edf,TEST,736,1840.0,1845.0,0.15183275938034058,0.14559297263622284,0,0,None
PN12,PN12/PN12-3.edf,TEST,737,1842.5,1847.5,0.14389419555664062,0.14515882233778635,0,0,None
PN12,PN12/PN12-3.edf,TEST,738,1845.0,1850.0,0.13974951207637787,0.14144301414489746,0,0,None
PN12,PN12/PN12-3.edf,TEST,739,1847.5,1852.5,0.1406853348016739,0.14050805568695068,0,0,None
PN12,PN12/PN12-3.edf,TEST,740,1850.0,1855.0,0.1410893201828003,0.13642943402131397,0,0,None
PN12,PN12/PN12-3.edf,TEST,741,1852.5,1857.5,0.12751364707946777,0.12537456800540286,0,0,None
PN12,PN12/PN12-3.edf,TEST,742,1855.0,1860.0,0.10752073675394058,0.10894086956977843,0,0,None
PN12,PN12/PN12-3.edf,TEST,743,1857.5,1862.5,0.09178822487592697,0.09710836162169774,0,0,None
PN12,PN12/PN12-3.edf,TEST,744,1860.0,1865.0,0.09201612323522568,0.10483441253503163,0,0,None
PN12,PN12/PN12-3.edf,TEST,745,1862.5,1867.5,0.13069888949394226,0.12306101371844609,0,0,None
PN12,PN12/PN12-3.edf,TEST,746,1865.0,1870.0,0.14646802842617035,0.13819289207458496,0,0,None
PN12,PN12/PN12-3.edf,TEST,747,1867.5,1872.5,0.13741175830364227,0.13626605023940402,0,0,None
PN12,PN12/PN12-3.edf,TEST,748,1870.0,1875.0,0.1249183639883995,0.12426920483509699,0,0,None
PN12,PN12/PN12-3.edf,TEST,749,1872.5,1877.5,0.1104774922132492,0.11125426739454268,0,0,None
PN12,PN12/PN12-3.edf,TEST,750,1875.0,1880.0,0.09836694598197937,0.095724252363046,0,0,None
PN12,PN12/PN12-3.edf,TEST,751,1877.5,1882.5,0.07832831889390945,0.08013365666071573,0,0,None
PN12,PN12/PN12-3.edf,TEST,752,1880.0,1885.0,0.06370570510625839,0.06842859089374542,0,0,None
PN12,PN12/PN12-3.edf,TEST,753,1882.5,1887.5,0.06325174868106842,0.06469852228959401,0,0,None
PN12,PN12/PN12-3.edf,TEST,754,1885.0,1890.0,0.06713811308145523,0.0636830429236094,0,0,None
PN12,PN12/PN12-3.edf,TEST,755,1887.5,1892.5,0.060659267008304596,0.06227177754044533,0,0,None
PN12,PN12/PN12-3.edf,TEST,756,1890.0,1895.0,0.05901795253157616,0.05885033557812372,0,0,None
PN12,PN12/PN12-3.edf,TEST,757,1892.5,1897.5,0.05687378719449043,0.0570614772538344,0,0,None
PN12,PN12/PN12-3.edf,TEST,758,1895.0,1900.0,0.05529269203543663,0.057018715888261795,0,0,None
PN12,PN12/PN12-3.edf,TEST,759,1897.5,1902.5,0.05888966843485832,0.05927514533201853,0,0,None
PN12,PN12/PN12-3.edf,TEST,760,1900.0,1905.0,0.06364307552576065,0.062441779921452195,0,0,None
PN12,PN12/PN12-3.edf,TEST,761,1902.5,1907.5,0.06479259580373764,0.06389284630616505,0,0,None
PN12,PN12/PN12-3.edf,TEST,762,1905.0,1910.0,0.06324286758899689,0.06328306968013445,0,0,None
PN12,PN12/PN12-3.edf,TEST,763,1907.5,1912.5,0.06181374564766884,0.06222821896274884,0,0,None
PN12,PN12/PN12-3.edf,TEST,764,1910.0,1915.0,0.06162804365158081,0.06282990053296089,0,0,None
PN12,PN12/PN12-3.edf,TEST,765,1912.5,1917.5,0.06504791229963303,0.06221011281013489,0,0,None
PN12,PN12/PN12-3.edf,TEST,766,1915.0,1920.0,0.059954382479190826,0.06168196598688761,0,0,None
PN12,PN12/PN12-3.edf,TEST,767,1917.5,1922.5,0.06004360318183899,0.061177278558413185,0,0,None
PN12,PN12/PN12-3.edf,TEST,768,1920.0,1925.0,0.06353385001420975,0.06506173809369405,0,0,None
PN12,PN12/PN12-3.edf,TEST,769,1922.5,1927.5,0.07160776108503342,0.06788044422864914,0,0,None
PN12,PN12/PN12-3.edf,TEST,770,1925.0,1930.0,0.06849972158670425,0.06932726750771204,0,0,None
PN12,PN12/PN12-3.edf,TEST,771,1927.5,1932.5,0.06787431985139847,0.06716546912988026,0,0,None
PN12,PN12/PN12-3.edf,TEST,772,1930.0,1935.0,0.06512236595153809,0.0652492567896843,0,0,None
PN12,PN12/PN12-3.edf,TEST,773,1932.5,1937.5,0.06275108456611633,0.06874389946460724,0,0,None
PN12,PN12/PN12-3.edf,TEST,774,1935.0,1940.0,0.0783582478761673,0.07552955051263173,0,0,None
PN12,PN12/PN12-3.edf,TEST,775,1937.5,1942.5,0.08547931909561157,0.08990600208441415,0,0,None
PN12,PN12/PN12-3.edf,TEST,776,1940.0,1945.0,0.10588043928146362,0.09531141569217046,0,0,None
PN12,PN12/PN12-3.edf,TEST,777,1942.5,1947.5,0.09457448869943619,0.09371178845564523,0,0,None
PN12,PN12/PN12-3.edf,TEST,778,1945.0,1950.0,0.08068043738603592,0.08075673133134842,0,0,None
PN12,PN12/PN12-3.edf,TEST,779,1947.5,1952.5,0.06701526790857315,0.06937147428592046,0,0,None
PN12,PN12/PN12-3.edf,TEST,780,1950.0,1955.0,0.06041871756315231,0.06266411021351814,0,0,None
PN12,PN12/PN12-3.edf,TEST,781,1952.5,1957.5,0.060558345168828964,0.06275102868676186,0,0,None
PN12,PN12/PN12-3.edf,TEST,782,1955.0,1960.0,0.06727602332830429,0.06732327118515968,0,0,None
PN12,PN12/PN12-3.edf,TEST,783,1957.5,1962.5,0.0741354450583458,0.07030382007360458,0,0,None
PN12,PN12/PN12-3.edf,TEST,784,1960.0,1965.0,0.06949999183416367,0.0690308188398679,0,0,None
PN12,PN12/PN12-3.edf,TEST,785,1962.5,1967.5,0.06345701962709427,0.0660168503721555,0,0,None
PN12,PN12/PN12-3.edf,TEST,786,1965.0,1970.0,0.06509353965520859,0.0715415154894193,0,0,None
PN12,PN12/PN12-3.edf,TEST,787,1967.5,1972.5,0.08607398718595505,0.08291242768367131,0,0,None
PN12,PN12/PN12-3.edf,TEST,788,1970.0,1975.0,0.09756975620985031,0.09153042485316594,0,0,None
PN12,PN12/PN12-3.edf,TEST,789,1972.5,1977.5,0.09094753116369247,0.08958355337381363,0,0,None
PN12,PN12/PN12-3.edf,TEST,790,1975.0,1980.0,0.0802333727478981,0.08542955170075098,0,0,None
PN12,PN12/PN12-3.edf,TEST,791,1977.5,1982.5,0.08510775119066238,0.08924570679664612,0,0,None
PN12,PN12/PN12-3.edf,TEST,792,1980.0,1985.0,0.10239599645137787,0.09561065584421158,0,0,None
PN12,PN12/PN12-3.edf,TEST,793,1982.5,1987.5,0.09932821989059448,0.06724140544732411,0,0,None
